# checkpoint tensors read to make these goldens: name, stored dtype, shape, sha256 of raw bytes
lm_head.weight	bfloat16	154880,4096	aa21c427970f64edd82669db3a8fb46613084e8bc271a3728784a52eb3f25ab4
model.language_model.embed_tokens.weight	bfloat16	154880,4096	4f7aecd51589ce7879d0ae48a5a1ed25750e4e94d2abe2d14c9526e5ce5641d6
model.language_model.layers.0.hc_attn_base	float32	24	a2b04183e857d67954da49658f141f9d7546487ce0da3a86ea10292398c157d8
model.language_model.layers.0.hc_attn_fn	bfloat16	24,16384	ced298d9ac5f1d3ff25507129c35335cffb45fae14197df6ec2be4cf647b0301
model.language_model.layers.0.hc_attn_scale	float32	3	d098b90c82c458eaac09c2bd3a167234056ba9c83f0fa219ecfa337dcd22c79d
model.language_model.layers.0.hc_ffn_base	float32	24	40776827910d6aba05204588d22523080d8c494b5383e076033af62b7e23b67d
model.language_model.layers.0.hc_ffn_fn	bfloat16	24,16384	a4a782a14db0b2442e3da8ec62f9ecc52860d7e3cc1fa60564b23138550bbb0c
model.language_model.layers.0.hc_ffn_scale	float32	3	0a3ae64d1efb29172aa8b4b45afe354a34393a3a880fee2f7306a13d94633daf
model.language_model.layers.0.input_layernorm.weight	bfloat16	4096	4e86992f0994cbcd9db0d99b4da227d018b78f92fd50e7837bc9c2031b693bbc
model.language_model.layers.0.mlp.down_proj.weight	float8_e4m3fn	4096,12288	10347315956967d990b4365300a7855895817aa18995b9b734e83be1e10684d1
model.language_model.layers.0.mlp.down_proj.weight_scale_inv	float32	32,96	6a0af98911d81edd4f8b87fe19fc8359a30f0e3305c9fc28d611feb6a0cd787a
model.language_model.layers.0.mlp.gate_proj.weight	float8_e4m3fn	12288,4096	d4aaea77a6cdda92f95388ea16645ca1c981ac2557ab9e5be697301a09dea8a8
model.language_model.layers.0.mlp.gate_proj.weight_scale_inv	float32	96,32	122155ca6eb1f0ce3103b3800d28049164bdca8623b863952463bb42c23ab23a
model.language_model.layers.0.mlp.up_proj.weight	float8_e4m3fn	12288,4096	02829400344b0ac841137a45e1e6e048828d977c116227befc324c53a100d544
model.language_model.layers.0.mlp.up_proj.weight_scale_inv	float32	96,32	396893315b73e2f4273e3f87a6eab22cd301d48f1bf4d4765b6faa34d92d1dbe
model.language_model.layers.0.post_attention_layernorm.weight	bfloat16	4096	f96c5fe3729dde0d936259749a27144ba137dcc6d6f56bc2e72b0b5702cc0db0
model.language_model.layers.0.self_attn.A_log	float32	64	07f6daa6804ea4747f3e0e5804b6aead1d1161aaab22d44a58e37beb6bbcb797
model.language_model.layers.0.self_attn.b_proj.weight	bfloat16	64,4096	70839d19b1443bbb87dbcd6b067137505306bd58060b82bf4e17f430c4b90320
model.language_model.layers.0.self_attn.dt_bias	float32	8192	6acb4588a9ec1c2f8e936c4b003860adbdc09aebf9f015114f4f9888473ddb64
model.language_model.layers.0.self_attn.f_a_proj.weight	bfloat16	128,4096	c6e74274834dbee17fab44cd6e860bad62ea5cd6234d25f1a7dad09bfe30c52c
model.language_model.layers.0.self_attn.f_b_proj.weight	bfloat16	8192,128	b6203a3b332479c8579403d766019f17d1438883dceaee39ebe3e0cfd7e971a5
model.language_model.layers.0.self_attn.g_a_proj.weight	bfloat16	128,4096	3ff5bafd3dfdc893becb3fd07a111582e62cc49e6b317e496b90cdfc4cfe5128
model.language_model.layers.0.self_attn.g_b_proj.weight	bfloat16	8192,128	098ca2d431e84e8c43cec05a217b90d2c38069578707a95517daf93a61abbe82
model.language_model.layers.0.self_attn.k_conv1d.weight	bfloat16	8192,1,4	81a666b5a7f4a6211101de40cab8dd69841d967143e0426fa7fcd1d092a4f528
model.language_model.layers.0.self_attn.k_proj.weight	bfloat16	8192,4096	3bfdbdb581e82262e4bd36aa43210a732c8a3a7f41dd158e9f08f734c16bf24b
model.language_model.layers.0.self_attn.o_norm.weight	bfloat16	128	5827105a7348f193adb1a267f88f5451488b97a34fe9663e350c1f2585c9ded0
model.language_model.layers.0.self_attn.o_proj.weight	bfloat16	4096,8192	018adeb7102271e47448602d650b571aac03ab17641e26dbcdecd14a8fc86a8c
model.language_model.layers.0.self_attn.q_conv1d.weight	bfloat16	8192,1,4	714fbd54ce53f7ef926b4c26bb67b22bee38758862625a46f4af0db05f9f4381
model.language_model.layers.0.self_attn.q_proj.weight	bfloat16	8192,4096	62ed60e7f0740168f300a6fe01f0dd7b69c912adbdfc147044d7a1a2886e0408
model.language_model.layers.0.self_attn.v_conv1d.weight	bfloat16	8192,1,4	c3d2ce7063c7bfddc66bbcd4707ab0e1884f5c48a863534f8ebd10fa6496746c
model.language_model.layers.0.self_attn.v_proj.weight	bfloat16	8192,4096	4acd00990461eea5e0eeed908c0d30ca18ff78965ba1bfd3f150c6952257bf38
model.language_model.layers.1.hc_attn_base	float32	24	4669b95094f93a7f4435d82154b1c8c96ada82be95e27ade2b3f6e9ac81b6c03
model.language_model.layers.1.hc_attn_fn	bfloat16	24,16384	4c2f51129c57d4535fd6c844180d4f866a2c5fef188cec325644f645b75f89e3
model.language_model.layers.1.hc_attn_scale	float32	3	f2328d29c65b869d1bd7db02162da82e3877149038557c9df49c83c0c484d310
model.language_model.layers.1.hc_ffn_base	float32	24	54945306159a4b3f14bd77a12c707e9c5e7205fc103833093eca4cefc4fafc3d
model.language_model.layers.1.hc_ffn_fn	bfloat16	24,16384	57a77af9e736c3df696f743c63fccdaf794cb5d1d98e1a42b91f097b4ba070bd
model.language_model.layers.1.hc_ffn_scale	float32	3	77e46caf5bedf9772a14b5b34ab9bf3567f94bd87db8ae9c395c2356bb22edb0
model.language_model.layers.1.input_layernorm.weight	bfloat16	4096	cc8706df58de218dedef4994050ced073f75c154293adbadf2f8a42aaca54e41
model.language_model.layers.1.mlp.down_proj.weight	float8_e4m3fn	4096,12288	0d1a918951eca97f9141f5a7f167c0b1abc15b2fd33950c5f9c35a64f0599d92
model.language_model.layers.1.mlp.down_proj.weight_scale_inv	float32	32,96	fbb8b8245e9bbea359a6a2e993ba91ada6de32a898d1651387be2d08f0d41f18
model.language_model.layers.1.mlp.gate_proj.weight	float8_e4m3fn	12288,4096	13eaed536368a2853c5f44b0d0b3010ae9d7d9233707c93c179d60f83193cdc9
model.language_model.layers.1.mlp.gate_proj.weight_scale_inv	float32	96,32	d24bf13d175991fa48c479075fed7db08c1ed503c4552b8b9275c2fe8026a3c0
model.language_model.layers.1.mlp.up_proj.weight	float8_e4m3fn	12288,4096	172508a4508150d0f49b5104f5a00fbc0188f80168fae522b6c32712bbd8d256
model.language_model.layers.1.mlp.up_proj.weight_scale_inv	float32	96,32	d23a1f800a007dcd79ae0d88780eaeb4ca3ccd9d6ffcafef0bb183c636da43cd
model.language_model.layers.1.post_attention_layernorm.weight	bfloat16	4096	e14ed86c8b0690a47e0cf4ac49a2459a40e7c81557cf4f3113efeb0a72c5a756
model.language_model.layers.1.self_attn.A_log	float32	64	3cfacf47c7a52b7aff7b3aeb691c0b7b5ddc92ff901078c42f05d33fad6808cc
model.language_model.layers.1.self_attn.b_proj.weight	bfloat16	64,4096	235e1831c14f57a0a8bc56524b1f19044a2be4f81da37901c5931f4109a4f0ae
model.language_model.layers.1.self_attn.dt_bias	float32	8192	b1b700827a36defeacd55baa2a8fa2331665e86ad4408d690575c4c2a4ac52d9
model.language_model.layers.1.self_attn.f_a_proj.weight	bfloat16	128,4096	12f57eea45ccd4a95a8ea5076ea1e9d672c8eede28a689cd67e287f4d71c3766
model.language_model.layers.1.self_attn.f_b_proj.weight	bfloat16	8192,128	5b611a3b53fadb6a0df6bd1eb777896c8735f82d604980555203b86bd735fbd8
model.language_model.layers.1.self_attn.g_a_proj.weight	bfloat16	128,4096	1d4bcadb534a61f6aa66254a991046ee5ffec3a329b310b695286f21fdbe1501
model.language_model.layers.1.self_attn.g_b_proj.weight	bfloat16	8192,128	88260ce4ebb8c9834bcbf3e6bb7b3773a5afb12c29eea022ac89d486c7e6dbb7
model.language_model.layers.1.self_attn.k_conv1d.weight	bfloat16	8192,1,4	68a626368425046265883963e835318db113807b74e72d6fa514dbe8500b9a9a
model.language_model.layers.1.self_attn.k_proj.weight	bfloat16	8192,4096	0fc20b32b9e253698b4aeddea0d9c56af0388e766ee0d07ec43690ddc51e6523
model.language_model.layers.1.self_attn.o_norm.weight	bfloat16	128	dcbc652adea58a35437601fc8fdb93bfb7947ea303dd4c3dbd7a41b40bb1d423
model.language_model.layers.1.self_attn.o_proj.weight	bfloat16	4096,8192	e47ea265225057f2a470f65771b9320b303cba76d19e1cfd4054afe068f4dfee
model.language_model.layers.1.self_attn.q_conv1d.weight	bfloat16	8192,1,4	dcaa893c0923490cf19a4fd5480d76e4682661651e317506470b95b778cb6cf7
model.language_model.layers.1.self_attn.q_proj.weight	bfloat16	8192,4096	26da4a8ed6d5d89320ff4c5850013c2b0aa9b0117a603212cd5a14403c371e79
model.language_model.layers.1.self_attn.v_conv1d.weight	bfloat16	8192,1,4	37def3a10e24d3000c0c10499f655aa4ca9c6132c035df1837a0ff233ae45879
model.language_model.layers.1.self_attn.v_proj.weight	bfloat16	8192,4096	bf677ee66fb3ba06ab30e224808087a33a5b88a83f8a5f167c6bd08b6e8b90d2
model.language_model.layers.2.hc_attn_base	float32	24	9936167ddf2e918d5ddc5921408a2779d9a2c6575e8910f15f0bfb1853650caa
model.language_model.layers.2.hc_attn_fn	bfloat16	24,16384	6b61d24258d8740a205217b375ba192ed6b730b65121a7c9ebcab648102c096d
model.language_model.layers.2.hc_attn_scale	float32	3	529f923117e5e4b963abda65fcc7da4b2a11a915c86df6cb29122cd83d5c75b1
model.language_model.layers.2.hc_ffn_base	float32	24	ac450d9f81eead6f072832233cb471e3814bef5c81918dc154b5c5fe940175ee
model.language_model.layers.2.hc_ffn_fn	bfloat16	24,16384	741f3aa881d6f1faa38f14ab4584f5b91e7f9d708a43986ddf2b3dd286450e11
model.language_model.layers.2.hc_ffn_scale	float32	3	291c2710bc9c8a9c47ecd5f1d73c10092d821fe9d65d54fedf667b3ab6af853c
model.language_model.layers.2.input_layernorm.weight	bfloat16	4096	50ecc9e704b25262d2cad9aa794efbaf4526ca0fbee9e391bf78eff53bf81bf2
model.language_model.layers.2.mlp.down_proj.weight	float8_e4m3fn	4096,12288	db9e06aa05a6570020a05be9b89c2f23297dd0838e98517076522a14f0bae634
model.language_model.layers.2.mlp.down_proj.weight_scale_inv	float32	32,96	60196a71bce217f50cb10c2e94aded53e53db35115c0e54b94bb58d66f3e47c4
model.language_model.layers.2.mlp.gate_proj.weight	float8_e4m3fn	12288,4096	e204d7eb3cb4dce0c0f20f21eeb737a14cb390eaa48a26ba7dd73b9ab20ea773
model.language_model.layers.2.mlp.gate_proj.weight_scale_inv	float32	96,32	a518a22575c2c53b4d6913e02264249daebd4df9cc6234131c864e41b0a60428
model.language_model.layers.2.mlp.up_proj.weight	float8_e4m3fn	12288,4096	76acf3a62daa0b7ca5a8b5692bbe64b1414534e35fada80720ed01d367e91933
model.language_model.layers.2.mlp.up_proj.weight_scale_inv	float32	96,32	a4af0b2eac393b7a8cd3351c343168bbf01a6862dcd2f54213c454dd9ae11543
model.language_model.layers.2.post_attention_layernorm.weight	bfloat16	4096	3d82e953cba86e0d1aa78ab4e9def655fb0dcc77c48341c74058ddd550ae7c50
model.language_model.layers.2.self_attn.A_log	float32	64	68ba2d457861512cfb902ef1fe338e638f3c098462b01283cb02984fbf0ec54d
model.language_model.layers.2.self_attn.b_proj.weight	bfloat16	64,4096	006f91d679d83c839ac20a1041c7c360d1ece65b7f924615848acf0f435cf28c
model.language_model.layers.2.self_attn.dt_bias	float32	8192	d82a05916ef1b71ddd9032df4ef5bcf6e0d5dad8c9398ad03e1ba7c7c21afa6c
model.language_model.layers.2.self_attn.f_a_proj.weight	bfloat16	128,4096	913091b2085650ab57460d85f851366843407bcf21d819db67cd58ef7e10013b
model.language_model.layers.2.self_attn.f_b_proj.weight	bfloat16	8192,128	948ea35ade074982c58b6661cc2abf09534d23f021ff08254ce2b1a7b67c5599
model.language_model.layers.2.self_attn.g_a_proj.weight	bfloat16	128,4096	189964a155828d63ed4635ebe2ae09e2cf4597fafab055ad4640b84f4c6eff9b
model.language_model.layers.2.self_attn.g_b_proj.weight	bfloat16	8192,128	8d3abfc3557642bf02c2fbbe59dc6704776ef4795495dd8fa4133c8507a29196
model.language_model.layers.2.self_attn.k_conv1d.weight	bfloat16	8192,1,4	5cfca0423a600869824ed6d1e9edf7b3fb2a0fecc628522c49d62e3c1ab885ec
model.language_model.layers.2.self_attn.k_proj.weight	bfloat16	8192,4096	90f460dd1bbfdb757d2ba63bcf513ea6f8a73b1849f8381d0f21753b082319c5
model.language_model.layers.2.self_attn.o_norm.weight	bfloat16	128	5f177a1f8a77811c23463d0363f39522f7d4822f2f24f7bc96fe94157ded51fe
model.language_model.layers.2.self_attn.o_proj.weight	bfloat16	4096,8192	ce1cf40001aed3e4cb5bcd13a8c5c46f61b1ad8661b6378ac19c893e49f32f60
model.language_model.layers.2.self_attn.q_conv1d.weight	bfloat16	8192,1,4	b62599ef89a11992b1bfe0a3622d7a58e29a6525b8a271cba6c7bcb5963368d8
model.language_model.layers.2.self_attn.q_proj.weight	bfloat16	8192,4096	7e0ab2bc2a4532d88a39acec847a938e7702ee93117a2269418970141be0c7c7
model.language_model.layers.2.self_attn.v_conv1d.weight	bfloat16	8192,1,4	318e4326ec4fb33550aaabd6eb73472a810efc514bdbf6b4e86a53ec8caf1f23
model.language_model.layers.2.self_attn.v_proj.weight	bfloat16	8192,4096	b16c3a06256c8576887bb5bf0b8f3fce5168a35d32ca24fd9904b8ddd7c48812
model.language_model.layers.3.hc_attn_base	float32	24	775d243f92bd0ca5516748122013c7c5cfbe0323b91874aa9052880d1b5933be
model.language_model.layers.3.hc_attn_fn	bfloat16	24,16384	18104e8685aa5bb51446f68421aa11c71762a0e8fa02ca1eb4af5451ed2d8565
model.language_model.layers.3.hc_attn_scale	float32	3	de8b1f82c4ae59da41f3fa7e2896429dcffcec7342475f6afa3cbaab9b0a7ade
model.language_model.layers.3.hc_ffn_base	float32	24	554da2477299387cf0c4fbb6bd38ad1de29799fcd6eaa2341ab080d595d6f114
model.language_model.layers.3.hc_ffn_fn	bfloat16	24,16384	07104a03617ce1ac4080c635eefe90b4c695c5542f46d58140f5f84ae734712d
model.language_model.layers.3.hc_ffn_scale	float32	3	20d4ff68a6bdc73b28a191aaa9765b1b037907ef1090d0f37148a7ac0f874dcb
model.language_model.layers.3.input_layernorm.weight	bfloat16	4096	fec4f47dfee97ff539a2978a3533a50cbb8fdb76dc7c2bae64da8e2da442dfa9
model.language_model.layers.3.mlp.experts.10.down_proj.weight	float8_e4m3fn	4096,2048	67f18bb8b9c03471918cf2a6a2a6376bc1417b6e455bf0d18cbc61c7d37680de
model.language_model.layers.3.mlp.experts.10.down_proj.weight_scale_inv	float32	32,16	65d4b4594148ec6334bab0f623e20ca6a978425a261532b05cc10cde3fc64d85
model.language_model.layers.3.mlp.experts.10.gate_proj.weight	float8_e4m3fn	2048,4096	7a6f2ea7398fc3dc7658e48900cc23ff45091c5b6f10ecd7343109f08e3dd217
model.language_model.layers.3.mlp.experts.10.gate_proj.weight_scale_inv	float32	16,32	242066634a815e4fb989a434fa9279d5fe45ad6387740d93bb42ca6fb3416671
model.language_model.layers.3.mlp.experts.10.up_proj.weight	float8_e4m3fn	2048,4096	da2c77a3d7f35af67b0e827381cb1bdeecfc2527bfc5fe58aa03b8acaaac09e4
model.language_model.layers.3.mlp.experts.10.up_proj.weight_scale_inv	float32	16,32	9c8e84c8af0b6280674e6eb022f7001eb4a135bfe13f8864a3359a4d8d8f4656
model.language_model.layers.3.mlp.experts.100.down_proj.weight	float8_e4m3fn	4096,2048	0581666a3f52483869373c8092bd769825562ead6bb61b67be366b51dd3b6226
model.language_model.layers.3.mlp.experts.100.down_proj.weight_scale_inv	float32	32,16	9774472ad1d3a1464725ded1e7cd1ce635eb075894237a77400534b96f1e96df
model.language_model.layers.3.mlp.experts.100.gate_proj.weight	float8_e4m3fn	2048,4096	46e71b0a20086417f9c39dda1a73911bf0a47f502fe8f243e90ab3a9b8d4d2fd
model.language_model.layers.3.mlp.experts.100.gate_proj.weight_scale_inv	float32	16,32	6fa1b66d72d15c9884c1555e1d93952ebfb9148b3a59db4fe2d6a66d38454627
model.language_model.layers.3.mlp.experts.100.up_proj.weight	float8_e4m3fn	2048,4096	2ba386ad6fa7c61e3ece7d79e0d6060c0bb6829ed94cc856bc295af1c84de680
model.language_model.layers.3.mlp.experts.100.up_proj.weight_scale_inv	float32	16,32	02682004ae1524f15b55b098202c279be07bf44b0f022463e4516eea906432ce
model.language_model.layers.3.mlp.experts.101.down_proj.weight	float8_e4m3fn	4096,2048	35070145c83449b12fe72e37187ba73f6f8facc13e6526d84d54c414a7071abc
model.language_model.layers.3.mlp.experts.101.down_proj.weight_scale_inv	float32	32,16	fd631363b1cfa157398d3e665c885bca46db3d4f421adf2537a1d278aa3ccae8
model.language_model.layers.3.mlp.experts.101.gate_proj.weight	float8_e4m3fn	2048,4096	0df3a2ddb5b90cacf2fec640f9cfeedc9e9b38cc65dc96da15bf3eea9d7d1056
model.language_model.layers.3.mlp.experts.101.gate_proj.weight_scale_inv	float32	16,32	5da844a92aa9eb5f2a49b47cab02152b86d734d643859d374e42ce265014f882
model.language_model.layers.3.mlp.experts.101.up_proj.weight	float8_e4m3fn	2048,4096	7de2a830381d21b1f3076374e04f0063dabd852874cc1535d5eb9e7df2125ab1
model.language_model.layers.3.mlp.experts.101.up_proj.weight_scale_inv	float32	16,32	1dd87a5536bce58e86e8c28d930a6503cb863b17f27ff9d82c988cb1b505f065
model.language_model.layers.3.mlp.experts.102.down_proj.weight	float8_e4m3fn	4096,2048	bf85730c6b4986b3bc47c73e6a311f2637714294e3d0cddf57472c4f21cb1206
model.language_model.layers.3.mlp.experts.102.down_proj.weight_scale_inv	float32	32,16	119d93ca10784a2fef2ed2186f07dd02c07b161f4372e87562e37fc8df0603e9
model.language_model.layers.3.mlp.experts.102.gate_proj.weight	float8_e4m3fn	2048,4096	eca979728fe5bf5a0ec80e665afb2d917b58080662a081db77e7b82955116e07
model.language_model.layers.3.mlp.experts.102.gate_proj.weight_scale_inv	float32	16,32	a8d98345e2a5cfe39ef73172b91dd98a7c6e80449daf3fd3fee62b528658b265
model.language_model.layers.3.mlp.experts.102.up_proj.weight	float8_e4m3fn	2048,4096	5642e747803740a3edf4654fdd86e53550447469b61581ff8d1b55fce4c2b8e4
model.language_model.layers.3.mlp.experts.102.up_proj.weight_scale_inv	float32	16,32	61088cdbd0cc7ba1c50e019adb4f4d196f06bacc5f46d72763dc3b87992dc019
model.language_model.layers.3.mlp.experts.106.down_proj.weight	float8_e4m3fn	4096,2048	41ae911e8c17c1883e013789239bdcfe7f847e16f468c4414bbe9811a172bea8
model.language_model.layers.3.mlp.experts.106.down_proj.weight_scale_inv	float32	32,16	9c77a6f56c7c578338939160dbbef7c477face81a323f5e1608f6c89d5ea4e9e
model.language_model.layers.3.mlp.experts.106.gate_proj.weight	float8_e4m3fn	2048,4096	109be6f967641f99b8a7762abd1128c352c9d7d9029dc94918721a455f923131
model.language_model.layers.3.mlp.experts.106.gate_proj.weight_scale_inv	float32	16,32	7e26752ed6e3da2a0a3b054ca2924b9a3f53a45b22412eda454fce2adbfa349e
model.language_model.layers.3.mlp.experts.106.up_proj.weight	float8_e4m3fn	2048,4096	4af9d51239d86bc0ba51da8951ec00f8927472315e606f4f8d64775fd31655cd
model.language_model.layers.3.mlp.experts.106.up_proj.weight_scale_inv	float32	16,32	79b697ce0a0abbb3cb2d8e3f6641cb7fbafebbd7ec315b34d2a2b65c761b41b4
model.language_model.layers.3.mlp.experts.107.down_proj.weight	float8_e4m3fn	4096,2048	1de5514eaad6f967e59a3e77a034a30140ed09baafae97ffbdf6a508ab5a9298
model.language_model.layers.3.mlp.experts.107.down_proj.weight_scale_inv	float32	32,16	a4ef386f60ebff0ecb584a3015dcc4328aa7eebd6899f37c6a674e4f31aa97c0
model.language_model.layers.3.mlp.experts.107.gate_proj.weight	float8_e4m3fn	2048,4096	b5fa8ddc6de5c79e35bec19756c7969d55ee7bee5d32bf914698f5c1be9014ef
model.language_model.layers.3.mlp.experts.107.gate_proj.weight_scale_inv	float32	16,32	8e91387f3512676210fb5e8a08b81b0f0c6770e20282f885cd0cde52424b10af
model.language_model.layers.3.mlp.experts.107.up_proj.weight	float8_e4m3fn	2048,4096	263bd028d4f00cea86185f773bf83b555d955e7e0936afddcbe016cc7ee62ee4
model.language_model.layers.3.mlp.experts.107.up_proj.weight_scale_inv	float32	16,32	0dddc70064395f03400f818bf9ad7378ad9c74851cccf318574e74bd61fd8b10
model.language_model.layers.3.mlp.experts.108.down_proj.weight	float8_e4m3fn	4096,2048	11dcd8c440f45c8325fa327efedc6f516c5a07bc1bf154fdfa7ce5896011667d
model.language_model.layers.3.mlp.experts.108.down_proj.weight_scale_inv	float32	32,16	6f000ae10335761722b5eb6718112b9ceb17a1db82e64b8928532012dbb1f87e
model.language_model.layers.3.mlp.experts.108.gate_proj.weight	float8_e4m3fn	2048,4096	9b41ed885eecccf862fe4efa6e5ebd4b248c4c713f3ad4af6a8726cfccf59277
model.language_model.layers.3.mlp.experts.108.gate_proj.weight_scale_inv	float32	16,32	f9aaa75d82392e9a3510b36e01a5966ba6abf254601128eddd18d046b002db8a
model.language_model.layers.3.mlp.experts.108.up_proj.weight	float8_e4m3fn	2048,4096	9a0bcea028d8ddf14cba23753760f39875c9fa7dbe7912d1a7b02172006d5905
model.language_model.layers.3.mlp.experts.108.up_proj.weight_scale_inv	float32	16,32	acb0c2e6e9f92c866295abace25e0aac8a92065110379324307f56a9f9939b8a
model.language_model.layers.3.mlp.experts.109.down_proj.weight	float8_e4m3fn	4096,2048	6da073fa424786d55a0fd39f32167bcc9bf01be07cb1e9888057ce68e82b4a2a
model.language_model.layers.3.mlp.experts.109.down_proj.weight_scale_inv	float32	32,16	e7a32517d871a6d0421558d67d7849eb902228624031beb7c411e2ac2b6d1fa8
model.language_model.layers.3.mlp.experts.109.gate_proj.weight	float8_e4m3fn	2048,4096	42b394ab2e866f4cf9eca4a851a0887428d28f18ba479d7a061169da1da0707e
model.language_model.layers.3.mlp.experts.109.gate_proj.weight_scale_inv	float32	16,32	41614e54bad17e4c7e6d10539fceccbf2f3376c9d0cd17319055d62aaaecf72a
model.language_model.layers.3.mlp.experts.109.up_proj.weight	float8_e4m3fn	2048,4096	881e30f7a0e6b2ce00e7cdbb563f15e7650bd8072cd49f41fcbfbba51c0f0085
model.language_model.layers.3.mlp.experts.109.up_proj.weight_scale_inv	float32	16,32	14e46aef0606b75671996f43024d8c49457fb70510d8ff419c4cc385fb194a35
model.language_model.layers.3.mlp.experts.110.down_proj.weight	float8_e4m3fn	4096,2048	ed50c844711528971e27f8be5c25e2fc112c6fdbf309d49c4a9286d83af5dbdb
model.language_model.layers.3.mlp.experts.110.down_proj.weight_scale_inv	float32	32,16	244a1741fc118abdc7770f4542690b8effa34d549ac3b3a3f28f6c0ff796d24d
model.language_model.layers.3.mlp.experts.110.gate_proj.weight	float8_e4m3fn	2048,4096	5ed37c31eeb7ed38ddf7e6b320f4aef8444873b6e6990bf2629e07463a1000ea
model.language_model.layers.3.mlp.experts.110.gate_proj.weight_scale_inv	float32	16,32	cab94524e147775032eda1dc746a1e23f7685f372c1e07a64646f632e90b1914
model.language_model.layers.3.mlp.experts.110.up_proj.weight	float8_e4m3fn	2048,4096	5579974fe53de6ccb20262245e056ff0b3ab63bd263a389722d758712aedce7e
model.language_model.layers.3.mlp.experts.110.up_proj.weight_scale_inv	float32	16,32	e4589bc7a41814a3d458c5a22d338beb006f057b5aa84fa0dbd78ca65301df8e
model.language_model.layers.3.mlp.experts.113.down_proj.weight	float8_e4m3fn	4096,2048	e23887f6e9a1272e5a767c742b64f8ec77d76b07f9e412cb1d59f6597c11e52c
model.language_model.layers.3.mlp.experts.113.down_proj.weight_scale_inv	float32	32,16	554207ced4eb29c30655615d79527b607d5e681bc53ccb0e41f16df16a7eb5dd
model.language_model.layers.3.mlp.experts.113.gate_proj.weight	float8_e4m3fn	2048,4096	1b2c98b5de75607806370c956ffa43802d528d329d88d282a4772f884aa33c18
model.language_model.layers.3.mlp.experts.113.gate_proj.weight_scale_inv	float32	16,32	8860f819d50c988d511a0e0ea859b686369a57c08f77c45186a1945a4e762819
model.language_model.layers.3.mlp.experts.113.up_proj.weight	float8_e4m3fn	2048,4096	952598145c7a9591e95103a2546ee0de15adb150e773bdcdd8c8617134b441ee
model.language_model.layers.3.mlp.experts.113.up_proj.weight_scale_inv	float32	16,32	7a1e5bb97f3206685a4e7055410edb57e4a80812166e8ee8ce877b08a72c2271
model.language_model.layers.3.mlp.experts.114.down_proj.weight	float8_e4m3fn	4096,2048	b8f851f4dfea5a9d2f510c8e8ec7bd00a5b8adaf7b2de307a6880ba43324ccfa
model.language_model.layers.3.mlp.experts.114.down_proj.weight_scale_inv	float32	32,16	bf5dfdc5b9b71e7f98821005e950ce4d3397103815a32a77cf5e92855359fa0e
model.language_model.layers.3.mlp.experts.114.gate_proj.weight	float8_e4m3fn	2048,4096	94e738771f9e41bf18efccc4adbbf92cb85218b124bd855752d8b2429cca616c
model.language_model.layers.3.mlp.experts.114.gate_proj.weight_scale_inv	float32	16,32	aef42ca27313e54646c1623a94e97e303ce076695fef60594081b57bdcb80434
model.language_model.layers.3.mlp.experts.114.up_proj.weight	float8_e4m3fn	2048,4096	87c4027f46c6c410d720e91ce8f9e23cb2aa2c2ab44a69baf51db2e6d687ce42
model.language_model.layers.3.mlp.experts.114.up_proj.weight_scale_inv	float32	16,32	f5cf5b30a847c577b9bb4fbe9977f21a14fc68eb49918b058363836ef8e859f6
model.language_model.layers.3.mlp.experts.115.down_proj.weight	float8_e4m3fn	4096,2048	a42572b4b8cc772ee82150b70987fcffe82cbf577a652aa595ac7fcce0318bb2
model.language_model.layers.3.mlp.experts.115.down_proj.weight_scale_inv	float32	32,16	9e9ed3c304b0b233c6962c932b373aad85fd2380bb4ae619591944c43b271cbf
model.language_model.layers.3.mlp.experts.115.gate_proj.weight	float8_e4m3fn	2048,4096	fd37bcdba918b686e224c2e366bd1da10de136d4b036278404bdb55c43ceabe5
model.language_model.layers.3.mlp.experts.115.gate_proj.weight_scale_inv	float32	16,32	2a8c80c40d3527923ef16e618c76c5701e094285bb4ff5075a1f82ba6e0e7f5d
model.language_model.layers.3.mlp.experts.115.up_proj.weight	float8_e4m3fn	2048,4096	aaa607be226f0179ed96adbcc4329356d61fa19974dd486a3b5fe10849d75372
model.language_model.layers.3.mlp.experts.115.up_proj.weight_scale_inv	float32	16,32	56e1a877bab47d480e447a84201cfe51294444103ccffce770f62d07ab568638
model.language_model.layers.3.mlp.experts.116.down_proj.weight	float8_e4m3fn	4096,2048	8001925606324aa3ff2292b5b7f26e952184ace3bb8ef55a1d3e1bbbb3237495
model.language_model.layers.3.mlp.experts.116.down_proj.weight_scale_inv	float32	32,16	de738cc4b5d82f1df92d536968e2e678e54efbca6c4d06458d92a23ae7d4acf7
model.language_model.layers.3.mlp.experts.116.gate_proj.weight	float8_e4m3fn	2048,4096	31935421cf30f5dda7d42843779f99f98ff0c807ccb03ae6760c85a36c7d6e6d
model.language_model.layers.3.mlp.experts.116.gate_proj.weight_scale_inv	float32	16,32	02cbb7718628c0ff4642e572f6bfbb916e5400ce04f0ba32211adc34e66cd3a5
model.language_model.layers.3.mlp.experts.116.up_proj.weight	float8_e4m3fn	2048,4096	2d689cf6c2b7967c5e2258bdad453910e28d0cb62aba5b26703151ee6cbe142f
model.language_model.layers.3.mlp.experts.116.up_proj.weight_scale_inv	float32	16,32	b64c972466929ef49487f9be67e78022bfc3e7edeed368a1128bae6a9a74e29e
model.language_model.layers.3.mlp.experts.118.down_proj.weight	float8_e4m3fn	4096,2048	0db587825e2aef62e380442426c101a744ee15db893497af56f042ae6409f0b3
model.language_model.layers.3.mlp.experts.118.down_proj.weight_scale_inv	float32	32,16	75c9145fe8cecd19b3702d8d00a4e049275b31e3a79265e825fc7cf2023735e6
model.language_model.layers.3.mlp.experts.118.gate_proj.weight	float8_e4m3fn	2048,4096	caa055bc7b8631665acec8d69974a1c557c1507592ee4433b9b2c1394dda4b79
model.language_model.layers.3.mlp.experts.118.gate_proj.weight_scale_inv	float32	16,32	405d8c9cddbda726318c18f718529e697c0607ade2df11dd947aed43fa8f2cce
model.language_model.layers.3.mlp.experts.118.up_proj.weight	float8_e4m3fn	2048,4096	10e50c51058620b63822f2a0d3f3e0adcc2234d61456ac1e6710c684eca36e86
model.language_model.layers.3.mlp.experts.118.up_proj.weight_scale_inv	float32	16,32	43aedba03639ac3ca025ec039ed6ba8f90f94338bc125f9ca2812f248a3cf4a1
model.language_model.layers.3.mlp.experts.12.down_proj.weight	float8_e4m3fn	4096,2048	d5b2e3a6057a9ba1b3ae6ffa3033a5455026cd7fa6c0e73f4a80598b9be0a863
model.language_model.layers.3.mlp.experts.12.down_proj.weight_scale_inv	float32	32,16	e66775505ac63843df79299f3721b202d040f06a8b4748f90ecfbecfc4efd76b
model.language_model.layers.3.mlp.experts.12.gate_proj.weight	float8_e4m3fn	2048,4096	79b614f0e3b893eff05d13446daf3937f871e7364daa51d9e356f4c9b297cdb7
model.language_model.layers.3.mlp.experts.12.gate_proj.weight_scale_inv	float32	16,32	7a13a2c46cb31d985230e84d582d70749a40283d992b63ab27da88d7453d3a82
model.language_model.layers.3.mlp.experts.12.up_proj.weight	float8_e4m3fn	2048,4096	657fefaa8a905e9452d908bf6f6ad9d760a1e26b62481b198d9dea84823e4c72
model.language_model.layers.3.mlp.experts.12.up_proj.weight_scale_inv	float32	16,32	72ef6a8012dec04a38f82cf73062abf56db91b8bd5c1a9173a58e945925477f6
model.language_model.layers.3.mlp.experts.121.down_proj.weight	float8_e4m3fn	4096,2048	182af9b42af980c85a9c976e441cfecda08b6b74589f9cc813f4993e578c472d
model.language_model.layers.3.mlp.experts.121.down_proj.weight_scale_inv	float32	32,16	639299f3761d95ec9a83c0f82c63ccb74808fd3c4e22cd3db4a7c31264e3aa9d
model.language_model.layers.3.mlp.experts.121.gate_proj.weight	float8_e4m3fn	2048,4096	c61e1d8c91e6ec31f84adc7f9411d63edd54d7dcca2d5666746d5061751b94e4
model.language_model.layers.3.mlp.experts.121.gate_proj.weight_scale_inv	float32	16,32	73349a1e307b30615eae524465f3db1fc32f6576c461a519581f569568af39ec
model.language_model.layers.3.mlp.experts.121.up_proj.weight	float8_e4m3fn	2048,4096	8beac809e6c15fb93070b8c8b95bc171a6d592f143a714f7131494274e093c8f
model.language_model.layers.3.mlp.experts.121.up_proj.weight_scale_inv	float32	16,32	8cefae3cc9bf820d76b0678df3fee76f09ea534e81356e74e1bb0b47d9926f01
model.language_model.layers.3.mlp.experts.122.down_proj.weight	float8_e4m3fn	4096,2048	8acad6aec83e2e4f73e7dfefaaff062c0a27ad4f59bbc090870c783bdaf49191
model.language_model.layers.3.mlp.experts.122.down_proj.weight_scale_inv	float32	32,16	7555bd708b6f439b734b815b75a09c66d8f95235c455d17188f9f06a7558c17d
model.language_model.layers.3.mlp.experts.122.gate_proj.weight	float8_e4m3fn	2048,4096	19cd63b9c6279a40fa7d186fe8c038cae7c017e4478f1e7bd1066a52509b18a2
model.language_model.layers.3.mlp.experts.122.gate_proj.weight_scale_inv	float32	16,32	b266a01dfcaf92e4c802c405efe4fae57b96f99e0f5d3e38ea5fd3b841101baf
model.language_model.layers.3.mlp.experts.122.up_proj.weight	float8_e4m3fn	2048,4096	f574850bdf554fd2231e035ba93ba6294b4ec56ac44d14900a9eefa67b2ec45c
model.language_model.layers.3.mlp.experts.122.up_proj.weight_scale_inv	float32	16,32	f37d22f28ca2afc20ff36396158d66bb1309c50f742925136bb74566588861c1
model.language_model.layers.3.mlp.experts.124.down_proj.weight	float8_e4m3fn	4096,2048	73f3cfcf28b73ce05d43324c5cdebf39b01e32ce3fe4e9113b6edcaae7c5109a
model.language_model.layers.3.mlp.experts.124.down_proj.weight_scale_inv	float32	32,16	99ec782a250df188c0550e36d20ef8333ee05858ecd5af4d906a3aff935cb46f
model.language_model.layers.3.mlp.experts.124.gate_proj.weight	float8_e4m3fn	2048,4096	c9951dde78acfcf60c007030b10ee0c42aaa007411d1fb0aa5737076406c630e
model.language_model.layers.3.mlp.experts.124.gate_proj.weight_scale_inv	float32	16,32	bf9e10bca49f75d72ba8dcf1c6194ddd6bef9adef9b15393918897825ede895f
model.language_model.layers.3.mlp.experts.124.up_proj.weight	float8_e4m3fn	2048,4096	38dae2e065456c8d78efb41ebfa8c54bed0c6c565f5fea3821dde878d7d57346
model.language_model.layers.3.mlp.experts.124.up_proj.weight_scale_inv	float32	16,32	e158eec61dde61dfdce9251bc07f0da9201ca3c8e6dc05e37a13f043d5cb13db
model.language_model.layers.3.mlp.experts.125.down_proj.weight	float8_e4m3fn	4096,2048	19ea6a898c5b55a44c87877d7992a3d1836a109bbf61b4b0019eb3f8f090516b
model.language_model.layers.3.mlp.experts.125.down_proj.weight_scale_inv	float32	32,16	75bc902a1cfc058c87bbb95f0db33f58b4548aac4ccaffbce9e6088c52b3226c
model.language_model.layers.3.mlp.experts.125.gate_proj.weight	float8_e4m3fn	2048,4096	247bee778050753e558f856dc4ff8c342e5011966393016dfe35fa40680dbdf7
model.language_model.layers.3.mlp.experts.125.gate_proj.weight_scale_inv	float32	16,32	794c7b6da4a14399dadb34e17c3cd76952a36b50ce23ab27ea0cb8f7179424f6
model.language_model.layers.3.mlp.experts.125.up_proj.weight	float8_e4m3fn	2048,4096	136dafc6fdf327d11a7d3d8da06ae264826d0b7df8d12fedafd28eb4c4d6327b
model.language_model.layers.3.mlp.experts.125.up_proj.weight_scale_inv	float32	16,32	41fad0759784ef7ab20e3053d1262148c29d66a4a875d70356771babef9e702d
model.language_model.layers.3.mlp.experts.126.down_proj.weight	float8_e4m3fn	4096,2048	49c30c6cb3122b0928e9ca5488be48ec85572147c86ec377e0ce27ac6eb17d0c
model.language_model.layers.3.mlp.experts.126.down_proj.weight_scale_inv	float32	32,16	5def7556528f9d71327afe6d4c5bd576e643731ecce2c6620801d24642d2dd6b
model.language_model.layers.3.mlp.experts.126.gate_proj.weight	float8_e4m3fn	2048,4096	46000602ec130b7d65b09c4008c04db0f13c9837a830d799a39245793e4a5f26
model.language_model.layers.3.mlp.experts.126.gate_proj.weight_scale_inv	float32	16,32	a3e83995221c53c0b19df444d14fe5c97a5b014da28f23099f08ffc0fcc574a5
model.language_model.layers.3.mlp.experts.126.up_proj.weight	float8_e4m3fn	2048,4096	e2f04ee48a821e630610026f0da319b49ae2ff715731a99b764ab2b9f0221223
model.language_model.layers.3.mlp.experts.126.up_proj.weight_scale_inv	float32	16,32	f25e11376487529b401fc40083dd605a83d3e6195e3702dac2c63294a49da1cd
model.language_model.layers.3.mlp.experts.129.down_proj.weight	float8_e4m3fn	4096,2048	02232dde703efabd43c22ef85d97cbd5b804c28e9f64dd734ab054aedbc79af8
model.language_model.layers.3.mlp.experts.129.down_proj.weight_scale_inv	float32	32,16	a0450fa2ee3bebc6dd4134e8aa35fefbf13e27f8cb8cdbe68301b6cc50d81881
model.language_model.layers.3.mlp.experts.129.gate_proj.weight	float8_e4m3fn	2048,4096	6f228ffe2499c0c95efc751c43740a1467ad11ca4b1d14c1c4268e2d7e61705b
model.language_model.layers.3.mlp.experts.129.gate_proj.weight_scale_inv	float32	16,32	fbf0f4dd1037be45664e4bd5e76418a3c6760d8889ad7295a9bad96805cd84c0
model.language_model.layers.3.mlp.experts.129.up_proj.weight	float8_e4m3fn	2048,4096	23b5b9b834b25fc4987ac9421d1b1526a06b86e783368b1ec1f94251bb9c03e3
model.language_model.layers.3.mlp.experts.129.up_proj.weight_scale_inv	float32	16,32	3d407b8b80804f37f56c065549a2d23053be1b7279196b70c278b4d3e0f781f4
model.language_model.layers.3.mlp.experts.13.down_proj.weight	float8_e4m3fn	4096,2048	243ccd7bdb5da4c04058f824ec1fbb70763534c2c76a593b8e48b7a25509f2a6
model.language_model.layers.3.mlp.experts.13.down_proj.weight_scale_inv	float32	32,16	17f8f582e77f937fc8f7147647580abe10f559234110fabc7cde659cf8e17c70
model.language_model.layers.3.mlp.experts.13.gate_proj.weight	float8_e4m3fn	2048,4096	d16076590d60ead4a7c3d2dac73672d9417d9bcf66a3fc40d6917c42b1c826fc
model.language_model.layers.3.mlp.experts.13.gate_proj.weight_scale_inv	float32	16,32	7b2d6c8cca5bcbf1552421ecac599d39387fb8b360a2ffb21cc5a7c46ba4a630
model.language_model.layers.3.mlp.experts.13.up_proj.weight	float8_e4m3fn	2048,4096	e0ef7d7d57cdd4d4eb7c9f082b79de439d2e1ab9988bac4e55f9310c958732cd
model.language_model.layers.3.mlp.experts.13.up_proj.weight_scale_inv	float32	16,32	b3046b1d20d6d14a226f2d95e1cd689d1cc6fb37468aded0e2cc29bbdf080051
model.language_model.layers.3.mlp.experts.131.down_proj.weight	float8_e4m3fn	4096,2048	123bd1a92219ae9b475036d6af16cc85c8286619d744a087dd8bbadacb8a984c
model.language_model.layers.3.mlp.experts.131.down_proj.weight_scale_inv	float32	32,16	68e6aec1e1f9875132f4d80d949ab2f0cac0a9f4420560e95a4f7b29a695623f
model.language_model.layers.3.mlp.experts.131.gate_proj.weight	float8_e4m3fn	2048,4096	595eb95e6db56ce9181f8b60ca8889589e2faf20862ba016f518e123f2d0c135
model.language_model.layers.3.mlp.experts.131.gate_proj.weight_scale_inv	float32	16,32	fb50bf60dace5e2726bdedfa5c07070635c67e6c15f9974ddabb7d024add4609
model.language_model.layers.3.mlp.experts.131.up_proj.weight	float8_e4m3fn	2048,4096	1b1f0452842debac71e6697582a7f960242edd99a107fb3f888648377a3f7ebf
model.language_model.layers.3.mlp.experts.131.up_proj.weight_scale_inv	float32	16,32	888573cbe1e33d6af7fb204e2cac3aab7ae8df63f0168d5efe282e1a9e72e2cb
model.language_model.layers.3.mlp.experts.132.down_proj.weight	float8_e4m3fn	4096,2048	498edd68704370a75edf8e7cdfa4078876009f3f4a5b1e5d64be7338b4a23a59
model.language_model.layers.3.mlp.experts.132.down_proj.weight_scale_inv	float32	32,16	b21bf76622e38a494ca2a6a149c054383a9ea4fd74c28d10dc91caca5c2eda7a
model.language_model.layers.3.mlp.experts.132.gate_proj.weight	float8_e4m3fn	2048,4096	9ba9ff237e9f266d560d0a90ff12b5427fddb92fe74f49aa0e110cdb5f1bfc49
model.language_model.layers.3.mlp.experts.132.gate_proj.weight_scale_inv	float32	16,32	d74e660301951239e8812d56118174d9456cc976c073724d5a1265b66d4962b1
model.language_model.layers.3.mlp.experts.132.up_proj.weight	float8_e4m3fn	2048,4096	ce9f6cf6e31e285301b3373a992a8be2c82f3f32313e109494691181a324d993
model.language_model.layers.3.mlp.experts.132.up_proj.weight_scale_inv	float32	16,32	a48761b26656b42ee1b601fec11be2d44f88448adbba68df209259b23c22805b
model.language_model.layers.3.mlp.experts.133.down_proj.weight	float8_e4m3fn	4096,2048	f5005eb37ee9c84579e722d0f53c80c01f4089cd234937688ef4d59e9eba4cca
model.language_model.layers.3.mlp.experts.133.down_proj.weight_scale_inv	float32	32,16	fa6a35e4e87115b24306169d7f12701ca36a978d1a52604f4667c1dfebc3a21d
model.language_model.layers.3.mlp.experts.133.gate_proj.weight	float8_e4m3fn	2048,4096	f8e06b5fb06dff9d0e3a34b57d4ca67fcf449f23f26494868582698d806df0c4
model.language_model.layers.3.mlp.experts.133.gate_proj.weight_scale_inv	float32	16,32	6db68b7d04069846d2570b00bbf0e68a73e951fbdb29b955423e1904797c96f2
model.language_model.layers.3.mlp.experts.133.up_proj.weight	float8_e4m3fn	2048,4096	f539282d63729ddbbf3d1e6fe3bd73626541261d97f112ff866f7bc11273e9f3
model.language_model.layers.3.mlp.experts.133.up_proj.weight_scale_inv	float32	16,32	c64081f3fd84fe7b7c4a277ab9ecb7f920b3625ab0afd1716af26d8ec1eb4401
model.language_model.layers.3.mlp.experts.134.down_proj.weight	float8_e4m3fn	4096,2048	4fbfabcd5b8c5cf7ce52bf3ac064ff1850a62e4fa9882f427f49cd30f011f5c9
model.language_model.layers.3.mlp.experts.134.down_proj.weight_scale_inv	float32	32,16	5d28a75fbef8d1e94fe38336ec479466bd3b719f82e867b98071f22575f8b989
model.language_model.layers.3.mlp.experts.134.gate_proj.weight	float8_e4m3fn	2048,4096	17022a7c56aca12e065b638aef723bb0598ed8fdb4efddd6a7f93c1340578a88
model.language_model.layers.3.mlp.experts.134.gate_proj.weight_scale_inv	float32	16,32	99816a52e9e92e516f8dfd3ce98284c4200842e9adbe3074581ef7b23e44c92e
model.language_model.layers.3.mlp.experts.134.up_proj.weight	float8_e4m3fn	2048,4096	05345ddcaee0a45456f9d892ff3b91ab85466d5d20791970ffc8c9d5d693cd72
model.language_model.layers.3.mlp.experts.134.up_proj.weight_scale_inv	float32	16,32	7e016703c60afa3bb51262dbce54b0e95a65c5c7054c5cd5505e57749fc759b2
model.language_model.layers.3.mlp.experts.135.down_proj.weight	float8_e4m3fn	4096,2048	2c2978ebeaf270c318e177fb544726855d327b51beae4a7b054777219ee71cb8
model.language_model.layers.3.mlp.experts.135.down_proj.weight_scale_inv	float32	32,16	1b7690d93a38dd7e9323ba584761451b1f45c35708c1b0671dbccafa13c72304
model.language_model.layers.3.mlp.experts.135.gate_proj.weight	float8_e4m3fn	2048,4096	21a19fddc55ddffef26fd607f7d9ad8cc5e79f670a5779b4bc9ef515fcca939c
model.language_model.layers.3.mlp.experts.135.gate_proj.weight_scale_inv	float32	16,32	90b3fedddd2ffdde39ef8ba35f53c1017baf48e94ecad618c960b40e577deceb
model.language_model.layers.3.mlp.experts.135.up_proj.weight	float8_e4m3fn	2048,4096	88c4e8431208fc3e19b997280dc063fef52758bf40fbdd34601b8d21b03919a0
model.language_model.layers.3.mlp.experts.135.up_proj.weight_scale_inv	float32	16,32	3e41f2196b448030a20b54033b41503c35204abe951ebcc59c87cc63bcbde67c
model.language_model.layers.3.mlp.experts.136.down_proj.weight	float8_e4m3fn	4096,2048	8f8864018a46eaebc96310a6fa1e68caf75bfef3aaef5c369384d579b6566fad
model.language_model.layers.3.mlp.experts.136.down_proj.weight_scale_inv	float32	32,16	8656ea9e3a84ebfcacbad0840d6c95f8bacdb683dee691b59fcfd6c8b7fbdd08
model.language_model.layers.3.mlp.experts.136.gate_proj.weight	float8_e4m3fn	2048,4096	08224783124af186250470650e28bd8d6b4cb4779dcd0199368fbb6b83abcc77
model.language_model.layers.3.mlp.experts.136.gate_proj.weight_scale_inv	float32	16,32	5d569b99ad46d85499dfbbce0944224f746c24c8844d85a2a14f0396228a7c46
model.language_model.layers.3.mlp.experts.136.up_proj.weight	float8_e4m3fn	2048,4096	4264307645fbfb895b6c35b403f4c8ca6138d465ee00e8255248a8372fb24aab
model.language_model.layers.3.mlp.experts.136.up_proj.weight_scale_inv	float32	16,32	ce510125cf7f94f69cab772a22abe784be6ab885c521dabeb212daa4e0b4d7a9
model.language_model.layers.3.mlp.experts.137.down_proj.weight	float8_e4m3fn	4096,2048	79c5b3ca0b8177be207147cce0100b5984feaa824e05c31fbcca47911f26b57f
model.language_model.layers.3.mlp.experts.137.down_proj.weight_scale_inv	float32	32,16	8eff956e5fce0cf50b77f60f9ed0a5c57f8d4461794c6af203ae651a2d8e467f
model.language_model.layers.3.mlp.experts.137.gate_proj.weight	float8_e4m3fn	2048,4096	3eacda655663b88698fe191205a709459a6d4776d338bb2180a001d53a9f0387
model.language_model.layers.3.mlp.experts.137.gate_proj.weight_scale_inv	float32	16,32	8a51fbf5f4d36c116259e31bccb1b2006167c41be62e0695c26d5f3a89d0d63c
model.language_model.layers.3.mlp.experts.137.up_proj.weight	float8_e4m3fn	2048,4096	dcfbbaee1ff9336167908c07e816635eee9f7d92c76b142e65b131a5ec9a871e
model.language_model.layers.3.mlp.experts.137.up_proj.weight_scale_inv	float32	16,32	e5664f491f43b628a237f6876ab26313d83b67e9461c3e57e5eec0ee4ca2e60c
model.language_model.layers.3.mlp.experts.14.down_proj.weight	float8_e4m3fn	4096,2048	f39cc1faee1a4f6a10b58c1edb9ce42cb09c6e1e68d397f878eb4b93a8e7cf84
model.language_model.layers.3.mlp.experts.14.down_proj.weight_scale_inv	float32	32,16	e7c51a5255ffe9d7a9f2374e7cbf2460151e804a646e5783e3a8d8018a380714
model.language_model.layers.3.mlp.experts.14.gate_proj.weight	float8_e4m3fn	2048,4096	425fc2c1b48f119c3a5b4f68cf95d59f57e5fc89014c036847f5ecae76f116b7
model.language_model.layers.3.mlp.experts.14.gate_proj.weight_scale_inv	float32	16,32	0a9555cc05dc4c14f09c03d1303365f1e4c1908406717a1067c4ed6a5aaeef22
model.language_model.layers.3.mlp.experts.14.up_proj.weight	float8_e4m3fn	2048,4096	d7159da82b9aed8a7100519f48817a5a343fb4261904a289c59abb87a8c77c44
model.language_model.layers.3.mlp.experts.14.up_proj.weight_scale_inv	float32	16,32	43acdf0034ed09679d1b7cc1ca6630bb4d36aae67b6baa0fa601628efb3e5c7b
model.language_model.layers.3.mlp.experts.140.down_proj.weight	float8_e4m3fn	4096,2048	1bc8b4dd7583a8bfbbac922126227aad454e8dff29656517cd09905e7e830286
model.language_model.layers.3.mlp.experts.140.down_proj.weight_scale_inv	float32	32,16	7eda4e1c82805da8d83f0c6750a4a93b760e5dc1bb8777a99911f213678ad83b
model.language_model.layers.3.mlp.experts.140.gate_proj.weight	float8_e4m3fn	2048,4096	ab6467263305755fff92d2f3de3c8e92d012ea66db51158c7b645be62bc92003
model.language_model.layers.3.mlp.experts.140.gate_proj.weight_scale_inv	float32	16,32	5c3cd78a0efa8aeacc2986aeb3e0235df7788ab730023c9a2066b117b1860f51
model.language_model.layers.3.mlp.experts.140.up_proj.weight	float8_e4m3fn	2048,4096	b274d43c9199a75dabd4d63c076a868b54920182ff2edb36355e227680846afd
model.language_model.layers.3.mlp.experts.140.up_proj.weight_scale_inv	float32	16,32	a8d81e5db888825d5c5b8159df84f74e1e46675d3fe405d0f515cf138733f6aa
model.language_model.layers.3.mlp.experts.141.down_proj.weight	float8_e4m3fn	4096,2048	e27d3148166b853260027b4a7efaf93c62b7a3b5f84460531e570e58ec700caa
model.language_model.layers.3.mlp.experts.141.down_proj.weight_scale_inv	float32	32,16	7ba91a5510ae7b99eb45d5fa7ca9357a4164d8d757fdd900bb5b3ed18ecda010
model.language_model.layers.3.mlp.experts.141.gate_proj.weight	float8_e4m3fn	2048,4096	7d4c09c04088e17d34a62a1f96a065ee8adfc32eaef6372d2291aac69f91ed65
model.language_model.layers.3.mlp.experts.141.gate_proj.weight_scale_inv	float32	16,32	9f9e27507888a022a049a78f06d0dd6f425fe90724a7d93738b80b98354627f9
model.language_model.layers.3.mlp.experts.141.up_proj.weight	float8_e4m3fn	2048,4096	345475a5c98eb74a73284596d6c94f067ba82e81c0278205855e99feee04c992
model.language_model.layers.3.mlp.experts.141.up_proj.weight_scale_inv	float32	16,32	987d86ab2fe9999d13c229b9e72f68b7b77c303e541a1753a59d2742a87414ea
model.language_model.layers.3.mlp.experts.142.down_proj.weight	float8_e4m3fn	4096,2048	196a75207765514f40b277aa32a69eb373bd39cd3ca16f57148ea7d0c2fa53aa
model.language_model.layers.3.mlp.experts.142.down_proj.weight_scale_inv	float32	32,16	164b7a58dcf5ac02dd21a18faef575c7f2b35097c13e9b6a035b396ef7e2bb14
model.language_model.layers.3.mlp.experts.142.gate_proj.weight	float8_e4m3fn	2048,4096	a4c9a4de8805122400279a37073fb57b17f96532b3cb2eaee890b1dae28f26e4
model.language_model.layers.3.mlp.experts.142.gate_proj.weight_scale_inv	float32	16,32	294dd1da3b5e6c0ecefc1e53f5a1bd7867abcded07ac3544e51aa85530f68630
model.language_model.layers.3.mlp.experts.142.up_proj.weight	float8_e4m3fn	2048,4096	73665cd94ee2ea98964b8c41fada2e2c7b07f974ef4808e438537a6bde336f1d
model.language_model.layers.3.mlp.experts.142.up_proj.weight_scale_inv	float32	16,32	6f66f8948634ab769301e4a9e3573e3c3dfe5db12d814f14471b8f77afd9c654
model.language_model.layers.3.mlp.experts.143.down_proj.weight	float8_e4m3fn	4096,2048	8d3914b1b84e3eb4e099bbe46837deefd6a7353e1193c1b258ce5b98f49c6ee5
model.language_model.layers.3.mlp.experts.143.down_proj.weight_scale_inv	float32	32,16	5fb4aa7561877fbf9675be23cb4be7bfb09e97dd60a6b7dad0d957ae5d18ae22
model.language_model.layers.3.mlp.experts.143.gate_proj.weight	float8_e4m3fn	2048,4096	3313619257d0e4208790a4823ac39210a2362e712135993529f88f89dec8b9cc
model.language_model.layers.3.mlp.experts.143.gate_proj.weight_scale_inv	float32	16,32	9b93d0ea8af9f72309c2c0c181c14ca051bbaba15b0df7bd8da54ca753b45850
model.language_model.layers.3.mlp.experts.143.up_proj.weight	float8_e4m3fn	2048,4096	7b42ce3a7384c5d72cefe69bbf80cfeb2d77b95afcc8cb9efbe8f2452cd68467
model.language_model.layers.3.mlp.experts.143.up_proj.weight_scale_inv	float32	16,32	3e1ccc273ec41bc66f584a4b7d8e58c2b66dc7583c8c3a141aa5083ffe6c8e5d
model.language_model.layers.3.mlp.experts.144.down_proj.weight	float8_e4m3fn	4096,2048	3c952ed275ed488377fac3f483d958a94af1717c813fa58949ac1b92ab59ed4e
model.language_model.layers.3.mlp.experts.144.down_proj.weight_scale_inv	float32	32,16	4f21ea361ac75dba825a8d131dd9f1d412d6299859b9abfed7b3e9ce62190bae
model.language_model.layers.3.mlp.experts.144.gate_proj.weight	float8_e4m3fn	2048,4096	8f72bec53931ea0678479602d59115dbc9460ec813f44cb7751d2a12ed4e3ce1
model.language_model.layers.3.mlp.experts.144.gate_proj.weight_scale_inv	float32	16,32	ea2ca36836d30486338ad1315e88335c5f95a7d6c7d21b12eff5b003a2a41e01
model.language_model.layers.3.mlp.experts.144.up_proj.weight	float8_e4m3fn	2048,4096	31895c443792690675c1b6d79e35ad7716d91fca03f312d26c3cfc7ff3c7e10a
model.language_model.layers.3.mlp.experts.144.up_proj.weight_scale_inv	float32	16,32	59bd7df0715a5cf300bea9826aacc525db3b5a241dbe2a3cc4f9abe7c6becbc5
model.language_model.layers.3.mlp.experts.148.down_proj.weight	float8_e4m3fn	4096,2048	ea350c05eee153088a9102a4abeedfb92c845d0a9fe9f8271b8339d8d43228e8
model.language_model.layers.3.mlp.experts.148.down_proj.weight_scale_inv	float32	32,16	b866d47831bbbd66cc41ccc02b57f2d1f63ae60da5131dfc7a7175567261e1cb
model.language_model.layers.3.mlp.experts.148.gate_proj.weight	float8_e4m3fn	2048,4096	04a00d1c977c67253dec4a6e06eecef7d93d503f56f392fcb1bf13fd94501add
model.language_model.layers.3.mlp.experts.148.gate_proj.weight_scale_inv	float32	16,32	4a15856030000c4b9d849f592c2043035be1e5b7310dd46dd9148be89e129fe1
model.language_model.layers.3.mlp.experts.148.up_proj.weight	float8_e4m3fn	2048,4096	90a4bffd4390f18fb862dacd76337a71ea92b0ed53b359b509bf9bd66747dad7
model.language_model.layers.3.mlp.experts.148.up_proj.weight_scale_inv	float32	16,32	c9607c1e7b7765dea63d0f90cd3ce94d0d47e219b2e7f29df904eed75aadf67a
model.language_model.layers.3.mlp.experts.149.down_proj.weight	float8_e4m3fn	4096,2048	8e00611bde31b1c44dd56b5cd79a670760fd5d5a82f4bd6005a10898a63d40f0
model.language_model.layers.3.mlp.experts.149.down_proj.weight_scale_inv	float32	32,16	159e21d47d04f4e8ea2ee235e89bb1592b5cbc8e90833202daf1f5be797bca38
model.language_model.layers.3.mlp.experts.149.gate_proj.weight	float8_e4m3fn	2048,4096	1ea47b5a4193715884b6e691accf6fffbecf8e68f7197f9e3af5c26fc920a036
model.language_model.layers.3.mlp.experts.149.gate_proj.weight_scale_inv	float32	16,32	ba3f29dbc41cd11e8eea305947321bf93250cb56c08be7e845e132a61f9628eb
model.language_model.layers.3.mlp.experts.149.up_proj.weight	float8_e4m3fn	2048,4096	22bdb2c4d9b9d3e73b4459b71440d2e5739205c78591f392b6e1ce4f7b3c0fc8
model.language_model.layers.3.mlp.experts.149.up_proj.weight_scale_inv	float32	16,32	976d89350689f8ec950d5006b0b2dbb227740f3e40316ec27cc4c1ca80948634
model.language_model.layers.3.mlp.experts.150.down_proj.weight	float8_e4m3fn	4096,2048	76f6b8f714d91f496f4fd7bf3c753945441819d97d1f1e16099b5fb10cb51f84
model.language_model.layers.3.mlp.experts.150.down_proj.weight_scale_inv	float32	32,16	c04b972e51717583b2cacb47aa2c1b792fc9396d3fccd004badb9efcda7d8447
model.language_model.layers.3.mlp.experts.150.gate_proj.weight	float8_e4m3fn	2048,4096	d8be7bd597edb4694ee6fe9728d205df17b5c7b7bd3bb3fd76b2f3f09240b6ab
model.language_model.layers.3.mlp.experts.150.gate_proj.weight_scale_inv	float32	16,32	6df56c80b2da10d8bbfa35fcde125da86fc882d3d387d5bc6c8c8375b3d3e1c1
model.language_model.layers.3.mlp.experts.150.up_proj.weight	float8_e4m3fn	2048,4096	25f08cceacb755c9aef63bd420be5d2e33da87eb7d1d83a10e07578c9180a69c
model.language_model.layers.3.mlp.experts.150.up_proj.weight_scale_inv	float32	16,32	a9c9a4e007cc878f0c04c48995527770d1bc461443f418d614e0256da573acb9
model.language_model.layers.3.mlp.experts.152.down_proj.weight	float8_e4m3fn	4096,2048	d6a7b87e5d77081dac3c2f3c12392e663a672159f3bcb192d7e462d1e0ba5fde
model.language_model.layers.3.mlp.experts.152.down_proj.weight_scale_inv	float32	32,16	752ee13790bf7b79575418413ddf36c32c2d9e6120b347440f7d07e2e5436822
model.language_model.layers.3.mlp.experts.152.gate_proj.weight	float8_e4m3fn	2048,4096	74ba768564f341bb58e8f1338511e6ac62e36eb491741881e180935b839ec448
model.language_model.layers.3.mlp.experts.152.gate_proj.weight_scale_inv	float32	16,32	201c5053abb6393e0531fddf2460f36a239dc189132fb06ada0a3942d1b8a5ca
model.language_model.layers.3.mlp.experts.152.up_proj.weight	float8_e4m3fn	2048,4096	0176a823f0348b3bdb250de510bdce6eaac24e7795b0d83861452b8d05b2aa1d
model.language_model.layers.3.mlp.experts.152.up_proj.weight_scale_inv	float32	16,32	aa23c4806c2ffd5c44ae478e05cbd73455884bc59e2d54c9da2278945309f2c1
model.language_model.layers.3.mlp.experts.154.down_proj.weight	float8_e4m3fn	4096,2048	c7ba42fc970cbcdc289a9aa9bf66478d50e1b52ea40c21b0cd72c43ad9cb64f1
model.language_model.layers.3.mlp.experts.154.down_proj.weight_scale_inv	float32	32,16	d36b0c7f6f349ae7ef50bcbd7a5eb3b8fcf4f36ea49ddd563a9539b5f5873af7
model.language_model.layers.3.mlp.experts.154.gate_proj.weight	float8_e4m3fn	2048,4096	8c16b786e52681628d24ef4aa43a7e9094d74b6207669c37a86c854649dfe7f1
model.language_model.layers.3.mlp.experts.154.gate_proj.weight_scale_inv	float32	16,32	12d66d55f10d8b65e50a438027d02c651c397a8c18541b9bf906edfdad5b6389
model.language_model.layers.3.mlp.experts.154.up_proj.weight	float8_e4m3fn	2048,4096	d846fd323fc56fe6b38b335afb8ba5d4d24840c536028a50a80d717dec71d8ca
model.language_model.layers.3.mlp.experts.154.up_proj.weight_scale_inv	float32	16,32	fa8d263ca92c494092d36f51e6f778de6b13986d46f0efb98266957099e18c0c
model.language_model.layers.3.mlp.experts.155.down_proj.weight	float8_e4m3fn	4096,2048	7aae8f8e96c696f03f088f40fedb7eedf358ea7a5571e665ee079a5d91ac3d4c
model.language_model.layers.3.mlp.experts.155.down_proj.weight_scale_inv	float32	32,16	9127fb1357afd768bfeecfb8d3c3df6da703f7da8ac48d56b549d85517153348
model.language_model.layers.3.mlp.experts.155.gate_proj.weight	float8_e4m3fn	2048,4096	2d740e8b5e91443dfd4bc611c61d3b0eb2d8bf6cd52f1db9cd850327448a9127
model.language_model.layers.3.mlp.experts.155.gate_proj.weight_scale_inv	float32	16,32	e3f6421c3309bf6114bb36d790ee1230472675961067b35e73f8011fb3d891cf
model.language_model.layers.3.mlp.experts.155.up_proj.weight	float8_e4m3fn	2048,4096	343cd344adc3459c97adec3f55bdebb0dab2893abb2457659f3a8bdf93a2f0cb
model.language_model.layers.3.mlp.experts.155.up_proj.weight_scale_inv	float32	16,32	e3b75200af0a3c543d4f11458cf146551aa378f5028d8aee3cb1d8d74929ef43
model.language_model.layers.3.mlp.experts.156.down_proj.weight	float8_e4m3fn	4096,2048	704b1f44a1bea1cea8ecdf6d5dc545df7091747fff07a65fd8cf7cb186eb7292
model.language_model.layers.3.mlp.experts.156.down_proj.weight_scale_inv	float32	32,16	61670947e520eb20d6190e5474cbbd5c7450a8edc45df9b82e0aca8c4bba31f3
model.language_model.layers.3.mlp.experts.156.gate_proj.weight	float8_e4m3fn	2048,4096	6f2b35d31ceaf0ab4e44a7b756b71c1f245a6c335e747509ba00f44adaaa226c
model.language_model.layers.3.mlp.experts.156.gate_proj.weight_scale_inv	float32	16,32	0523ef6d3d9769f19a5a0668fd1139181f7e862b7f23436b5dd89138556efb88
model.language_model.layers.3.mlp.experts.156.up_proj.weight	float8_e4m3fn	2048,4096	ee62607b98a95dc9abfc20f091e54b1898641739c164742d04e4a26631e75f46
model.language_model.layers.3.mlp.experts.156.up_proj.weight_scale_inv	float32	16,32	623d251c1e9ac1bd974131b42789b0fd9e340cc138953e15b8c60352e0ace078
model.language_model.layers.3.mlp.experts.157.down_proj.weight	float8_e4m3fn	4096,2048	468b05ad5f4376c779fac6b06bf9e9d4a7fc9550030e7d1869ef6107c53fcc2b
model.language_model.layers.3.mlp.experts.157.down_proj.weight_scale_inv	float32	32,16	18dd84b81d47f9b96415e37391921138e05ad16d227f39694074e26c0ce37bec
model.language_model.layers.3.mlp.experts.157.gate_proj.weight	float8_e4m3fn	2048,4096	b23b75d74020bd5f5c4cfd8e3709e61a1b0f9ab7c578bc5385e8103b67b8c064
model.language_model.layers.3.mlp.experts.157.gate_proj.weight_scale_inv	float32	16,32	f3c0eee7acfff81bff6e401d68a63728a09c305c626ef92ef7213006a34e7f49
model.language_model.layers.3.mlp.experts.157.up_proj.weight	float8_e4m3fn	2048,4096	01bb6cb44238ccf2ebc7a4cb7e7cd0c4a2c6cc72739b271d0fc3972daf137b38
model.language_model.layers.3.mlp.experts.157.up_proj.weight_scale_inv	float32	16,32	3b65c4a4b92a27fc384e5bf13cae9b9f8dcc46f685cada2b9bfb6cf9c70f6720
model.language_model.layers.3.mlp.experts.158.down_proj.weight	float8_e4m3fn	4096,2048	285febbe1862153fd323a98c1bb70821ec1cd57ecc56391a52f69b5b81e42f8e
model.language_model.layers.3.mlp.experts.158.down_proj.weight_scale_inv	float32	32,16	23dfe08a9fca543371d7617cb51744de2a72d8efb3c92c20fb03f6f445db0398
model.language_model.layers.3.mlp.experts.158.gate_proj.weight	float8_e4m3fn	2048,4096	85ae843fd42399044425d868d446c3679904623540b9898489615d9dc074bbf6
model.language_model.layers.3.mlp.experts.158.gate_proj.weight_scale_inv	float32	16,32	009d406cfdaf890634d5eed6f1c5c17639fbc4153ab4f9dc0e08845b875d4190
model.language_model.layers.3.mlp.experts.158.up_proj.weight	float8_e4m3fn	2048,4096	c1e42daab80777310eedcbe3f41754c95c6374b6c1d6dc1849922cf10e558b6d
model.language_model.layers.3.mlp.experts.158.up_proj.weight_scale_inv	float32	16,32	23ae68a5c2881ffacabc0b945a839bfe44122f118d20a18e21ec0b61134b4aa5
model.language_model.layers.3.mlp.experts.16.down_proj.weight	float8_e4m3fn	4096,2048	8ad101dd10a38b83fa5227672c88a42375b18066297322472c4b45dc0d1cc5e4
model.language_model.layers.3.mlp.experts.16.down_proj.weight_scale_inv	float32	32,16	0d43b5060934d66d1ab25b4b48965d3e64eee3a68bafe4d632e498e7187909dc
model.language_model.layers.3.mlp.experts.16.gate_proj.weight	float8_e4m3fn	2048,4096	da00e4780441b96c36bfb879b93b8231cc57a97d45c28a2800ced221a56f273f
model.language_model.layers.3.mlp.experts.16.gate_proj.weight_scale_inv	float32	16,32	8917e52ffed7ee3f568126b6ff8e7a675bf1ec0270ddec8cdc11d5a1dfde5669
model.language_model.layers.3.mlp.experts.16.up_proj.weight	float8_e4m3fn	2048,4096	5ee26574f982d0a1ff7792050acbba61a8705f507ca6e9300215f8b1f9c5e7d2
model.language_model.layers.3.mlp.experts.16.up_proj.weight_scale_inv	float32	16,32	0420f3d1f1e97c83ef4befa728086cbe48b9339342ebe0e6c587f7b58f341358
model.language_model.layers.3.mlp.experts.160.down_proj.weight	float8_e4m3fn	4096,2048	d63905f63ac6c114285e0cd555cb478b3ec3b26111e6de03a3f03c775e6be563
model.language_model.layers.3.mlp.experts.160.down_proj.weight_scale_inv	float32	32,16	7b7163cb1dbe1d74c9852ed1d49c107d89b498a6d48bbab4abd7dd0d12b7f47f
model.language_model.layers.3.mlp.experts.160.gate_proj.weight	float8_e4m3fn	2048,4096	5d437331f86593b24fc96be86f6495eed3200be66c8bb6ebbf077568ef8f4996
model.language_model.layers.3.mlp.experts.160.gate_proj.weight_scale_inv	float32	16,32	8489462bc7431dc3dc86906cdfc7b1d7d057f1887bde3d4552adc8a22f265e59
model.language_model.layers.3.mlp.experts.160.up_proj.weight	float8_e4m3fn	2048,4096	cb67db42a66884cc779882c151bf838308d87ae0f1b762630d8bf588f52a7017
model.language_model.layers.3.mlp.experts.160.up_proj.weight_scale_inv	float32	16,32	1f4df45f8b8da405cf306892e2dece4518611a03fd563c2cf2231ee23d796e6b
model.language_model.layers.3.mlp.experts.161.down_proj.weight	float8_e4m3fn	4096,2048	cf54b683b593e18e5ac1874b3a45f094ecaa5bc6ff7817e7157f64e79ab30b31
model.language_model.layers.3.mlp.experts.161.down_proj.weight_scale_inv	float32	32,16	ce38395f4bc0f8faaf1a1cd0df4960d96f728b6b89d36e18425941d770b61028
model.language_model.layers.3.mlp.experts.161.gate_proj.weight	float8_e4m3fn	2048,4096	430314a52163a916946467190efa71378bc1ecb62c89fd640f8ceddbfa5fdba6
model.language_model.layers.3.mlp.experts.161.gate_proj.weight_scale_inv	float32	16,32	2d3c7bdf8aef8e1f80087c4b885c80a4fa506c780a0593534927daffa88150c5
model.language_model.layers.3.mlp.experts.161.up_proj.weight	float8_e4m3fn	2048,4096	669616b2d11c2521dc0b84b7020d0f3e6b1b4912d973b98579a7919a180d75ca
model.language_model.layers.3.mlp.experts.161.up_proj.weight_scale_inv	float32	16,32	5c30cab1da7220dac7b5f8db8d470117c03d30fb631de91311140386df40036b
model.language_model.layers.3.mlp.experts.162.down_proj.weight	float8_e4m3fn	4096,2048	4dbff4f7bf61b2bebce045401e0beea0897c99ab4168c642117d12eabd7dd78f
model.language_model.layers.3.mlp.experts.162.down_proj.weight_scale_inv	float32	32,16	b43d0dff785739e225e6c18f78e352a56b06a458ee8c06c1cdc5425b2ea20a6d
model.language_model.layers.3.mlp.experts.162.gate_proj.weight	float8_e4m3fn	2048,4096	ce3a655286ad4a25d68cb83d1ca7618b32273249f2371c80a970846efe20f09a
model.language_model.layers.3.mlp.experts.162.gate_proj.weight_scale_inv	float32	16,32	7ce4d4e2d70acc87fe6c25de69c5d87887841a7c52f7658db9dfe5414a6efb03
model.language_model.layers.3.mlp.experts.162.up_proj.weight	float8_e4m3fn	2048,4096	a1bf120703db797dd8e023cd04a770f9c9e047e8fe347ce74351696e24aa92e5
model.language_model.layers.3.mlp.experts.162.up_proj.weight_scale_inv	float32	16,32	223c1809bda9123960d5e4cc50833d79d117e893c6219047701bd0b097bb9bda
model.language_model.layers.3.mlp.experts.163.down_proj.weight	float8_e4m3fn	4096,2048	337800a1ac218f4adb2290623e60f36090a4e0d50686f09542b55cb652cb35f9
model.language_model.layers.3.mlp.experts.163.down_proj.weight_scale_inv	float32	32,16	db9098e84a9a692a7c2a0f33a21d9997cd36706a715b2e92b6d51b4f8017837f
model.language_model.layers.3.mlp.experts.163.gate_proj.weight	float8_e4m3fn	2048,4096	fe60dd5b9d3835251eacb7b02692f503471393d4acbeacdbd3cffcf23f3bba0d
model.language_model.layers.3.mlp.experts.163.gate_proj.weight_scale_inv	float32	16,32	ee6e6883c84a16f02bb44bc291640eaabc30a364886b74288eda600109f0267d
model.language_model.layers.3.mlp.experts.163.up_proj.weight	float8_e4m3fn	2048,4096	c2dfdc52ec2517e441ee4bb46a043838032f705935019eb05da94eefb2f75c17
model.language_model.layers.3.mlp.experts.163.up_proj.weight_scale_inv	float32	16,32	55fe8838d0f573952d350cca3fe152981e5f951b231cf71cee6cf93904b6fd15
model.language_model.layers.3.mlp.experts.164.down_proj.weight	float8_e4m3fn	4096,2048	ad5fee2e7baf9b5b64d12ff1c999c5aaecc7f9453cacb5401ee9285c7eaf3f0f
model.language_model.layers.3.mlp.experts.164.down_proj.weight_scale_inv	float32	32,16	d2b8c4e4b9c10d21ac284f458e56dded943196179a6db78584fe27a4959f2aa4
model.language_model.layers.3.mlp.experts.164.gate_proj.weight	float8_e4m3fn	2048,4096	3e951363d1d3d312ac2ea2d443052bff59da43480d25ba84f234c0436aeb69e7
model.language_model.layers.3.mlp.experts.164.gate_proj.weight_scale_inv	float32	16,32	a46267a85377e9f3e979e31680470401010c7a397d8f836e029a66124d0efbb7
model.language_model.layers.3.mlp.experts.164.up_proj.weight	float8_e4m3fn	2048,4096	a3a5fc682d1ee5a4e36c483090b14dfe76510d8acdf3d0b4b1e35d156543af84
model.language_model.layers.3.mlp.experts.164.up_proj.weight_scale_inv	float32	16,32	6c708a8760fec18b5a6f9f2a4339e899e7792bbe871d5456544dfa738fe89aad
model.language_model.layers.3.mlp.experts.166.down_proj.weight	float8_e4m3fn	4096,2048	17ec9b8363d88f82738af8c8a5c36b997c6a364405a2b462ef37e9e760565071
model.language_model.layers.3.mlp.experts.166.down_proj.weight_scale_inv	float32	32,16	c38a34e31960c65bb6ae7a4044ffa6b428f37acbb7cd42661d5db5d666bcd4cb
model.language_model.layers.3.mlp.experts.166.gate_proj.weight	float8_e4m3fn	2048,4096	9dba993915687cb2b54652afc1e74ab33696674e4e466924dcc7d6b649e86408
model.language_model.layers.3.mlp.experts.166.gate_proj.weight_scale_inv	float32	16,32	ec7984f20d14b935d63b4a7e32c67074311e223bace786277a44fbcff0e0e8fa
model.language_model.layers.3.mlp.experts.166.up_proj.weight	float8_e4m3fn	2048,4096	a8f7019b0e1952f14b811f533d33f9f9ed5d397191ffd6f6a005756266132630
model.language_model.layers.3.mlp.experts.166.up_proj.weight_scale_inv	float32	16,32	89128006071a845d99981ea6ebc9a5e396f001ab156c0ae28d9c2328a0b19d0f
model.language_model.layers.3.mlp.experts.169.down_proj.weight	float8_e4m3fn	4096,2048	cd1b78aaa40f9b7ef8d25915fe83520f564183b6b2064b990a597d25a44130cb
model.language_model.layers.3.mlp.experts.169.down_proj.weight_scale_inv	float32	32,16	cfbbbc0776dccdcaed525cfa028e01316430700419800e1dd647cb7efee0d728
model.language_model.layers.3.mlp.experts.169.gate_proj.weight	float8_e4m3fn	2048,4096	185c830ce1ffa781321d278c53fb07423f110c2f049ac744fb7b3108b2ae8b6e
model.language_model.layers.3.mlp.experts.169.gate_proj.weight_scale_inv	float32	16,32	5fb4d079ef3db67febe60d821fd4ccc6dede46108b5ae7b5662eb3b85a5987eb
model.language_model.layers.3.mlp.experts.169.up_proj.weight	float8_e4m3fn	2048,4096	09a89de38700e4a40439dfa8c80af4a46fb4b5f79c55d64117668eac354cedb9
model.language_model.layers.3.mlp.experts.169.up_proj.weight_scale_inv	float32	16,32	2f508696f3f7febcc9d9470a5409080a96a4af8fdacba7075a6cb8b177886305
model.language_model.layers.3.mlp.experts.17.down_proj.weight	float8_e4m3fn	4096,2048	bd2a1af281f93c732d419582d424ff880491772d971902c9fdfe5e43d00cf781
model.language_model.layers.3.mlp.experts.17.down_proj.weight_scale_inv	float32	32,16	85aab7ad3a271bdfaae2c949ad8fd7405189f3c4595707f06e00a1537e167bbe
model.language_model.layers.3.mlp.experts.17.gate_proj.weight	float8_e4m3fn	2048,4096	e031a3bb06551997dee26323dbb77733bb246e8baebc2055021ef838004c85bf
model.language_model.layers.3.mlp.experts.17.gate_proj.weight_scale_inv	float32	16,32	7011686849c2cc892f83f2ef636d88521beac81dc6e43e37fe935734faf3b4b3
model.language_model.layers.3.mlp.experts.17.up_proj.weight	float8_e4m3fn	2048,4096	c7452eec77fb79dec6de084557ff427efe3e780433c37fef320713172fdcc8a9
model.language_model.layers.3.mlp.experts.17.up_proj.weight_scale_inv	float32	16,32	bbcb08f77399c6026effe829b5d52b6f5664625e1b86b7e1b693a2a89231062a
model.language_model.layers.3.mlp.experts.170.down_proj.weight	float8_e4m3fn	4096,2048	a4bc01a9c23f0c13edd5286f9b3edb5743dcda9075ce0b2a0bb9d81cc141ab18
model.language_model.layers.3.mlp.experts.170.down_proj.weight_scale_inv	float32	32,16	4127c795c5d591665105b1f4507107bbbf2be1b67aacf1461409fa189ba30ef7
model.language_model.layers.3.mlp.experts.170.gate_proj.weight	float8_e4m3fn	2048,4096	93f8998815b7e7399b68ff640f55588fc2449ce23462aaf3f388d4bae0cc6340
model.language_model.layers.3.mlp.experts.170.gate_proj.weight_scale_inv	float32	16,32	9c5be0025cf4c7acdb98f1f4f12b84d9328ac409e865fa8215d31096682e33e8
model.language_model.layers.3.mlp.experts.170.up_proj.weight	float8_e4m3fn	2048,4096	f17afa75897b7a7db59513e486c6c193c79dabb3d5777747d22cd4e157a9cb35
model.language_model.layers.3.mlp.experts.170.up_proj.weight_scale_inv	float32	16,32	9036e1a10bc6c976fd04751550393a2713351f8df5a6e9308743cb6ecbe6a1db
model.language_model.layers.3.mlp.experts.172.down_proj.weight	float8_e4m3fn	4096,2048	f7f3a093d4163f7d1adbf3bacca0b937a2b0693ed9e6e449d2bbfcb2e4ca046b
model.language_model.layers.3.mlp.experts.172.down_proj.weight_scale_inv	float32	32,16	3f462ce1d1f692895becb87620174f6f55d06247c44a8cda773e50b8b420c7ae
model.language_model.layers.3.mlp.experts.172.gate_proj.weight	float8_e4m3fn	2048,4096	c787a6fa66b4eedb40328488d46410321b30a0577247be34eac8559d60655e8a
model.language_model.layers.3.mlp.experts.172.gate_proj.weight_scale_inv	float32	16,32	309c264fd56581245db3668e7a047a909cc5f139b0d71d9d14f6b4eb19559e80
model.language_model.layers.3.mlp.experts.172.up_proj.weight	float8_e4m3fn	2048,4096	07cd5255d67681615d05f6c4839afe67f5dd0770da7b754f0d9d582ff60e6e04
model.language_model.layers.3.mlp.experts.172.up_proj.weight_scale_inv	float32	16,32	4c9ede3508a5bbeca9aaec113f5198e9289ae57839c57a8c2b67df7cd15abe9b
model.language_model.layers.3.mlp.experts.173.down_proj.weight	float8_e4m3fn	4096,2048	4701d9ee7551351df665a66de441658d2e006c00c46a70f52e6927e8a1559489
model.language_model.layers.3.mlp.experts.173.down_proj.weight_scale_inv	float32	32,16	c2ab332411d65502ee9bfb65cd4d6aa80c7519ff9a8bcfa7210c96e473d33b0b
model.language_model.layers.3.mlp.experts.173.gate_proj.weight	float8_e4m3fn	2048,4096	de83c4ed7fd9bceeec9fa2146792b8871862b95f203942de47fbde85b2d73fcf
model.language_model.layers.3.mlp.experts.173.gate_proj.weight_scale_inv	float32	16,32	e45d160aae3c19451c9e6e5d839115e50878bdbfadc5e6a23cdf22a77baf3c63
model.language_model.layers.3.mlp.experts.173.up_proj.weight	float8_e4m3fn	2048,4096	28d43cb6668e0939c2b74a8ff486f9015b91bd12558566e0678eda4b2756faa5
model.language_model.layers.3.mlp.experts.173.up_proj.weight_scale_inv	float32	16,32	722c4b1b9c8b042ed39f2d4ee05ab5343b1bd63f391a7d964856d2dbdb30aece
model.language_model.layers.3.mlp.experts.174.down_proj.weight	float8_e4m3fn	4096,2048	2f966c1eb69a7eca823ffa8d520aac57423ba2ddbc477e40da77080139fcb345
model.language_model.layers.3.mlp.experts.174.down_proj.weight_scale_inv	float32	32,16	3322631eeb557f952f42db9d2bbac45f6b6e73470159b47d05b48cfb849723af
model.language_model.layers.3.mlp.experts.174.gate_proj.weight	float8_e4m3fn	2048,4096	32d6591b0d9a62e172748a000bfab3e791dea1065737a9ddabfafce54458b11f
model.language_model.layers.3.mlp.experts.174.gate_proj.weight_scale_inv	float32	16,32	1e4e13f26874f0e19034e025a1bd04eb38eeaf9df31ec43c09b32837d9ac0482
model.language_model.layers.3.mlp.experts.174.up_proj.weight	float8_e4m3fn	2048,4096	a0de4d5475160762ac061de8541826e160e45269d9596e269973b94994c1d2c5
model.language_model.layers.3.mlp.experts.174.up_proj.weight_scale_inv	float32	16,32	2df4bed3d369aa79c0c699561850847db8773ffa9da1e9ac16082b571c982770
model.language_model.layers.3.mlp.experts.176.down_proj.weight	float8_e4m3fn	4096,2048	ac2031bb07c0c24cd87c3b03f2ce95c5c183fb27b558500167a3918373522fcc
model.language_model.layers.3.mlp.experts.176.down_proj.weight_scale_inv	float32	32,16	76316832734f34563626ebeb83666f4d68128f5ca0edb8f4ea40aae05fb2c577
model.language_model.layers.3.mlp.experts.176.gate_proj.weight	float8_e4m3fn	2048,4096	09f973a047f8d60f18e9fa4ab7d9e031476634592c9c5b2d615df4597c7fa0fe
model.language_model.layers.3.mlp.experts.176.gate_proj.weight_scale_inv	float32	16,32	a2a04cf3dadc0a370fe12838bac94d0133ab39b9685bd2e4817a9f99b0c33c2e
model.language_model.layers.3.mlp.experts.176.up_proj.weight	float8_e4m3fn	2048,4096	5b1dd382134a83a4cc5ade55f98734419acd19325ca7f152097091366e996fa4
model.language_model.layers.3.mlp.experts.176.up_proj.weight_scale_inv	float32	16,32	48af659b584ce742a516005e2f21d876249ee027f44ade75e3092c5195181c73
model.language_model.layers.3.mlp.experts.179.down_proj.weight	float8_e4m3fn	4096,2048	7c85e01e0aa5fdc5fd95997f2f12506cfb7e851e01accce5e66385af05cb766a
model.language_model.layers.3.mlp.experts.179.down_proj.weight_scale_inv	float32	32,16	f4c2581c7b8110ca61fcff98ab7b544f3bb1b9e732783daf9ceffe2cfa7eddab
model.language_model.layers.3.mlp.experts.179.gate_proj.weight	float8_e4m3fn	2048,4096	ae8c00c9f1698c926817676ae6d29ae5379e20a976a5d91c8876a0feb2420b4f
model.language_model.layers.3.mlp.experts.179.gate_proj.weight_scale_inv	float32	16,32	e50db3ff0cbdd4d5bc8fb513f52e7d42fa337084d92c441c1b204fd5e50559e9
model.language_model.layers.3.mlp.experts.179.up_proj.weight	float8_e4m3fn	2048,4096	2d7cb8bfc404c17cbe9ae39524f833a26ad0c3e8e7a18cb2d02badd29bf70dff
model.language_model.layers.3.mlp.experts.179.up_proj.weight_scale_inv	float32	16,32	e0c6efdb78b036f8d7f7b55270e90bfa90c536fc71b264f0f7701bef622f42bb
model.language_model.layers.3.mlp.experts.180.down_proj.weight	float8_e4m3fn	4096,2048	3fb72278787fa251a28103dbb3dca84f614c9214640b4fbbf5ac27eedfcec1dc
model.language_model.layers.3.mlp.experts.180.down_proj.weight_scale_inv	float32	32,16	289058eb8bae909fdc42c5dbd6b0f91e7cdf4caede65cdfc02decd89e1694b79
model.language_model.layers.3.mlp.experts.180.gate_proj.weight	float8_e4m3fn	2048,4096	091e8d65e7f76e621df87592ee26f00665db9df09f49fadb274fce94c84ad3ca
model.language_model.layers.3.mlp.experts.180.gate_proj.weight_scale_inv	float32	16,32	dffaca71477651a4748af964c625355109aa969e7ed25ad62ccd412699b32c7e
model.language_model.layers.3.mlp.experts.180.up_proj.weight	float8_e4m3fn	2048,4096	96b9d65f8c9af0b6dee00f0bbc5bdfce3eb2ac7aa4de9097a854b04f7b46f953
model.language_model.layers.3.mlp.experts.180.up_proj.weight_scale_inv	float32	16,32	7ad9408598431ab6532c705b9779fe71ac75e073f5dad6f26471d7e336ad051f
model.language_model.layers.3.mlp.experts.181.down_proj.weight	float8_e4m3fn	4096,2048	b015a34baac8fa8167a24d80343301050263091922b1c703b80989864aca6391
model.language_model.layers.3.mlp.experts.181.down_proj.weight_scale_inv	float32	32,16	7b53ce09d71abd2874a3201c84bf1b7d98e6a6f4e17c913fe6624c9585be845e
model.language_model.layers.3.mlp.experts.181.gate_proj.weight	float8_e4m3fn	2048,4096	be81e29c4bae4d8a59ac92fad8bff17d6471cfa1f424e1ad64455906e71d1911
model.language_model.layers.3.mlp.experts.181.gate_proj.weight_scale_inv	float32	16,32	e00319c15650434c22d9a5d1dc7020064ad8309010bd858fac3a93c0b95ead05
model.language_model.layers.3.mlp.experts.181.up_proj.weight	float8_e4m3fn	2048,4096	d5da64a58471d863b1283bb559d83fd9345ca637db5ae7a38484c23bfa07ca8b
model.language_model.layers.3.mlp.experts.181.up_proj.weight_scale_inv	float32	16,32	f98b47d93737b3ff34f08041dd1098023f6f4a90d73f01461ee183ab2241c782
model.language_model.layers.3.mlp.experts.184.down_proj.weight	float8_e4m3fn	4096,2048	e7ffd614b074f855c1a20d472517d10a52b0506312dc7b3da2d124ca238ce85f
model.language_model.layers.3.mlp.experts.184.down_proj.weight_scale_inv	float32	32,16	2dfa7f2b2b357a1a5287574edfff17f528abfb8083e98833cb8002f352f18d0c
model.language_model.layers.3.mlp.experts.184.gate_proj.weight	float8_e4m3fn	2048,4096	8f3889dc952c675c833381afb197974f9a632001593cf5dccc970ef8ddc6298c
model.language_model.layers.3.mlp.experts.184.gate_proj.weight_scale_inv	float32	16,32	4f73ae0800ac6859279657048470b5f653bf862cd074f1e94e6f7ea513c8c0f9
model.language_model.layers.3.mlp.experts.184.up_proj.weight	float8_e4m3fn	2048,4096	ee8065857e502a89507f6812cc016ebd5299d3034aa19e103437cc2f929132e0
model.language_model.layers.3.mlp.experts.184.up_proj.weight_scale_inv	float32	16,32	541a25405d053a5c1a12db2052d8a45b06b6e187a82b09f1726ec1693d232477
model.language_model.layers.3.mlp.experts.186.down_proj.weight	float8_e4m3fn	4096,2048	5321e49c8cf35452e3c97dca4e7e3a196c4781d754b3589d0d824baecd89e848
model.language_model.layers.3.mlp.experts.186.down_proj.weight_scale_inv	float32	32,16	0a75708fbedf85a270a708d9313ca4877075dc1d804fba21fcee2882ea6e5657
model.language_model.layers.3.mlp.experts.186.gate_proj.weight	float8_e4m3fn	2048,4096	113fa220a51a203feb701811a754fe4131d83718864a6aec1eb044d605459689
model.language_model.layers.3.mlp.experts.186.gate_proj.weight_scale_inv	float32	16,32	4603c8913fdc9355cde49313ca5bc1fe57c25fd0900f063872a4054e6fcffa49
model.language_model.layers.3.mlp.experts.186.up_proj.weight	float8_e4m3fn	2048,4096	a96725db6a950461a5ebd17fc50802c0af2ee2beb4347aabe7cec3ba7c66de23
model.language_model.layers.3.mlp.experts.186.up_proj.weight_scale_inv	float32	16,32	6f7a1be29b8f8859efafb08b6dd0c158e4d076149273c8ab29a4b63011595ac3
model.language_model.layers.3.mlp.experts.187.down_proj.weight	float8_e4m3fn	4096,2048	2354405a94f5d16b6beb7968f4245e324bf45a4694003da353997995c3751f50
model.language_model.layers.3.mlp.experts.187.down_proj.weight_scale_inv	float32	32,16	59d0328a17f71c889a717a4553776dea27310ef6c8f1cd81fcfd99da9680e4da
model.language_model.layers.3.mlp.experts.187.gate_proj.weight	float8_e4m3fn	2048,4096	82610b93b8f405f0230885dd5120046cd7b42b123d3d7209d641bd12b0addeea
model.language_model.layers.3.mlp.experts.187.gate_proj.weight_scale_inv	float32	16,32	6be53a3a89948ec6446468bb81bf04c0b7b1e26415e7985ea32bbc315972b458
model.language_model.layers.3.mlp.experts.187.up_proj.weight	float8_e4m3fn	2048,4096	c27e84813a8a0742a11122c46784b01245d1f863ed99bd5636c56b68ffb4ba95
model.language_model.layers.3.mlp.experts.187.up_proj.weight_scale_inv	float32	16,32	c612c269c9e0b66f688084f4ba979a60c969bae50b11ba1297ed608571f44317
model.language_model.layers.3.mlp.experts.188.down_proj.weight	float8_e4m3fn	4096,2048	6fe80a44f87748cbeb919db3f3a544318fa3fe14ba1a3b3795472c4daf7d7910
model.language_model.layers.3.mlp.experts.188.down_proj.weight_scale_inv	float32	32,16	2da104ba7a610f5be9fb6d6b11d8bf187edca046cdbe6074bdd4d17fec9b79c1
model.language_model.layers.3.mlp.experts.188.gate_proj.weight	float8_e4m3fn	2048,4096	1da7b436bae8938c3716cb29e297f9ce88f0809bfca7f2b10413a487e5710d33
model.language_model.layers.3.mlp.experts.188.gate_proj.weight_scale_inv	float32	16,32	fbd3b937b0e724d33078b9e2affade708b7c757bc09c03cbb1f89ba76487400e
model.language_model.layers.3.mlp.experts.188.up_proj.weight	float8_e4m3fn	2048,4096	cdfeb8cac95207d93406621ae9a9a5e658f6565793b36cd3abdc843e410ac15c
model.language_model.layers.3.mlp.experts.188.up_proj.weight_scale_inv	float32	16,32	36047da119eefc39e661e9699915cc497674892f6a4e5844baa97cc95cff682a
model.language_model.layers.3.mlp.experts.19.down_proj.weight	float8_e4m3fn	4096,2048	37cefeba6d88eb0ccf9ed6a8b88577d266ea60f52616cf2c88af9e19f5831c0e
model.language_model.layers.3.mlp.experts.19.down_proj.weight_scale_inv	float32	32,16	3db391448b9a1e8d20a36a4610d70a4d6fc0230933013e48bfa3fada6cfa6858
model.language_model.layers.3.mlp.experts.19.gate_proj.weight	float8_e4m3fn	2048,4096	25753b52b0c25270a2a10e1fe7de318829276f0cba06555f81571cb6cf579c18
model.language_model.layers.3.mlp.experts.19.gate_proj.weight_scale_inv	float32	16,32	abe10d6385f6936c32357873831a9dffd8d7bfcc319e2c54bb02f00310ad010e
model.language_model.layers.3.mlp.experts.19.up_proj.weight	float8_e4m3fn	2048,4096	4b0345eb1bb337e80e45d8a01c798b4f5716b61ff648b92642d12a126e029fab
model.language_model.layers.3.mlp.experts.19.up_proj.weight_scale_inv	float32	16,32	79b0f76df6c04fd3e6298fd361c4d6c3a2a73ae73a584f2eddae8242ac9250e1
model.language_model.layers.3.mlp.experts.190.down_proj.weight	float8_e4m3fn	4096,2048	43de88f4be19ec761d84c7e5ec1c97d885965d64701ac5c7cbc853add15c891a
model.language_model.layers.3.mlp.experts.190.down_proj.weight_scale_inv	float32	32,16	4a43ebfe83a0730f34adc0c5fe3236381a61a4c2b7bda26b4a37d2811d2769d9
model.language_model.layers.3.mlp.experts.190.gate_proj.weight	float8_e4m3fn	2048,4096	10608aa557f5431a9e3196a512e1cde366e3e2d756811e909f5739c6492f2646
model.language_model.layers.3.mlp.experts.190.gate_proj.weight_scale_inv	float32	16,32	23b27f3a75a1e6334488ae76e8ec53eab8cf33e3aeef6b981d5fb2a898d61f44
model.language_model.layers.3.mlp.experts.190.up_proj.weight	float8_e4m3fn	2048,4096	ad66c475ba39f0d7590277f40d66f5c5c3f05480144689d74302531053ed4220
model.language_model.layers.3.mlp.experts.190.up_proj.weight_scale_inv	float32	16,32	128dc91625293703180abb0fd1f58dcd1df0a6bf6e18d2d1be2674877e869761
model.language_model.layers.3.mlp.experts.192.down_proj.weight	float8_e4m3fn	4096,2048	3455b462af8ad6583387feead20a1792828a4e61a0890e4a8219df88f643e080
model.language_model.layers.3.mlp.experts.192.down_proj.weight_scale_inv	float32	32,16	6b305f06097a401e034d178e65b38c9efba465a4155e60d868eee4e913b0b2df
model.language_model.layers.3.mlp.experts.192.gate_proj.weight	float8_e4m3fn	2048,4096	285b71da0d9451708db77047b217e83a49ded4436d8b6ea1784516d1f1d6671e
model.language_model.layers.3.mlp.experts.192.gate_proj.weight_scale_inv	float32	16,32	439acb4eecdea9671800f11ca792d588bcf528030dd9ca63422eb2eba8e6b3ac
model.language_model.layers.3.mlp.experts.192.up_proj.weight	float8_e4m3fn	2048,4096	d7e859cf4c170e7ef6fecc3001204fbc53df192070c62932213f5692c50c03b9
model.language_model.layers.3.mlp.experts.192.up_proj.weight_scale_inv	float32	16,32	dc539e59b6e936196867cb95085d734f424a1431e9248cb58bffcc04f93ee250
model.language_model.layers.3.mlp.experts.194.down_proj.weight	float8_e4m3fn	4096,2048	0207c80ecdb0d3abee6ea9b6d03ca629f7abb48a4aed4077e00a3a243521c44f
model.language_model.layers.3.mlp.experts.194.down_proj.weight_scale_inv	float32	32,16	f5ac2663365393b2acf859ca1a9a48626e592d9829953d548740c1f43d0ee685
model.language_model.layers.3.mlp.experts.194.gate_proj.weight	float8_e4m3fn	2048,4096	9136b4d25bf190958d91b8d060b03cd5bce99ea441011636c207fc2ffbd5b7af
model.language_model.layers.3.mlp.experts.194.gate_proj.weight_scale_inv	float32	16,32	cc924c3bdaec76212ce36432a70cf4805565fa8a9a1ed56bf391b47af21af309
model.language_model.layers.3.mlp.experts.194.up_proj.weight	float8_e4m3fn	2048,4096	ef9f64793e8f5059890d992ad6b4d2f227ebae68b1d2e5ad58976ba9b4623413
model.language_model.layers.3.mlp.experts.194.up_proj.weight_scale_inv	float32	16,32	bfa071c5a54103a7d262dc48e369f4e34b908fd71c6a8615f1da947bd8ce5707
model.language_model.layers.3.mlp.experts.196.down_proj.weight	float8_e4m3fn	4096,2048	522de0598f267bb25c560732d128788ac32c7bb097c8b268858fcbc916e5f468
model.language_model.layers.3.mlp.experts.196.down_proj.weight_scale_inv	float32	32,16	9cfdbba0b8b31c4dfcae76140de964da5c77024ced6c29704778bec10f88459a
model.language_model.layers.3.mlp.experts.196.gate_proj.weight	float8_e4m3fn	2048,4096	85821a6d436277b3cb8ae68ba944859c795db3f62a1a8fbecb22e99190775dc5
model.language_model.layers.3.mlp.experts.196.gate_proj.weight_scale_inv	float32	16,32	d1b1fb40ef5b76d6ab6d9f9384827489796915e593b350ba8f6548939bc348a4
model.language_model.layers.3.mlp.experts.196.up_proj.weight	float8_e4m3fn	2048,4096	5d5e94a4d3abe4f12c834bc0b4658abb676d7fb808f52c9e835f17a1adb48ca9
model.language_model.layers.3.mlp.experts.196.up_proj.weight_scale_inv	float32	16,32	1ac1c427be349d6f0c473418b7de91d01dd0341b76d8c1c03c24579bd81be5f9
model.language_model.layers.3.mlp.experts.2.down_proj.weight	float8_e4m3fn	4096,2048	49496e492823b4dfec6659ae3bd89cdf2c45e710b11a2f6d504ce0bde845bd0e
model.language_model.layers.3.mlp.experts.2.down_proj.weight_scale_inv	float32	32,16	d854dd05daffbc407354d167806b667819dcae5b588bac2c32b9f3c0d70d402b
model.language_model.layers.3.mlp.experts.2.gate_proj.weight	float8_e4m3fn	2048,4096	503f77ecf350cd64570c1c0877bf612154af4081206f9d1935bb8a999c6ef46b
model.language_model.layers.3.mlp.experts.2.gate_proj.weight_scale_inv	float32	16,32	3057e49ed1d9e0144c0370f9dfc4295952a107a4339689c77abda4e3c7a4e2cd
model.language_model.layers.3.mlp.experts.2.up_proj.weight	float8_e4m3fn	2048,4096	558381aae29ee679c21a9f84ea25b2a52a8caf7c2641959c901208d1ffd6a8f9
model.language_model.layers.3.mlp.experts.2.up_proj.weight_scale_inv	float32	16,32	9807c6a489067bf7eeac7f414f761390f7b4dac0701679adfe8fb69c621961b0
model.language_model.layers.3.mlp.experts.202.down_proj.weight	float8_e4m3fn	4096,2048	282f7058c3fb985177cb3ac30b7963dc9abc2264ae41755358d07724c697ce2c
model.language_model.layers.3.mlp.experts.202.down_proj.weight_scale_inv	float32	32,16	d622f1c18701d8347e790673b99c4833f40ea1bc2e00cec539d31f59ce47ecd9
model.language_model.layers.3.mlp.experts.202.gate_proj.weight	float8_e4m3fn	2048,4096	ba8c555fe94972e66257680b1c094f0dfd7f8de69b4498fb9717024995ac34db
model.language_model.layers.3.mlp.experts.202.gate_proj.weight_scale_inv	float32	16,32	f30dac64a10a969175ed6d39826a818eeb0f4d4c60613577be08fdda30f542d4
model.language_model.layers.3.mlp.experts.202.up_proj.weight	float8_e4m3fn	2048,4096	aaf560613ff4be837044ce372ae596fd817d7713f2b02a65f6b2834ffd301c83
model.language_model.layers.3.mlp.experts.202.up_proj.weight_scale_inv	float32	16,32	6a3e87950cf23ce3fb25b035f138a3ef7a40f0c4e5d1a1bcbbe788e5043e5e40
model.language_model.layers.3.mlp.experts.203.down_proj.weight	float8_e4m3fn	4096,2048	6f44eba00a315ae7ed50576c4aa0fd0637888575a2b0e53d32610491f69e12a9
model.language_model.layers.3.mlp.experts.203.down_proj.weight_scale_inv	float32	32,16	ecbe7a28ec42697f0fa1c941e69b846bd8c0526aa7ce3388e5e9a1e21d275a47
model.language_model.layers.3.mlp.experts.203.gate_proj.weight	float8_e4m3fn	2048,4096	85239fbeb86d016a4e5cae11a38fc2b44e8328cfb8c3add596d6db6cfce2d16a
model.language_model.layers.3.mlp.experts.203.gate_proj.weight_scale_inv	float32	16,32	c69c390bdc1a4db5493ccf33b888cf64d77c4ef0825f3a5c38bee06edfff85b7
model.language_model.layers.3.mlp.experts.203.up_proj.weight	float8_e4m3fn	2048,4096	4cb16bfa3796f40c51408a89f2495d25485c2eda5ef4d0a9ad14e21501ae33c4
model.language_model.layers.3.mlp.experts.203.up_proj.weight_scale_inv	float32	16,32	cf50c83589b4101bc6648342ee52a813da927e774ba3409874a2849d97f4e948
model.language_model.layers.3.mlp.experts.204.down_proj.weight	float8_e4m3fn	4096,2048	f587947f818f2fb64288403e08e8f06b0c86ea6c53ae9068badd83c5b8e35fcd
model.language_model.layers.3.mlp.experts.204.down_proj.weight_scale_inv	float32	32,16	bb0d8955b0044e8c48337ad8512111e76bf59fa778b0d03d63d49be2b9aa8131
model.language_model.layers.3.mlp.experts.204.gate_proj.weight	float8_e4m3fn	2048,4096	38869346fd7de647ef8b94da06abc1da97f6cbae7aa1c12b4b06b0d69be5a7a3
model.language_model.layers.3.mlp.experts.204.gate_proj.weight_scale_inv	float32	16,32	044c5d1887e92f858a2825d8c9d99c97b8c475999cdcd61f022fcb2e3909ea6a
model.language_model.layers.3.mlp.experts.204.up_proj.weight	float8_e4m3fn	2048,4096	613ebcba52d4f6b57db77bb60bbdfa86e3af996b8f3a26b88b4e09455b4ca831
model.language_model.layers.3.mlp.experts.204.up_proj.weight_scale_inv	float32	16,32	192ccfda498f861d56be205ffdfc86654c9cd8a39979147190f9447ec99aed36
model.language_model.layers.3.mlp.experts.205.down_proj.weight	float8_e4m3fn	4096,2048	acddeebd3a954757114eb164cfab0e64222831dca7d032711011d6491b52dc41
model.language_model.layers.3.mlp.experts.205.down_proj.weight_scale_inv	float32	32,16	ce7763eea1b4ae84c2f4d2ae123067becd211989abbf78e4ec72c3c1da13f7fc
model.language_model.layers.3.mlp.experts.205.gate_proj.weight	float8_e4m3fn	2048,4096	2947ae8f4ee198a4d0d5d7bfc5928ef66b45610541c7abf368de36af06484a79
model.language_model.layers.3.mlp.experts.205.gate_proj.weight_scale_inv	float32	16,32	80933ff26c547fba927f3d453dec41fb38f728fef4ce9dd4a8602dbfc8a91cff
model.language_model.layers.3.mlp.experts.205.up_proj.weight	float8_e4m3fn	2048,4096	18270909b78a838feac943095ff8b3a0e1eabf254edd2beee7076df013f1e6e2
model.language_model.layers.3.mlp.experts.205.up_proj.weight_scale_inv	float32	16,32	d01099dbfcbeeca5623dac34505868e72ac1c64b0d97e348499b68e7a21fb88e
model.language_model.layers.3.mlp.experts.208.down_proj.weight	float8_e4m3fn	4096,2048	6bbb995178c5e8565df35a183261ce33478da4d1fbd1dcfdc3c2d5defea07b06
model.language_model.layers.3.mlp.experts.208.down_proj.weight_scale_inv	float32	32,16	0ef84479dfab40a1b023e51ed890fbbefb5b7f76c07e211fcbccf587ea105c6c
model.language_model.layers.3.mlp.experts.208.gate_proj.weight	float8_e4m3fn	2048,4096	a9c04d13392a8c5887e888cd4e6cee13f59a30b4e76778d6d68be1f1b0f7eb32
model.language_model.layers.3.mlp.experts.208.gate_proj.weight_scale_inv	float32	16,32	af6c5281791bee7950024ed510ccc383cda5bf1be570e3a430820472ec186d4e
model.language_model.layers.3.mlp.experts.208.up_proj.weight	float8_e4m3fn	2048,4096	227a0d76f5a0345bb678dddce387b9418e6d47032a06ee066c351d08e00bc4e7
model.language_model.layers.3.mlp.experts.208.up_proj.weight_scale_inv	float32	16,32	251ba59a3f1d7c703a84d6b420ee56c01644bc72134cfc0149d561446cb2a490
model.language_model.layers.3.mlp.experts.209.down_proj.weight	float8_e4m3fn	4096,2048	3de541229f72759311c9fdab956a78810a5f6b0d2faf343b8cbdee62aeb6b05b
model.language_model.layers.3.mlp.experts.209.down_proj.weight_scale_inv	float32	32,16	edad1d149a54490194d3d0a11c21c7d2c0826b1b277acb51d8d967157945b2cc
model.language_model.layers.3.mlp.experts.209.gate_proj.weight	float8_e4m3fn	2048,4096	b9ec0c170135fbc962109d86a9dfadb171c3be9ef2ec16800acb9b01f9382e0d
model.language_model.layers.3.mlp.experts.209.gate_proj.weight_scale_inv	float32	16,32	46be41890469d99944cc39f41c5e7a23dba06b49df1a214528326e55532e7a01
model.language_model.layers.3.mlp.experts.209.up_proj.weight	float8_e4m3fn	2048,4096	1ea2a3e6a4d07b2c1f504f10f438de201167f712eb9db9436c681ab1e8436720
model.language_model.layers.3.mlp.experts.209.up_proj.weight_scale_inv	float32	16,32	82ad936f56fc8ffaff69670d467ee24ed6153e45dae27962d3aa61be36dc47d8
model.language_model.layers.3.mlp.experts.21.down_proj.weight	float8_e4m3fn	4096,2048	8c44c8f5d4038939b26d379f12daf13edb21528649bbb639e1674f2157e14c2a
model.language_model.layers.3.mlp.experts.21.down_proj.weight_scale_inv	float32	32,16	0b3dbc2471050dea57e70e6e4e8060fff82e5c03e4960cfcb7d07136744c5b58
model.language_model.layers.3.mlp.experts.21.gate_proj.weight	float8_e4m3fn	2048,4096	347635c43c04d7b0716d9b7076200d31a6c127a8c1c1f7450595cb420a6e89fa
model.language_model.layers.3.mlp.experts.21.gate_proj.weight_scale_inv	float32	16,32	b53e25231261a8ae2f2adb66a5d64600d767df713775d6283432d58988c234e1
model.language_model.layers.3.mlp.experts.21.up_proj.weight	float8_e4m3fn	2048,4096	694d626e2ba3ef2942375e6d97bf2984f59cc9d454890704d578db331133ca35
model.language_model.layers.3.mlp.experts.21.up_proj.weight_scale_inv	float32	16,32	13563b25d368118a27a91a215534958baa26872a4e9d42b85111c54ec350384f
model.language_model.layers.3.mlp.experts.210.down_proj.weight	float8_e4m3fn	4096,2048	23e07f4c6621c2b988ee997074541b86efb9a8e51074af67ca272d16937e0e8a
model.language_model.layers.3.mlp.experts.210.down_proj.weight_scale_inv	float32	32,16	596020f05f5f3aa65e9a6c50aa1138e88d3df47a2e98c825d3bb849dd48e1ceb
model.language_model.layers.3.mlp.experts.210.gate_proj.weight	float8_e4m3fn	2048,4096	4f6db7fec98e591141576340e2e8d271214db4c789557830d44e425d8067e353
model.language_model.layers.3.mlp.experts.210.gate_proj.weight_scale_inv	float32	16,32	ef6a6fd5520f505f6d5d200ee10fc792bf48b8715fd58974682e4a0d8ee97679
model.language_model.layers.3.mlp.experts.210.up_proj.weight	float8_e4m3fn	2048,4096	3858f350231e540a752fcf7820ff47cccc7f8d9eb4aeda8aa86b17fb304ccff9
model.language_model.layers.3.mlp.experts.210.up_proj.weight_scale_inv	float32	16,32	22c243e7b329f19d71e6f3e8d24e37b1859b0161416cd8c5c99c83bcdfc80c6b
model.language_model.layers.3.mlp.experts.211.down_proj.weight	float8_e4m3fn	4096,2048	dfe14d81567d337c6c3e9d27eb6f204ca1e072ac91cbb46580c832a3795a8afd
model.language_model.layers.3.mlp.experts.211.down_proj.weight_scale_inv	float32	32,16	a034bcdfbf6a5151fdfe81b052bab82d219d3aeab9c2a0079a2adee73a6389c0
model.language_model.layers.3.mlp.experts.211.gate_proj.weight	float8_e4m3fn	2048,4096	32b1eda88eba710d3e3f98137a4e42d5283f12c655873d4576ca37a62cfa671c
model.language_model.layers.3.mlp.experts.211.gate_proj.weight_scale_inv	float32	16,32	1b40a303216ad5877d879b531630f4feec9a419a77bca608d62506fed05f16dd
model.language_model.layers.3.mlp.experts.211.up_proj.weight	float8_e4m3fn	2048,4096	25e50aeee37276df0e98a8287fd8f8a2ad4dccde1534fc3cb8f0fe8ec0357bee
model.language_model.layers.3.mlp.experts.211.up_proj.weight_scale_inv	float32	16,32	369dde60359e51694aaac1f8b8fcadf283c48f09f521936bbd901844faecdd8e
model.language_model.layers.3.mlp.experts.212.down_proj.weight	float8_e4m3fn	4096,2048	842c7ffd5070ac25691a609a267cca6077467c9c2bc8d6299f8f5072dc6a1edb
model.language_model.layers.3.mlp.experts.212.down_proj.weight_scale_inv	float32	32,16	957bb3ac50b0d9b9754eef562270fa18dc9c64085e1ea55f46d2fd5553d2d7d5
model.language_model.layers.3.mlp.experts.212.gate_proj.weight	float8_e4m3fn	2048,4096	83538a7c96c34a5494ae5243c16bb1b3e6c61bef2da13a52f4c69f1fb78daeee
model.language_model.layers.3.mlp.experts.212.gate_proj.weight_scale_inv	float32	16,32	896491d1ae8ef5582ddcbc8bed9a90be830ca931e5a18e08112cbf64ea07fec0
model.language_model.layers.3.mlp.experts.212.up_proj.weight	float8_e4m3fn	2048,4096	4178cb2b6e8eef5daebdaa8daa4d86809c629be56b783a7621597f3d5ea0118e
model.language_model.layers.3.mlp.experts.212.up_proj.weight_scale_inv	float32	16,32	0a5bea841a679649088a347a709dfc7d4d902da89b630e6cddee1aa4bddc18d0
model.language_model.layers.3.mlp.experts.218.down_proj.weight	float8_e4m3fn	4096,2048	8aab75c24c826189b15a172894aca25fd34acac300226cf0273512aca4e46e3e
model.language_model.layers.3.mlp.experts.218.down_proj.weight_scale_inv	float32	32,16	66c8b083929cc4a78e1dfde1a7b5376f1a59164368576a78b42377c01353884a
model.language_model.layers.3.mlp.experts.218.gate_proj.weight	float8_e4m3fn	2048,4096	771c1b927bf3412bf6783d148f538c9021b5366279836e412818eeff2b0196e4
model.language_model.layers.3.mlp.experts.218.gate_proj.weight_scale_inv	float32	16,32	1ea8d993959e6cde713174404c1090aa7e2b7af5325d4d4458221e4a1dcfb810
model.language_model.layers.3.mlp.experts.218.up_proj.weight	float8_e4m3fn	2048,4096	6ea012c2c4fdeb29d56631647a22f0168a4fb9ed78e8fcbb1c13acb08e437310
model.language_model.layers.3.mlp.experts.218.up_proj.weight_scale_inv	float32	16,32	293ada2f0b63e4693338ea5bde93181f2fad62cad5d8708218cdc1fc11703ec9
model.language_model.layers.3.mlp.experts.22.down_proj.weight	float8_e4m3fn	4096,2048	989bbaf88f07d390a166aa4830eeb437303d73d1860b73ba5b63ea6f1c071353
model.language_model.layers.3.mlp.experts.22.down_proj.weight_scale_inv	float32	32,16	0fc53ebb6a1421010d26d419a02e9ff3476f73b0a0c3301b95652779cb63a15f
model.language_model.layers.3.mlp.experts.22.gate_proj.weight	float8_e4m3fn	2048,4096	a9aab3b0bf8db0ded5f50df4064181ed3356b953f49d54a4447614da677ff7e7
model.language_model.layers.3.mlp.experts.22.gate_proj.weight_scale_inv	float32	16,32	36694414ef4a1c0a0fb909f02cea9ace65e7d64bcc0bfa42e816c7f03011cdbd
model.language_model.layers.3.mlp.experts.22.up_proj.weight	float8_e4m3fn	2048,4096	90f21384de7eec37a029e3e6b6aaf3ecc858b8be9e1bda35323d0f6396479aca
model.language_model.layers.3.mlp.experts.22.up_proj.weight_scale_inv	float32	16,32	0d73e66de9277b3c03ee8869e6a854efcfe54655efd62e29004d61d02d92d705
model.language_model.layers.3.mlp.experts.221.down_proj.weight	float8_e4m3fn	4096,2048	e5de6aeb0defa407088e88d68a0cd7bd691d5f199afd2f5471398fc2370ede80
model.language_model.layers.3.mlp.experts.221.down_proj.weight_scale_inv	float32	32,16	c0a67c501e1ddca398d4004df877256b845fbdbb1659c402854f53b27d705a4d
model.language_model.layers.3.mlp.experts.221.gate_proj.weight	float8_e4m3fn	2048,4096	e177aef9152b5e6b6f209ef4a23cc0a97a560cd3bce68c06463b3f11f5807172
model.language_model.layers.3.mlp.experts.221.gate_proj.weight_scale_inv	float32	16,32	c9dc88fa1eb740c28beec03810c61abefaeab71b451bacb6158b6eac4605971e
model.language_model.layers.3.mlp.experts.221.up_proj.weight	float8_e4m3fn	2048,4096	039e73577991ab287636e0ab071bce57d8d0c027b0c0aa8dddce27c5d2fccb96
model.language_model.layers.3.mlp.experts.221.up_proj.weight_scale_inv	float32	16,32	513d381e8884adfdde663679d3646a8ab13a324d4bd204a62f5ccb9e7d637429
model.language_model.layers.3.mlp.experts.222.down_proj.weight	float8_e4m3fn	4096,2048	521fb7139126a9860c5a74f8d84016c3420e17814e1df1cb15026dd988099c91
model.language_model.layers.3.mlp.experts.222.down_proj.weight_scale_inv	float32	32,16	c00a2593f4ef939640bfd5257c71b1a0a10fb113b25bd6edc64b873550a7061c
model.language_model.layers.3.mlp.experts.222.gate_proj.weight	float8_e4m3fn	2048,4096	dda8b86e972ee40b15e1b58defc9decf8e34952688313f4defd190a8bc92bc7d
model.language_model.layers.3.mlp.experts.222.gate_proj.weight_scale_inv	float32	16,32	6d2d38e3634d189fd1bacc0b56a5ec0a3c835eb4fffa6d304f345560cb74bd60
model.language_model.layers.3.mlp.experts.222.up_proj.weight	float8_e4m3fn	2048,4096	235dca668723af01c5657db5a35ed1d2e92e66d639479749463ef7854a77e9bc
model.language_model.layers.3.mlp.experts.222.up_proj.weight_scale_inv	float32	16,32	a63c3812c752284630684f2cbbd432639d5f932915069b4b7c939f238686b6ca
model.language_model.layers.3.mlp.experts.223.down_proj.weight	float8_e4m3fn	4096,2048	4b39aee5d1c0d8d1a363c4cb190698b2eff3c4a6386f7771dc9b637bc0354e11
model.language_model.layers.3.mlp.experts.223.down_proj.weight_scale_inv	float32	32,16	7547ab37ac9df0d45bf27e91180ec8fc33bb01cc16ce73976870028d3f6aabca
model.language_model.layers.3.mlp.experts.223.gate_proj.weight	float8_e4m3fn	2048,4096	22b09b0399bf2c45fcbf770558de24a5ed232ae62f3e9e8c9f47b03d39a2ecc8
model.language_model.layers.3.mlp.experts.223.gate_proj.weight_scale_inv	float32	16,32	e218bc134fb8d314a52a94e5c447e25f63b58aa35454d9b462b3bef9c3a7d7d9
model.language_model.layers.3.mlp.experts.223.up_proj.weight	float8_e4m3fn	2048,4096	f1e52ada10f34f5e8d44b61e46684ce32413ad0f44d52806a4a7943206dd4b9a
model.language_model.layers.3.mlp.experts.223.up_proj.weight_scale_inv	float32	16,32	0615b7cf812c104e44d627e36acd2c2472bc34ceac2a92ed6f1089d09ba6c235
model.language_model.layers.3.mlp.experts.225.down_proj.weight	float8_e4m3fn	4096,2048	a5a372fc82a30393e0c8fee07d75876c0ee4ead523af85da55abae2024ebe7a7
model.language_model.layers.3.mlp.experts.225.down_proj.weight_scale_inv	float32	32,16	b6daf853e5d46ff00a47653e1ec75728cb4efe708849e1582e5a30041ab6c269
model.language_model.layers.3.mlp.experts.225.gate_proj.weight	float8_e4m3fn	2048,4096	776ca4236b5bb7bd3ba7e8939b0133ce869db10d06dba6e8414c6f4f94d67783
model.language_model.layers.3.mlp.experts.225.gate_proj.weight_scale_inv	float32	16,32	01a3126e2a0d417fb4c0d2bf76f40e7c88e01322af797bf0940c60c851226c70
model.language_model.layers.3.mlp.experts.225.up_proj.weight	float8_e4m3fn	2048,4096	9bbd96257f7a2cfb21c032a222416f0d212186ab09bcc1554181031004b54f93
model.language_model.layers.3.mlp.experts.225.up_proj.weight_scale_inv	float32	16,32	24f9d49003309cfaa0dc19796bea0740e262f12768bfd66e1a8376950c8dfd4f
model.language_model.layers.3.mlp.experts.226.down_proj.weight	float8_e4m3fn	4096,2048	0b9742ef1793bd25985b36ead1d380c2615cb2f0a471b642c39aec9b46d41ab5
model.language_model.layers.3.mlp.experts.226.down_proj.weight_scale_inv	float32	32,16	d384188dc8a1ebddaeb47a11f8b061fe29f7404c1e1cb3419f85a7bd1adf3619
model.language_model.layers.3.mlp.experts.226.gate_proj.weight	float8_e4m3fn	2048,4096	bfbd5f1b0708b6a5f02fcac6d52be6265182e446e863c3dd54d67c24b89cc2fc
model.language_model.layers.3.mlp.experts.226.gate_proj.weight_scale_inv	float32	16,32	b706b3542c74318022067ef0d65f00208c37e1fc31e9adb930692256e61caba6
model.language_model.layers.3.mlp.experts.226.up_proj.weight	float8_e4m3fn	2048,4096	3242c5a7512087c96ea9796c9837ab56fe5e8169d79b381e73254625c14801d4
model.language_model.layers.3.mlp.experts.226.up_proj.weight_scale_inv	float32	16,32	7849b3d2d4856f3eeac00348cccd6ce49699aeaaa9b9135277a34f385a40705b
model.language_model.layers.3.mlp.experts.227.down_proj.weight	float8_e4m3fn	4096,2048	3eac58f6d52e2513bbb976153c3bc56e66ebed65ba95926d3fb71b0c9d5635c8
model.language_model.layers.3.mlp.experts.227.down_proj.weight_scale_inv	float32	32,16	206264ce26d4cf2b7d632b572123e172ee02880213c128ef067de2bf1207761b
model.language_model.layers.3.mlp.experts.227.gate_proj.weight	float8_e4m3fn	2048,4096	277d68b85100a4de0f3f06cf5fdb0c45f8c23074830d85bafd747d3d09eff1f6
model.language_model.layers.3.mlp.experts.227.gate_proj.weight_scale_inv	float32	16,32	438888cf27172b258f9d24ca40b4017356b0a8dacb0ae30ec7c0c6ab52cb57e4
model.language_model.layers.3.mlp.experts.227.up_proj.weight	float8_e4m3fn	2048,4096	d39332ebc8a590d1ef2d2a00b8e843806c3e48ae03281cfda102bc88eed831d3
model.language_model.layers.3.mlp.experts.227.up_proj.weight_scale_inv	float32	16,32	d09f9498b3c6369fa6f3d3304c0ce69538d5abc3bbb6c7819295db60297f437d
model.language_model.layers.3.mlp.experts.228.down_proj.weight	float8_e4m3fn	4096,2048	bd1a1ab9e58284d4b38526cf8d3ce5f618c1802a93176f23881b579b82667e35
model.language_model.layers.3.mlp.experts.228.down_proj.weight_scale_inv	float32	32,16	a7fd948cd1b300c94f2bfd4ae3f18b0b344f141b9d936d84649cfec9798957b4
model.language_model.layers.3.mlp.experts.228.gate_proj.weight	float8_e4m3fn	2048,4096	a8e7d266727bf6245cc35100810dfc06a9e17cf74e0195a10a3e01fc9326c424
model.language_model.layers.3.mlp.experts.228.gate_proj.weight_scale_inv	float32	16,32	f210914bfca5774068c89ff49a9c2808e57e7f8152e05ea47653e563862d83be
model.language_model.layers.3.mlp.experts.228.up_proj.weight	float8_e4m3fn	2048,4096	5b999ae95d6fc2182a5dbb3439001cf02be71906ee63f03d38ed0e4831a919e4
model.language_model.layers.3.mlp.experts.228.up_proj.weight_scale_inv	float32	16,32	29f496b2d041bc13905415c9546bc679724b1f5233c6bf2f4b82783cd749f241
model.language_model.layers.3.mlp.experts.23.down_proj.weight	float8_e4m3fn	4096,2048	f86fd4e053c6aed41a10a76193d5a04c0965f3b3d0ac8a8184d384eb4be3e84f
model.language_model.layers.3.mlp.experts.23.down_proj.weight_scale_inv	float32	32,16	59c704bb86eb90192a9763d52653f3c0c95e084040736f46d72ee11aaf16049b
model.language_model.layers.3.mlp.experts.23.gate_proj.weight	float8_e4m3fn	2048,4096	98a5df22c4c35f3026cb457aee7f0577866fe24a07ca94342359b95dca0a1d20
model.language_model.layers.3.mlp.experts.23.gate_proj.weight_scale_inv	float32	16,32	942f680bfdf6549b484a3deffd259b36783dbd393768e36e28cb649efad878e2
model.language_model.layers.3.mlp.experts.23.up_proj.weight	float8_e4m3fn	2048,4096	0a5445b2de96793831c5e7d5e44fffef26a70eb25fba1db66b82f9798d6b4c5d
model.language_model.layers.3.mlp.experts.23.up_proj.weight_scale_inv	float32	16,32	d078549a38385b349a378faefc71fe640b982606b42ba97efed8c99c3bfa3cde
model.language_model.layers.3.mlp.experts.230.down_proj.weight	float8_e4m3fn	4096,2048	ad50262a23408832d9c7ae4e3a51591a63b6f7c762f0ef378180779526b2c914
model.language_model.layers.3.mlp.experts.230.down_proj.weight_scale_inv	float32	32,16	7170270b3f80659ad6db80e14622bcefa938e5cd2dda6fc10e3d2b2a2f4bc87b
model.language_model.layers.3.mlp.experts.230.gate_proj.weight	float8_e4m3fn	2048,4096	f3e18a115f43bf3a24a6e2213898b38bf684e1688b70ee3910bf698ef9adb5ac
model.language_model.layers.3.mlp.experts.230.gate_proj.weight_scale_inv	float32	16,32	6782c646b6ad5d55f8235ce2b488840b362ef73751c4a1a0ec790be285d26aff
model.language_model.layers.3.mlp.experts.230.up_proj.weight	float8_e4m3fn	2048,4096	8fe9901c93fdf35d65c1559144f1ab6952b327ccf9f14a2756392e3d28ca07df
model.language_model.layers.3.mlp.experts.230.up_proj.weight_scale_inv	float32	16,32	05e019f92eb019426263dd2e2caa96012275858462734d20dc008aa34f6388cc
model.language_model.layers.3.mlp.experts.237.down_proj.weight	float8_e4m3fn	4096,2048	67aeb7022257b8a91161a7c7b496d3e8dae7799110310121339b93bea1328ee6
model.language_model.layers.3.mlp.experts.237.down_proj.weight_scale_inv	float32	32,16	d7b7b38aff0169733239c5974835f4869bfbf11f34d3c241b7daf53509350d9f
model.language_model.layers.3.mlp.experts.237.gate_proj.weight	float8_e4m3fn	2048,4096	3401efc7d4ca6166ec82e71681132d51be159fc5e1bbaa7aaa691d51fecc153f
model.language_model.layers.3.mlp.experts.237.gate_proj.weight_scale_inv	float32	16,32	7867463a85fd3f3aec46bed5f0c68fb3a44ff39d7b22b47a8292bf36d19c67ba
model.language_model.layers.3.mlp.experts.237.up_proj.weight	float8_e4m3fn	2048,4096	854745fd0bcc619a6764c13531b15a17973b9832dfcaebcfd31c82bc46cc8250
model.language_model.layers.3.mlp.experts.237.up_proj.weight_scale_inv	float32	16,32	36085be53eff7cb9a3fc722f29c9f8c2d95f017fafbbd6275d4e1b6a807c288c
model.language_model.layers.3.mlp.experts.238.down_proj.weight	float8_e4m3fn	4096,2048	631714412d7662f150a472dfe5df88a19984cab0679d72d8875dd66522c88994
model.language_model.layers.3.mlp.experts.238.down_proj.weight_scale_inv	float32	32,16	721e12d921434b712040ca68faab70965ab55163fb6dcb3b6f8b282f445e06f6
model.language_model.layers.3.mlp.experts.238.gate_proj.weight	float8_e4m3fn	2048,4096	f70ecbc6910fc79254bf5ad091dff0aee2a697fe9c0fff8cec8a407a76d1331d
model.language_model.layers.3.mlp.experts.238.gate_proj.weight_scale_inv	float32	16,32	f6bd429e9cb7550f5de406b59c281ed7d8b0aab472a290381503a3b185f09f33
model.language_model.layers.3.mlp.experts.238.up_proj.weight	float8_e4m3fn	2048,4096	c0e51545f25c2ebfbf6255edf99ac5fb56400c85c5b3adce9df1676b2c7d5e91
model.language_model.layers.3.mlp.experts.238.up_proj.weight_scale_inv	float32	16,32	8928a031f40407c445ab946b35c8d62bc5bee3b6a96b5bb6b4ff232acbb1046e
model.language_model.layers.3.mlp.experts.239.down_proj.weight	float8_e4m3fn	4096,2048	6a434baa879f5e95791dcdd377cb9e2395962f1ea329b8cfb7534a28a3f4b275
model.language_model.layers.3.mlp.experts.239.down_proj.weight_scale_inv	float32	32,16	b168039e4735496f187dffb37448516bfc66c2900106672e3d811b350d3bcd32
model.language_model.layers.3.mlp.experts.239.gate_proj.weight	float8_e4m3fn	2048,4096	f39ef5b5902a2e88164a87b8f1ec7494cfbc22e2ae8ac073517ca1752828a62b
model.language_model.layers.3.mlp.experts.239.gate_proj.weight_scale_inv	float32	16,32	f8076083bed59c0f17c78f06da114730991df9e6c75c882c4013e20dc836a3d9
model.language_model.layers.3.mlp.experts.239.up_proj.weight	float8_e4m3fn	2048,4096	513ddbf73b0ed9aaea61b6b9520be8c56593698de282b131aa130e68e0360362
model.language_model.layers.3.mlp.experts.239.up_proj.weight_scale_inv	float32	16,32	a57970237e0aa9a084effbde77aa01425599734858f455bbb35a688fae7ac44f
model.language_model.layers.3.mlp.experts.24.down_proj.weight	float8_e4m3fn	4096,2048	29a8c3c9d9b3b0a75eca82f422a8a92a584829ecd56efd9795a9131e9a4eba30
model.language_model.layers.3.mlp.experts.24.down_proj.weight_scale_inv	float32	32,16	60b94b25f218aab2e6932ff6e5f674ac2c937400c7828e914a2c31c266fbfea9
model.language_model.layers.3.mlp.experts.24.gate_proj.weight	float8_e4m3fn	2048,4096	cbee8900911c49f2b5d247e0efca2ed2b7eaaa7e3334b4f84c268c8ff2ba9023
model.language_model.layers.3.mlp.experts.24.gate_proj.weight_scale_inv	float32	16,32	aa1ce77cdb5963f30959acb4609a057e17fdb765a5da11c0d0957f1edb465793
model.language_model.layers.3.mlp.experts.24.up_proj.weight	float8_e4m3fn	2048,4096	f3b4c62ce0dc91dfab56bfe47d73412d65885c85b5e178eafa873222a6bef848
model.language_model.layers.3.mlp.experts.24.up_proj.weight_scale_inv	float32	16,32	81d85405a11c14a84205b170758f2ddca546a21c3e038f3a4dadd74c78a7d243
model.language_model.layers.3.mlp.experts.242.down_proj.weight	float8_e4m3fn	4096,2048	bb38d79d3f3d2c60d64ebdfa7a40f2d7610b02497d4e9f66df73e05170e82226
model.language_model.layers.3.mlp.experts.242.down_proj.weight_scale_inv	float32	32,16	2f789de611f32a47cf7d0e7bb5ecc892284a60d33a3c33283d6ad29486c9315c
model.language_model.layers.3.mlp.experts.242.gate_proj.weight	float8_e4m3fn	2048,4096	3a34610712bad9ebd82bc9c522ab14476be8828a74c56579b78d7b05a32afd67
model.language_model.layers.3.mlp.experts.242.gate_proj.weight_scale_inv	float32	16,32	817e1943c95e8aceed8e9ce735e887ab60527cda3420e319e72a544788d182e6
model.language_model.layers.3.mlp.experts.242.up_proj.weight	float8_e4m3fn	2048,4096	97f6c95b9cc613fe1c53128d71face68fe63dd5f9ee883a9f5464d78c8daa9ec
model.language_model.layers.3.mlp.experts.242.up_proj.weight_scale_inv	float32	16,32	6dc4d4f9f01c0130aec7df8d5f4b0ea292b2f0e277db01dbb6cc91a655d2b346
model.language_model.layers.3.mlp.experts.245.down_proj.weight	float8_e4m3fn	4096,2048	070f16b3ccc9b6233b637b6c646a2350c598068fe5d5a98d639ad39d5a10d6d3
model.language_model.layers.3.mlp.experts.245.down_proj.weight_scale_inv	float32	32,16	b644de4ea2cb1a0b1c0c2e90e351477b0af7ea5a8394d97db7b14d7983a44007
model.language_model.layers.3.mlp.experts.245.gate_proj.weight	float8_e4m3fn	2048,4096	f082ac0cf7c99b19511860b61828850dc6e5fd7c8d5af65b91943c1b753fa226
model.language_model.layers.3.mlp.experts.245.gate_proj.weight_scale_inv	float32	16,32	8fe2c88ea144fd92a92f29058e0e13407757e73123b21f747ac1701606401da2
model.language_model.layers.3.mlp.experts.245.up_proj.weight	float8_e4m3fn	2048,4096	02a6f1dd59edf64b403a7353082841d792cfa752727b2808ed966b7aac5b4494
model.language_model.layers.3.mlp.experts.245.up_proj.weight_scale_inv	float32	16,32	3f0b72addb5df5620e5465ca84e7f3880d0ff52260c0adfb0016d6aaaf57c7f7
model.language_model.layers.3.mlp.experts.246.down_proj.weight	float8_e4m3fn	4096,2048	94bd8d6f01df3a72a327d1c097e1dd4b023afea502f1f137a955b3f022c4bc80
model.language_model.layers.3.mlp.experts.246.down_proj.weight_scale_inv	float32	32,16	17c95e491012dfe91bf0ef2561c42924c2018451af7dee72c52bf9bdfef83c7a
model.language_model.layers.3.mlp.experts.246.gate_proj.weight	float8_e4m3fn	2048,4096	cd4db73c1e06472cf794bbb0a5c66e1ec2c5d4df5703575aa72af338a79cbd67
model.language_model.layers.3.mlp.experts.246.gate_proj.weight_scale_inv	float32	16,32	e134a25aa8cc5b3accd5a4978ed0ee232143cc0148d655a145a43fe96578e9d0
model.language_model.layers.3.mlp.experts.246.up_proj.weight	float8_e4m3fn	2048,4096	e24de4c5db7309870a09d8d103139d04b76cea7dff0d7e33152f718767254532
model.language_model.layers.3.mlp.experts.246.up_proj.weight_scale_inv	float32	16,32	d048fbc5bc9986c9fa18ca2f031e4691f16642ea84f0636fec4a18dd4695b37f
model.language_model.layers.3.mlp.experts.247.down_proj.weight	float8_e4m3fn	4096,2048	07ebdc151302e1e66778ee7601620223fd48db558a65c58b7a5baa8c095f3c85
model.language_model.layers.3.mlp.experts.247.down_proj.weight_scale_inv	float32	32,16	0ef826c33669d05bc0c36bdba844000ef77c7fba0fb3670ccb380fde9dc92a01
model.language_model.layers.3.mlp.experts.247.gate_proj.weight	float8_e4m3fn	2048,4096	47a1c0782ae60528f781461b0f9f1f2ec2849937bb57021d30b3ad13c110d976
model.language_model.layers.3.mlp.experts.247.gate_proj.weight_scale_inv	float32	16,32	495a2e8f4f992c0f4ff19a877e4ef2c299a3ed852e345e58c3a227d768984b25
model.language_model.layers.3.mlp.experts.247.up_proj.weight	float8_e4m3fn	2048,4096	813449e2c32126a5c5a9a00ebbddb0dbab828d5b608c992b927404d7702ed931
model.language_model.layers.3.mlp.experts.247.up_proj.weight_scale_inv	float32	16,32	871384e645a94c69837dde8d09387c3b93d73ceccc2d48d81295248b6571027d
model.language_model.layers.3.mlp.experts.248.down_proj.weight	float8_e4m3fn	4096,2048	ff7d05e118e5e4af46c76266680833bead0fbe950ae916046c08828aafde99fe
model.language_model.layers.3.mlp.experts.248.down_proj.weight_scale_inv	float32	32,16	8fbd0c9385d0f307145276e4bcc63dffd7eedaea6a47f96c67a8b310cbc2008e
model.language_model.layers.3.mlp.experts.248.gate_proj.weight	float8_e4m3fn	2048,4096	9ed1d0124cace4ec5afa43c92a607452e0ef0502008365bbf23eb69ed6036847
model.language_model.layers.3.mlp.experts.248.gate_proj.weight_scale_inv	float32	16,32	63542d42a563790af1a3fc01e8d57fa3e2d6c968a5d2ff1ab007da802a67b4ca
model.language_model.layers.3.mlp.experts.248.up_proj.weight	float8_e4m3fn	2048,4096	5a87857de4ee17e9433d383efa02fec1eb91dc220596c3854741a13a267dc6ce
model.language_model.layers.3.mlp.experts.248.up_proj.weight_scale_inv	float32	16,32	2f8b67d1ed1eb0731b8d45493e34c1f824ec62274b0443fc6ef86a1da46ae749
model.language_model.layers.3.mlp.experts.249.down_proj.weight	float8_e4m3fn	4096,2048	1a9da352ba6cb6e8b38e93ecfbd03fa6372a38906045cbe0adcb75222042895e
model.language_model.layers.3.mlp.experts.249.down_proj.weight_scale_inv	float32	32,16	63ef527046544de8bd26e71c694a5e8ac282cb19e34b86e4c86d8c99ba7bfcff
model.language_model.layers.3.mlp.experts.249.gate_proj.weight	float8_e4m3fn	2048,4096	0d868acd2575fb7ff588ce05fac6e518dda5cd01065d4693a966f2e3328ee0a8
model.language_model.layers.3.mlp.experts.249.gate_proj.weight_scale_inv	float32	16,32	98b8d7ee74ee613e81a00f7ae72efb18e6c679411687eed9082816302e7ce279
model.language_model.layers.3.mlp.experts.249.up_proj.weight	float8_e4m3fn	2048,4096	ebffa585aca3e9d5751cb34049a38a7773f929158f78eda61ded29cc2b4f1348
model.language_model.layers.3.mlp.experts.249.up_proj.weight_scale_inv	float32	16,32	e20f17b6dcfe559c7f783cbe7aa39799e8eacfb5bddbffe869ad2413e846c8d8
model.language_model.layers.3.mlp.experts.250.down_proj.weight	float8_e4m3fn	4096,2048	e853bb0e04218cedaf466a63b68e3b97796c14f9d6e4d26d8c3b17008a0985e6
model.language_model.layers.3.mlp.experts.250.down_proj.weight_scale_inv	float32	32,16	77c0198b66cb462158bf177f724f0ed476fa682d2ca1944d3a0503df2f4f9ec9
model.language_model.layers.3.mlp.experts.250.gate_proj.weight	float8_e4m3fn	2048,4096	6c071274838507fbd8a9ca7e7766be7e747cb13259d760cd77484b0a8e363e18
model.language_model.layers.3.mlp.experts.250.gate_proj.weight_scale_inv	float32	16,32	0d5ea7827451a58c0edfd1b432b70da0a9a075e9670bcce0b9d0123fa4d08d4d
model.language_model.layers.3.mlp.experts.250.up_proj.weight	float8_e4m3fn	2048,4096	6d329bf2452db0aa565e799b0ec462170b33cb322312b6a98f5735fcb347c282
model.language_model.layers.3.mlp.experts.250.up_proj.weight_scale_inv	float32	16,32	2af1be95ac6c50c0ce37e1993046d05f7bb3d49c50efa9c4f2fcecc984b3b0b9
model.language_model.layers.3.mlp.experts.251.down_proj.weight	float8_e4m3fn	4096,2048	ee5435377c744a4c27379e9f26cc4980fa8b51097a24fc5443621652bf14a4f2
model.language_model.layers.3.mlp.experts.251.down_proj.weight_scale_inv	float32	32,16	a0e24d86da4e2bbd95ab8f1c287c480e5fe202c60b185ae429f02c1dbab0b4e2
model.language_model.layers.3.mlp.experts.251.gate_proj.weight	float8_e4m3fn	2048,4096	765ad1e8580f91d68e308b9997e29e0ecafbe84dc2ae42792296250483a57a14
model.language_model.layers.3.mlp.experts.251.gate_proj.weight_scale_inv	float32	16,32	5a60298d86687f671d0f7cc189181786469ae6bdc26329306e775fff5e709703
model.language_model.layers.3.mlp.experts.251.up_proj.weight	float8_e4m3fn	2048,4096	6cb7ee6818e8377af198c7f7314f0967594b642e1e86d00440e2801fed82498c
model.language_model.layers.3.mlp.experts.251.up_proj.weight_scale_inv	float32	16,32	0fe054c3ec34edfb07f426670cf5da9cd6e8275017a9c25fcf7dc2bd1901937e
model.language_model.layers.3.mlp.experts.252.down_proj.weight	float8_e4m3fn	4096,2048	ec2e0e3a4940315b268643670c70cd3b4521aeed8b10e583a67b39f7f0b25a0d
model.language_model.layers.3.mlp.experts.252.down_proj.weight_scale_inv	float32	32,16	d59c54cb5ecdcb703896288c5959a02f9eeb39c8458f36cd69a04beb5de9e3ad
model.language_model.layers.3.mlp.experts.252.gate_proj.weight	float8_e4m3fn	2048,4096	e6ae93c585cfb2b94100b30bcfccba558e493b4402f26b9ed1f771a3536495b2
model.language_model.layers.3.mlp.experts.252.gate_proj.weight_scale_inv	float32	16,32	55a2c8b2f5511a9b49427920ca19f1178ca3ef97d176e22e798a441fa9b98502
model.language_model.layers.3.mlp.experts.252.up_proj.weight	float8_e4m3fn	2048,4096	551d3c8ad0739879b56779ab6a461a2d1308e859b8aeb360f6d89a7b03eeab51
model.language_model.layers.3.mlp.experts.252.up_proj.weight_scale_inv	float32	16,32	673570b8838fe45b088582cb5b9a10c91d1c2fd48455869a24f749a402d02452
model.language_model.layers.3.mlp.experts.253.down_proj.weight	float8_e4m3fn	4096,2048	4b9e35bb3478eab4191f76faa99dfded497eec8728ebecd3d8744c5a3b692147
model.language_model.layers.3.mlp.experts.253.down_proj.weight_scale_inv	float32	32,16	1f19f10e64635bd7a955e1c9357297e6a9009950ac5a854f323266ca2ba3703e
model.language_model.layers.3.mlp.experts.253.gate_proj.weight	float8_e4m3fn	2048,4096	fcf840d9b19c48bd8f7f2d3f367f90076a6e4b2e503025318141043749279cf4
model.language_model.layers.3.mlp.experts.253.gate_proj.weight_scale_inv	float32	16,32	af3ceb8686c9392f09726c8d64d10384a150c482b5eb6c31f68253524a91c7fa
model.language_model.layers.3.mlp.experts.253.up_proj.weight	float8_e4m3fn	2048,4096	8dfb17694b9de72392d4eafbcc344370405ae163573f44fe1bd395773e91ed38
model.language_model.layers.3.mlp.experts.253.up_proj.weight_scale_inv	float32	16,32	8d86327f1dd9972114043b694b55ed0d8354fb6f84ff646175b95c66c5d6555c
model.language_model.layers.3.mlp.experts.254.down_proj.weight	float8_e4m3fn	4096,2048	96fdac7c2e7ec4feb285a29ed8ca51bd428706d97c87dbc02d6f48d54deaa60d
model.language_model.layers.3.mlp.experts.254.down_proj.weight_scale_inv	float32	32,16	3b99746d8fcc2bb7a6bd0cb39e2ce30cb6f52fcffed68bacc625a01734e36d59
model.language_model.layers.3.mlp.experts.254.gate_proj.weight	float8_e4m3fn	2048,4096	e9ceea9df57933858f173726f05bed395523d2118b3403fcd2cfefcf23b21501
model.language_model.layers.3.mlp.experts.254.gate_proj.weight_scale_inv	float32	16,32	6863e47221a68facc9b766e0df4ff813b7b5a5c752c61433bea54b485394a53d
model.language_model.layers.3.mlp.experts.254.up_proj.weight	float8_e4m3fn	2048,4096	64fe81a2f942186ace664d804b49258e6c606eb17328b1d4e81d9b3c1dd2d773
model.language_model.layers.3.mlp.experts.254.up_proj.weight_scale_inv	float32	16,32	30464009cafeab69bade26b5e0973646f91528cf71f2dd898e589758e11d7ba3
model.language_model.layers.3.mlp.experts.255.down_proj.weight	float8_e4m3fn	4096,2048	175535d4e52929d1b4948e79220ea369192d5beda478c000e4a6edd43ecf0a10
model.language_model.layers.3.mlp.experts.255.down_proj.weight_scale_inv	float32	32,16	2172bed45c7fe72ddddbaf4b1316acff32da894f2a0cbc0ffb99451ce886ef70
model.language_model.layers.3.mlp.experts.255.gate_proj.weight	float8_e4m3fn	2048,4096	a6a9b644261a80f9ce1140a3d3f4081c7bf852e4e67c37f5b56191d4d1e2b998
model.language_model.layers.3.mlp.experts.255.gate_proj.weight_scale_inv	float32	16,32	2738ca9f532fdb8af2e46a868739eaa2936a2a65676647133c16b3e0b29f4d19
model.language_model.layers.3.mlp.experts.255.up_proj.weight	float8_e4m3fn	2048,4096	80ed076d9690e586f04cddc6c57c78d3a9648542d76d22e630719711450a2735
model.language_model.layers.3.mlp.experts.255.up_proj.weight_scale_inv	float32	16,32	2f5db186ecf6ab5ce2331ec1fbbbe52c03c8afb1abf767a2a0bf6e60a6e8adcd
model.language_model.layers.3.mlp.experts.256.down_proj.weight	float8_e4m3fn	4096,2048	47aca7fa2dea194e4475b4ab561295b08ec7fe5e0300c5094e3d2d82703ec444
model.language_model.layers.3.mlp.experts.256.down_proj.weight_scale_inv	float32	32,16	9a5b49ba82a34d7167d3b70617d4112b83609d4ef32d2220bd3723be41bfd6f9
model.language_model.layers.3.mlp.experts.256.gate_proj.weight	float8_e4m3fn	2048,4096	cbb86f93d8d6065fe167bf5fcca1c1e89a8b697127eef172b7c5ca66f4764fd5
model.language_model.layers.3.mlp.experts.256.gate_proj.weight_scale_inv	float32	16,32	ab792276a13dc3740335da4fdc34ce6c0fc83dc79f72957c3fe9faf194a495de
model.language_model.layers.3.mlp.experts.256.up_proj.weight	float8_e4m3fn	2048,4096	608a0452e749a7e542a98135eda8d2d18d885d1677aec71f6d837aab3ffc3d95
model.language_model.layers.3.mlp.experts.256.up_proj.weight_scale_inv	float32	16,32	f938ea43341303e8f9982b4e26bc946b0381e57f52dbddb396dca90c82b278e5
model.language_model.layers.3.mlp.experts.259.down_proj.weight	float8_e4m3fn	4096,2048	7ce60a8ceb4f92f6083e1b6216788744ad6f16efc8a3c3a60ae09e7f212d3c97
model.language_model.layers.3.mlp.experts.259.down_proj.weight_scale_inv	float32	32,16	6bd99380936b2f1c7f92077e9640bce535f9e555b86b6c4d7285264ee4c38a5c
model.language_model.layers.3.mlp.experts.259.gate_proj.weight	float8_e4m3fn	2048,4096	f4f1c0ef7d5b2c15abbebe6a0929b47a55fccbc5974ce5eb085ed55bf5646190
model.language_model.layers.3.mlp.experts.259.gate_proj.weight_scale_inv	float32	16,32	628f53b11732c08f9bd23b76ba1ca2fedc60fad80bd145b8c0dfd2044d251bd7
model.language_model.layers.3.mlp.experts.259.up_proj.weight	float8_e4m3fn	2048,4096	21d20e0be70adc9be52478a82b43ac82a8890db079308e8a861797d70c4a82d9
model.language_model.layers.3.mlp.experts.259.up_proj.weight_scale_inv	float32	16,32	85f208fcf7362dbfab1b392f099f1a7aaa4548b797ef086b6cc2b4359a56323b
model.language_model.layers.3.mlp.experts.26.down_proj.weight	float8_e4m3fn	4096,2048	2acbbe301e12da87c7baf0fa40450f7808c0f9d5b821bd1b37ea476076c3d786
model.language_model.layers.3.mlp.experts.26.down_proj.weight_scale_inv	float32	32,16	647b1f6b76739862b5dcaa6b47e9d50be87b4865130a010102d68cfe6f1b44c6
model.language_model.layers.3.mlp.experts.26.gate_proj.weight	float8_e4m3fn	2048,4096	c687a9f9dca618494cfd05e60afc70f6239221eed615a6cfca1fad7d1f99ffc4
model.language_model.layers.3.mlp.experts.26.gate_proj.weight_scale_inv	float32	16,32	cb557ce52b9205eb94e729693feaada22279b9b9be08f3630b341da1be48226a
model.language_model.layers.3.mlp.experts.26.up_proj.weight	float8_e4m3fn	2048,4096	b5d35846abc9f8b4e03ae00fec8e14cd9efc9ffe1224d062bd4f9aa6ded278d3
model.language_model.layers.3.mlp.experts.26.up_proj.weight_scale_inv	float32	16,32	5d507c7e04a72bab855b6c5f07b0b59e29d3f28a2806ea48b66a81d70cc01dae
model.language_model.layers.3.mlp.experts.260.down_proj.weight	float8_e4m3fn	4096,2048	987eaedeb8a46faf808efa126395b867068756cba9f44a0ae12ce1a115c65625
model.language_model.layers.3.mlp.experts.260.down_proj.weight_scale_inv	float32	32,16	3c8917ee37b4eaa26892170406918b6bbf06cd1d7f1a4c5f4e2dff10a6259126
model.language_model.layers.3.mlp.experts.260.gate_proj.weight	float8_e4m3fn	2048,4096	d039515e5b6e07f6f76b395fbcf802fd800f9d4950e7291c1ed3ca56d36df586
model.language_model.layers.3.mlp.experts.260.gate_proj.weight_scale_inv	float32	16,32	73e5b1061e57d8fd4574d5631e2114d8d110451a419471332b869104b05a0298
model.language_model.layers.3.mlp.experts.260.up_proj.weight	float8_e4m3fn	2048,4096	d293c4d3e75fcaa279a3365b92172dbd1a4d14ab6918f84ac01d7a044d856b5e
model.language_model.layers.3.mlp.experts.260.up_proj.weight_scale_inv	float32	16,32	1e0982856da34496c118008812d53d391a694dc59249bce71eae751758954c77
model.language_model.layers.3.mlp.experts.263.down_proj.weight	float8_e4m3fn	4096,2048	6f51c5fcd4d155d5b5b16ff99a8646f23474719128ac9bdf8415e2bd57be9afd
model.language_model.layers.3.mlp.experts.263.down_proj.weight_scale_inv	float32	32,16	1ad1168253e9259b199157f4805be123e73098260914e6701643550a8115444c
model.language_model.layers.3.mlp.experts.263.gate_proj.weight	float8_e4m3fn	2048,4096	07654a2f4220a36a1ce5e6245afe4fb9ad35da323b3e1707c5d15c959bcb9de3
model.language_model.layers.3.mlp.experts.263.gate_proj.weight_scale_inv	float32	16,32	89a26686338d21d68587369300c1fbcf234a10f906b04f216a243a0e77d441f7
model.language_model.layers.3.mlp.experts.263.up_proj.weight	float8_e4m3fn	2048,4096	3afd307a0e36ee32fb96a65eb915116ca0120458ca29862ac4b15954d84affa5
model.language_model.layers.3.mlp.experts.263.up_proj.weight_scale_inv	float32	16,32	a7ce5c21218ae8b9a5a485e421af50bf04eb9c75110d3122ba5c71549e20a4ac
model.language_model.layers.3.mlp.experts.265.down_proj.weight	float8_e4m3fn	4096,2048	dace3403e9cd045637aff6a4bba109156114d8afc4d37b34dc71361cd4a904c6
model.language_model.layers.3.mlp.experts.265.down_proj.weight_scale_inv	float32	32,16	c330a9135a1422868e68b5117f0e041e461bd82b6fb19a37d1754a87b6918ff2
model.language_model.layers.3.mlp.experts.265.gate_proj.weight	float8_e4m3fn	2048,4096	0fad350fed9aee695cfc2b7b8765f1fddab5378a8462d0d0130f65c46c49d407
model.language_model.layers.3.mlp.experts.265.gate_proj.weight_scale_inv	float32	16,32	99eab57be5b5f611f1cb8a7681c64bf447753995f9471f96fd63922488d963d1
model.language_model.layers.3.mlp.experts.265.up_proj.weight	float8_e4m3fn	2048,4096	76d387b53d42211bcb65b6bb6e0893c01ea88b5ab67bbd473d88a39d7835f768
model.language_model.layers.3.mlp.experts.265.up_proj.weight_scale_inv	float32	16,32	fd1778f3a235ced0b5129e494d8f5c195b4486e78892a5755fe238df5ccaf9d8
model.language_model.layers.3.mlp.experts.266.down_proj.weight	float8_e4m3fn	4096,2048	2f954bd1b0c14e7b2c6843384e9dfc86d2e2028f6fb1cb22e39d6d4634a491df
model.language_model.layers.3.mlp.experts.266.down_proj.weight_scale_inv	float32	32,16	9f7504a2240826e2874eb1084a560842b25ce5c1331f414c1e768b0ee941e1f7
model.language_model.layers.3.mlp.experts.266.gate_proj.weight	float8_e4m3fn	2048,4096	9333e924d53c4e7e6f64b0ce9d84f3bfdd403949d6ec9ac582eb41d47b040417
model.language_model.layers.3.mlp.experts.266.gate_proj.weight_scale_inv	float32	16,32	48f78d3cc62b9cd234945145a1e0b0ce3b5f54387ab01fd6fdb81a16a6daf1db
model.language_model.layers.3.mlp.experts.266.up_proj.weight	float8_e4m3fn	2048,4096	de8e730ca18cc2c87b4b9e12178cf0ce25714d9cb05b1049c256b93335aca4b4
model.language_model.layers.3.mlp.experts.266.up_proj.weight_scale_inv	float32	16,32	a69780c9f5a3d7bff9c6226a25ae477558bed5b428cfbfdf337050036fa596d1
model.language_model.layers.3.mlp.experts.267.down_proj.weight	float8_e4m3fn	4096,2048	1321585b78f072c399274008010e10c5a207f80ac9b577939810d47c82146945
model.language_model.layers.3.mlp.experts.267.down_proj.weight_scale_inv	float32	32,16	9ec1a416e530c3c6cb612480c46940e1ac122f0441ff909ed88dce22999c270d
model.language_model.layers.3.mlp.experts.267.gate_proj.weight	float8_e4m3fn	2048,4096	e860ba0386dde818c496b6e2adca8ba903f4b3cb7a925570aead9dbe6b9bc538
model.language_model.layers.3.mlp.experts.267.gate_proj.weight_scale_inv	float32	16,32	0740c38b08af02ded544a0a8fc06a3222a1e898b5331055977e978a95448fc11
model.language_model.layers.3.mlp.experts.267.up_proj.weight	float8_e4m3fn	2048,4096	5e845db879ac7ae9635eb00c1049c98ad96ebed8f64887ba0f9f777ad058997e
model.language_model.layers.3.mlp.experts.267.up_proj.weight_scale_inv	float32	16,32	07dfe2b0216b57ececfc0b93094982b9b5a13b6d25865c5d5114316b8d517e78
model.language_model.layers.3.mlp.experts.269.down_proj.weight	float8_e4m3fn	4096,2048	4126c421dcee8d4dc984e6562166ed35899a2ed116e14d4e8783fd6e17ae8a73
model.language_model.layers.3.mlp.experts.269.down_proj.weight_scale_inv	float32	32,16	95727775d88fe99ce32b99133f6592b7d881e09345df2972eeed425c81153f92
model.language_model.layers.3.mlp.experts.269.gate_proj.weight	float8_e4m3fn	2048,4096	338aa15ef9157024afdb483939222086f565bcdc35db56df636faf7d5481af61
model.language_model.layers.3.mlp.experts.269.gate_proj.weight_scale_inv	float32	16,32	ccac27a6fdaefe27d6842cbdd0c85de1aba0730ded67b95e51255f4b8e389bef
model.language_model.layers.3.mlp.experts.269.up_proj.weight	float8_e4m3fn	2048,4096	910008e3a51282087f8b19af140c119a7e3d70814adcb3750b0cc44a12b12253
model.language_model.layers.3.mlp.experts.269.up_proj.weight_scale_inv	float32	16,32	d28de7b7359d73a94367a21c6f4990571836b1717a8763a99d89cd71e37bc219
model.language_model.layers.3.mlp.experts.27.down_proj.weight	float8_e4m3fn	4096,2048	7e40160dab9156595e93780347839808e4030cb8a18c334a8f284dcde51ebdd1
model.language_model.layers.3.mlp.experts.27.down_proj.weight_scale_inv	float32	32,16	767eda3796b55447ef0321013b33ca51dc7c62e7a80fd7db359d4459a80f9519
model.language_model.layers.3.mlp.experts.27.gate_proj.weight	float8_e4m3fn	2048,4096	f7cd2c50dcab0e68cc2ea59a98461b14ed5683607d86e59c6e128bd211109ca7
model.language_model.layers.3.mlp.experts.27.gate_proj.weight_scale_inv	float32	16,32	5d147c186f9eee114a0bccbfea2f118f9d2f7ada761b03bad11782e9eaa40e73
model.language_model.layers.3.mlp.experts.27.up_proj.weight	float8_e4m3fn	2048,4096	226ed4a0fe257ccbb13367a5ba87d10fc978b6337aa313c83e549b2532e3b522
model.language_model.layers.3.mlp.experts.27.up_proj.weight_scale_inv	float32	16,32	723dbd3ce3324f2aae8c198a3687c912f988b4770f5bf1e59dc889a522e6ff58
model.language_model.layers.3.mlp.experts.270.down_proj.weight	float8_e4m3fn	4096,2048	7eeb101f57b52265ffc60ab0bf636b902e75b7a62138c32a6edc6c58ff563ae6
model.language_model.layers.3.mlp.experts.270.down_proj.weight_scale_inv	float32	32,16	466543ebf3dd24aab3b417185f87f5ffa9a84bd55c4e522314a27088ab4587c3
model.language_model.layers.3.mlp.experts.270.gate_proj.weight	float8_e4m3fn	2048,4096	f72a105164782a3469844ba8c5eaa0ac516eae38ca966c4c9028983c6ebd6d9b
model.language_model.layers.3.mlp.experts.270.gate_proj.weight_scale_inv	float32	16,32	84b1f007b36a0380050b701452644cf9dba25f7d33aff0e41d4312aa6580d5f2
model.language_model.layers.3.mlp.experts.270.up_proj.weight	float8_e4m3fn	2048,4096	576c5d527847e8d87a97a544f3bfded12fdd2e72c974cc63fe60b27ea69c9c19
model.language_model.layers.3.mlp.experts.270.up_proj.weight_scale_inv	float32	16,32	f56833e03f34ca1dc1b7cc19bd5e897310488cbf7bdabf00346b67f9098786c9
model.language_model.layers.3.mlp.experts.272.down_proj.weight	float8_e4m3fn	4096,2048	31147e77d787ee79a06583e6bee449dd1ccd0611e114367ae5064c5b85feb595
model.language_model.layers.3.mlp.experts.272.down_proj.weight_scale_inv	float32	32,16	8d7efcafc5f0f272d2824306f59b67a1ca38c82e18514246291067c95ae2113b
model.language_model.layers.3.mlp.experts.272.gate_proj.weight	float8_e4m3fn	2048,4096	5e884395c170bfbfc1038a28bb5544f37b322d1275dd86bec5b08a49a5900619
model.language_model.layers.3.mlp.experts.272.gate_proj.weight_scale_inv	float32	16,32	9e23251ff544f9920324b4fbf1d2a0839098bdb24ed4665bab5c9cf6e356df18
model.language_model.layers.3.mlp.experts.272.up_proj.weight	float8_e4m3fn	2048,4096	eee39c2ffb40dc453e35ae9c9866cced6d28f8646e52e5251df833cabe35ad34
model.language_model.layers.3.mlp.experts.272.up_proj.weight_scale_inv	float32	16,32	083ccef69aa58d63f19e169fe067d03872cb601fd302e9c347a53f59c9cc72d3
model.language_model.layers.3.mlp.experts.273.down_proj.weight	float8_e4m3fn	4096,2048	0d40c33bc55ae4d0955617e02c947bcb1b509d506c9c7ef43134087c5f6cf4be
model.language_model.layers.3.mlp.experts.273.down_proj.weight_scale_inv	float32	32,16	b666f91cec7cd9df46fd1bb5f7ae444f26a8605ae6769d2401648b989f7fa173
model.language_model.layers.3.mlp.experts.273.gate_proj.weight	float8_e4m3fn	2048,4096	b2e2d9da029c062b5500b7bf60dfd028b0737e264c10c02c2eee4c988d5eec7c
model.language_model.layers.3.mlp.experts.273.gate_proj.weight_scale_inv	float32	16,32	0d4b6070523d142746421cda5d76962f625f0df1b3be0f5debb669185d6680e9
model.language_model.layers.3.mlp.experts.273.up_proj.weight	float8_e4m3fn	2048,4096	08f4c1aba9c5bc9943fb96783b03a6e86ba18987a463416f166aac2412e289b4
model.language_model.layers.3.mlp.experts.273.up_proj.weight_scale_inv	float32	16,32	0fb7f83ae03c15c8618ffbbb1112f9598aaf0965b3efc407aa9b750b3e987eb6
model.language_model.layers.3.mlp.experts.275.down_proj.weight	float8_e4m3fn	4096,2048	a10ecbae6f6d823dffec07c86e4b8a62a3d359547a94685a1432febf016b4bca
model.language_model.layers.3.mlp.experts.275.down_proj.weight_scale_inv	float32	32,16	e4666fc05576e0625ff52d7b49a12b2bc1b22566d5f40020490f0033cbeacfd5
model.language_model.layers.3.mlp.experts.275.gate_proj.weight	float8_e4m3fn	2048,4096	9ea86bc4fcdbe7ce9042d95d9dca90a869b3f3dc3497f3ecc39363e97a1910c3
model.language_model.layers.3.mlp.experts.275.gate_proj.weight_scale_inv	float32	16,32	99a23dbb5daadf2c1951f7b31904d1e6966fd16ed409c019e31f7c4b86fc8ce8
model.language_model.layers.3.mlp.experts.275.up_proj.weight	float8_e4m3fn	2048,4096	c0332ec2ea14a51435b0e1b8eba778f377aa843f6bf7ed0654fe048a76ee2a28
model.language_model.layers.3.mlp.experts.275.up_proj.weight_scale_inv	float32	16,32	a913ddf9210d590d2c6312bd5c6ee27d21ae4c23d2dacaf669912537ce0afc89
model.language_model.layers.3.mlp.experts.276.down_proj.weight	float8_e4m3fn	4096,2048	545e03617575aae2e2cb877da8a3b520d40b7a3c343b7a287572507f2b24e77d
model.language_model.layers.3.mlp.experts.276.down_proj.weight_scale_inv	float32	32,16	e0ecb945e4636c1a803d7ba6baaf2fc5bab5c536abdae0efefdeda770790e5ef
model.language_model.layers.3.mlp.experts.276.gate_proj.weight	float8_e4m3fn	2048,4096	425fa6fa3f617644026e1da331437b324c24d881b0087367206600ded774aec5
model.language_model.layers.3.mlp.experts.276.gate_proj.weight_scale_inv	float32	16,32	8ba7cfe5a936851e8d849dff9316b044caf266e7464dceb95114d75195ee43fc
model.language_model.layers.3.mlp.experts.276.up_proj.weight	float8_e4m3fn	2048,4096	0c77211c0d866a1e4b40d78cd50fd56554269fd81d0c1e1468bdd7e8e2d95ee1
model.language_model.layers.3.mlp.experts.276.up_proj.weight_scale_inv	float32	16,32	81883a060d494899ee5928234f8bfe55fe32c186f96855baa16d445e9fed6bb3
model.language_model.layers.3.mlp.experts.277.down_proj.weight	float8_e4m3fn	4096,2048	455dac93b06aea464e2bc5f051d9ae56b08aa1a89f79e2789d0eb36ea39cad2c
model.language_model.layers.3.mlp.experts.277.down_proj.weight_scale_inv	float32	32,16	143161f519e147cec63e29b5cc37ffa94cc61644b0849bab572bd86c086fff4f
model.language_model.layers.3.mlp.experts.277.gate_proj.weight	float8_e4m3fn	2048,4096	7122efecf35d73a1829cf3a037a48a0498b98e69a1f39065c5bcf72ff5940f82
model.language_model.layers.3.mlp.experts.277.gate_proj.weight_scale_inv	float32	16,32	a656d8d3038e8afb88d825ff82e6e960a6ed65cb9421bb93fbaf31876067766d
model.language_model.layers.3.mlp.experts.277.up_proj.weight	float8_e4m3fn	2048,4096	232d8c2e809dc02dc28356acc0cf0a20cdf70bd276367d1c6d69d6970599361e
model.language_model.layers.3.mlp.experts.277.up_proj.weight_scale_inv	float32	16,32	dcb568f79c81dc5438b00ccab4a9199be3efb2869684615da3f7917644d13bbd
model.language_model.layers.3.mlp.experts.278.down_proj.weight	float8_e4m3fn	4096,2048	9ad8792d8d2d9e550ca65bee8bfa5ccb64591bc0e53997e666ef4f7f3265a4a7
model.language_model.layers.3.mlp.experts.278.down_proj.weight_scale_inv	float32	32,16	cf11e3914a132ec434b070fe2aaa4e51e029ff926cfc979f2bac6f6bef271d66
model.language_model.layers.3.mlp.experts.278.gate_proj.weight	float8_e4m3fn	2048,4096	ca059899fdb3e1a3e6e5523ce6a223898e5d65562d933dcc20a191decc6b9a64
model.language_model.layers.3.mlp.experts.278.gate_proj.weight_scale_inv	float32	16,32	3d9c7eb93b7d32e9bbae4f219119a2baea4497a13ba27705ff0bad5d098ce046
model.language_model.layers.3.mlp.experts.278.up_proj.weight	float8_e4m3fn	2048,4096	b7dad6612137bd24233b1c2cf08f95514a8193bce4340f98e3cebfe7d350c4eb
model.language_model.layers.3.mlp.experts.278.up_proj.weight_scale_inv	float32	16,32	2f10a7fac77a5b33bdb419152860fdc3cc986a59503bcc3a71b766e58e068125
model.language_model.layers.3.mlp.experts.279.down_proj.weight	float8_e4m3fn	4096,2048	0111b69c570725c307374f604a01a11de474f9dab2eedf479ec818516f7e0c1c
model.language_model.layers.3.mlp.experts.279.down_proj.weight_scale_inv	float32	32,16	46d33c8f9c1fa34a7faf4b513098c30a9c6a32e366ae090e52fbe0d2f738f84b
model.language_model.layers.3.mlp.experts.279.gate_proj.weight	float8_e4m3fn	2048,4096	be96c6d35ce3225e02f579ad87d31f891c68158b0393da199faca6dcfb98de87
model.language_model.layers.3.mlp.experts.279.gate_proj.weight_scale_inv	float32	16,32	86aa8b5ad59963768f0e12816f24e10ae6fc06bdb2ca6b8fceb46f5bc1ba1f92
model.language_model.layers.3.mlp.experts.279.up_proj.weight	float8_e4m3fn	2048,4096	9a77538b2225c164da188d175a9d156bd4df6b3439c38d4e5afe7c0bb60bb639
model.language_model.layers.3.mlp.experts.279.up_proj.weight_scale_inv	float32	16,32	1e8a7791ef6899b1b92018f201b8ca31e72b0aecf0f0247762caeafbcc6cdb91
model.language_model.layers.3.mlp.experts.280.down_proj.weight	float8_e4m3fn	4096,2048	b569959d518f5738b0dc21727dec213fc6bcd457b1003ee3e14ef5b3ede593c3
model.language_model.layers.3.mlp.experts.280.down_proj.weight_scale_inv	float32	32,16	fe01b58bb0a7542458df371b5206a2fc8e8c9dbf6fa0c5133ab76ff44125f713
model.language_model.layers.3.mlp.experts.280.gate_proj.weight	float8_e4m3fn	2048,4096	681ab442346eaed151b1965dbbf15b714bad55a55cf51b684c459e0deb5b347f
model.language_model.layers.3.mlp.experts.280.gate_proj.weight_scale_inv	float32	16,32	874f5c9dc84550e998013b3089a5f881dde303c6111745dbcd4c0dae03a062c2
model.language_model.layers.3.mlp.experts.280.up_proj.weight	float8_e4m3fn	2048,4096	68643df0c760ec4489e5f80400e2134fa0d3e1a5b693288c21fa0c3de69b3883
model.language_model.layers.3.mlp.experts.280.up_proj.weight_scale_inv	float32	16,32	d4ec6be244c571f74666a165e9c938d2247f93fe4a9c3edbb7b4691e2df5a635
model.language_model.layers.3.mlp.experts.281.down_proj.weight	float8_e4m3fn	4096,2048	b2ad1b4c6c9c7c71532482325f839d9bc46c12e1ed9233ef592f198f2568701c
model.language_model.layers.3.mlp.experts.281.down_proj.weight_scale_inv	float32	32,16	21e8f8402e955ecd11d96d3f30cc23f39c5b59d9774e4141de2b8b81257296cd
model.language_model.layers.3.mlp.experts.281.gate_proj.weight	float8_e4m3fn	2048,4096	726fe3bca8863ec08db27ec6a27b960fbd6d319aebb321d707b6efc063f73b3b
model.language_model.layers.3.mlp.experts.281.gate_proj.weight_scale_inv	float32	16,32	ce387af94583c006404eb2c86b37758b81d4fb093466246149f1deb138cf8f33
model.language_model.layers.3.mlp.experts.281.up_proj.weight	float8_e4m3fn	2048,4096	0220e99587a1a4677fe981f949b40bcd4b399319aaaa0f7f58b6ffa4ef29c13e
model.language_model.layers.3.mlp.experts.281.up_proj.weight_scale_inv	float32	16,32	098668c143da43c8ffbaaeadce63271e8a14dd82a035b4a904b48349dbf751f3
model.language_model.layers.3.mlp.experts.285.down_proj.weight	float8_e4m3fn	4096,2048	2554ea5706153ad2a78aff2d6bf802cb20a735092a22528c3da57bc714a96bec
model.language_model.layers.3.mlp.experts.285.down_proj.weight_scale_inv	float32	32,16	e948cecc947c4a5304ceab6bf2139be2a05f49eadb3fea5b1d810d870eed9192
model.language_model.layers.3.mlp.experts.285.gate_proj.weight	float8_e4m3fn	2048,4096	c88ff01a991ca237303049e9b69108e7b188ac95472e2bf024adff9221fbf3b4
model.language_model.layers.3.mlp.experts.285.gate_proj.weight_scale_inv	float32	16,32	15f7339f026c702aaa951af327e2779e5434922b8f6fe882bd482a85661dd681
model.language_model.layers.3.mlp.experts.285.up_proj.weight	float8_e4m3fn	2048,4096	baa6d75ad43eb4f98872c8295d8ac59fce5940ff771c455134d66bd7225c69d8
model.language_model.layers.3.mlp.experts.285.up_proj.weight_scale_inv	float32	16,32	67250ac52abe36a663d89280d7de5d89375f6ed58c85d49f467c29f61c401019
model.language_model.layers.3.mlp.experts.287.down_proj.weight	float8_e4m3fn	4096,2048	fdb31b1b469562b124165d0e3620bd60674d7c0b048344fae52bd8b3affe0b9c
model.language_model.layers.3.mlp.experts.287.down_proj.weight_scale_inv	float32	32,16	f15fb81b183e8057c147b49e2340d34a9c4ce3572a2dafd45ad434e9c58a59a2
model.language_model.layers.3.mlp.experts.287.gate_proj.weight	float8_e4m3fn	2048,4096	57d457db188f429f4f10d367f8058fdf51f7049948488eb59b1927b901d3e3c2
model.language_model.layers.3.mlp.experts.287.gate_proj.weight_scale_inv	float32	16,32	a47412a355181ca105621e4ee7f81c7e381fbe2dd365497a3488465c43a2d986
model.language_model.layers.3.mlp.experts.287.up_proj.weight	float8_e4m3fn	2048,4096	b872616ddfbd5625a37b34f937d1b8e8c6722f8fd5e091de76b84a13061711c9
model.language_model.layers.3.mlp.experts.287.up_proj.weight_scale_inv	float32	16,32	be1254834b791d72e656e8662cc09104a44f62d6d4fb7a9ff175d0131a336c88
model.language_model.layers.3.mlp.experts.31.down_proj.weight	float8_e4m3fn	4096,2048	9cc5d76f3fb5efd80d50e009fdec8d89e750710d3e96c1e1b6fc6f6662c7bd3f
model.language_model.layers.3.mlp.experts.31.down_proj.weight_scale_inv	float32	32,16	e17b3378bfa4572e35b1e66db86cc1ce8864c8b7d195db31e582cbca2ce23043
model.language_model.layers.3.mlp.experts.31.gate_proj.weight	float8_e4m3fn	2048,4096	ec77c7b13732a386aeb2ca8ede8da7e4e03ca4c27afebd27bff5876225293753
model.language_model.layers.3.mlp.experts.31.gate_proj.weight_scale_inv	float32	16,32	2df3760a68afe93fef7ea293632582244abd855c6bd4d4edb04342cfbb8e6160
model.language_model.layers.3.mlp.experts.31.up_proj.weight	float8_e4m3fn	2048,4096	d3bb8015906985f920a82a0e2fd4f60da51b233e385cc85c25a567334272b264
model.language_model.layers.3.mlp.experts.31.up_proj.weight_scale_inv	float32	16,32	1d33eabe0b02fded3b4313c406208ade2d87d8adbfc5ac2b71cdd94bbf2fa124
model.language_model.layers.3.mlp.experts.34.down_proj.weight	float8_e4m3fn	4096,2048	0d1071b43721464aaec462998b044408fcde631c70eef5c6e0b5a956a73ad640
model.language_model.layers.3.mlp.experts.34.down_proj.weight_scale_inv	float32	32,16	3decd106e8180f791cea7488d8a716d0feeb9045e56e68e4e5a258bf8f4b2bc8
model.language_model.layers.3.mlp.experts.34.gate_proj.weight	float8_e4m3fn	2048,4096	eaae2014eca31e9bd3bb0493cd3beefe2a93bb882022588b6bf44bd128d4c352
model.language_model.layers.3.mlp.experts.34.gate_proj.weight_scale_inv	float32	16,32	91b698eeb09972b7bb3422fc69f07e6080f6ca52873490ec4e924ff845cf4706
model.language_model.layers.3.mlp.experts.34.up_proj.weight	float8_e4m3fn	2048,4096	4c84f5f39658cf87d6f01bc650dc7a77d3fdd7b4cd6aa0ee8dcddbe63cee0c26
model.language_model.layers.3.mlp.experts.34.up_proj.weight_scale_inv	float32	16,32	0918a6b2f9edf7b16f4dea1df7b45969aa577c8d52c32d17d6923e76790dafae
model.language_model.layers.3.mlp.experts.35.down_proj.weight	float8_e4m3fn	4096,2048	1a97fb2ab0b7ab0a79cb351221bc515df2a8929aeb76792060ff46916401a6cb
model.language_model.layers.3.mlp.experts.35.down_proj.weight_scale_inv	float32	32,16	8b124bee719ac2864834886b86ccac5df3958c90e3a32798085f5f4cfa710b0e
model.language_model.layers.3.mlp.experts.35.gate_proj.weight	float8_e4m3fn	2048,4096	9a87ed79e6fa777fdea860a00472a65192f1a0e3bd800c5eb34671d4baad64b8
model.language_model.layers.3.mlp.experts.35.gate_proj.weight_scale_inv	float32	16,32	5444aca858d3eafae4521877405975ab518470f3de5f8c0d1555f807838fe2e2
model.language_model.layers.3.mlp.experts.35.up_proj.weight	float8_e4m3fn	2048,4096	67b6e983e3dc2ccfabecb1b364dcf50bf401e8182b23d7ae416214cabcb8f01c
model.language_model.layers.3.mlp.experts.35.up_proj.weight_scale_inv	float32	16,32	29c76306fb62e96c98fa47ffd1fcdb4f8c6544a09907e0fbecf1f0819bc44a32
model.language_model.layers.3.mlp.experts.4.down_proj.weight	float8_e4m3fn	4096,2048	cd2eeae60a1326dcee1732f20e9ceed8c25e039599ca59a081b67b2aa2e60cb2
model.language_model.layers.3.mlp.experts.4.down_proj.weight_scale_inv	float32	32,16	43fc7d456dbd904a31b3e85283771da3f09d6582a57ce43e99af12d38b37d3fa
model.language_model.layers.3.mlp.experts.4.gate_proj.weight	float8_e4m3fn	2048,4096	6d02d41907c4b365491efbd3643cf561c2d37339594091b6a249ba8c69aaaad5
model.language_model.layers.3.mlp.experts.4.gate_proj.weight_scale_inv	float32	16,32	7bf6b2f6f3421a240228332641dc179a103832849b89e61fde2a768b280c30b4
model.language_model.layers.3.mlp.experts.4.up_proj.weight	float8_e4m3fn	2048,4096	c7a4afeb0d6503771f2b26d22324aeb45a89bf411641d2698793fb60768a09c0
model.language_model.layers.3.mlp.experts.4.up_proj.weight_scale_inv	float32	16,32	b039fdf260183bb5a1e1ed8b7e955b3f736d4ecb5f208f6812d5113f3107348d
model.language_model.layers.3.mlp.experts.42.down_proj.weight	float8_e4m3fn	4096,2048	f05e290a50a55591a120fb80b6364d59a1df493ca46293eec2ce779411d14be0
model.language_model.layers.3.mlp.experts.42.down_proj.weight_scale_inv	float32	32,16	984825a310d11bdba4b896ec7b3428eef9bd69e6ddbd6e48028b34c40e4fd79d
model.language_model.layers.3.mlp.experts.42.gate_proj.weight	float8_e4m3fn	2048,4096	505c2e97da5afbc587d7a1a407d97427bf90e1ef946ee9fe33961cbaf74f3ad5
model.language_model.layers.3.mlp.experts.42.gate_proj.weight_scale_inv	float32	16,32	9665b38e420833a55d275c9b5828aeccba13f4dc8d74310dc2041702f1e45a65
model.language_model.layers.3.mlp.experts.42.up_proj.weight	float8_e4m3fn	2048,4096	87ce287325068cbf9b3db963876a2075d3aea39b115782e9540aff0b68714664
model.language_model.layers.3.mlp.experts.42.up_proj.weight_scale_inv	float32	16,32	6de7ced78686f8434da759044bf5b516db9a2713e0bdfcf6b04ac4adfc6c5f8d
model.language_model.layers.3.mlp.experts.44.down_proj.weight	float8_e4m3fn	4096,2048	f3f806986e07080103c6bcc4a8f910b1634f55d06f5020ae25126317b8860400
model.language_model.layers.3.mlp.experts.44.down_proj.weight_scale_inv	float32	32,16	8d7a625e6104ee3bc82ba650f7529589af5fe81402b4437a0bff2bbc5624340e
model.language_model.layers.3.mlp.experts.44.gate_proj.weight	float8_e4m3fn	2048,4096	d21e78a2ef11702fa4399a2bce14a2d83d7285b28193f499a58f935f40a3ebef
model.language_model.layers.3.mlp.experts.44.gate_proj.weight_scale_inv	float32	16,32	fe4a52065de3f7fe8dcf2945e786b8cd519f15ea695c52853de53422d0ffe20e
model.language_model.layers.3.mlp.experts.44.up_proj.weight	float8_e4m3fn	2048,4096	f56ca06fec33064981172673c54e10baa8848d950989a82f16df5119a719319f
model.language_model.layers.3.mlp.experts.44.up_proj.weight_scale_inv	float32	16,32	5f9ea6f4d7fe4c704d13c39c508e3c959c5b35ce2abd05220a95da729b7c02b4
model.language_model.layers.3.mlp.experts.45.down_proj.weight	float8_e4m3fn	4096,2048	4fba3590aaec1610624994b6ae55fc8f36113cb93dfcb7baf0f33f41f1a6ee3e
model.language_model.layers.3.mlp.experts.45.down_proj.weight_scale_inv	float32	32,16	6ab3300b8d3cb3fd0fa36dedb851307256e737d729493ec43ef5c726c3be2b3f
model.language_model.layers.3.mlp.experts.45.gate_proj.weight	float8_e4m3fn	2048,4096	0b9019bd558ee1200c2513c698ad22b3048ac166455932ba01ce8ab66da21f97
model.language_model.layers.3.mlp.experts.45.gate_proj.weight_scale_inv	float32	16,32	dbf5e002df9fb3ccd5ec85954b3cbe1f5acbe6b247b94eccefff994a72d5bc26
model.language_model.layers.3.mlp.experts.45.up_proj.weight	float8_e4m3fn	2048,4096	ca8e96a1b69b6fbe137705241bd8b58994c50d14ddf9024afd0c302ac5a2c2b0
model.language_model.layers.3.mlp.experts.45.up_proj.weight_scale_inv	float32	16,32	de9b77ddae3c8145cd4a8b8e4e2022e1054aa6adf9489c304ab1d583dfff381f
model.language_model.layers.3.mlp.experts.47.down_proj.weight	float8_e4m3fn	4096,2048	2e0b3cf17b02c70339689fb7b2a8c1c1f55fb3048ff738daee3ff41821ced21e
model.language_model.layers.3.mlp.experts.47.down_proj.weight_scale_inv	float32	32,16	b644b94d9d1432df5f838d07204a7286231132557bf2cf620a140a3992f96c1f
model.language_model.layers.3.mlp.experts.47.gate_proj.weight	float8_e4m3fn	2048,4096	56e8f7250fc601fe262b8517b4b90e1c41ec542d3ce84b038866b4a46ba7fe51
model.language_model.layers.3.mlp.experts.47.gate_proj.weight_scale_inv	float32	16,32	d765f9802b6b276f84c70de8a14686e31b8fdb81554282bd03cfef1319f741ce
model.language_model.layers.3.mlp.experts.47.up_proj.weight	float8_e4m3fn	2048,4096	ef87fa96a62ee271e9819a8801a7fd037f8e970a6612e69805ddb202801ea2f3
model.language_model.layers.3.mlp.experts.47.up_proj.weight_scale_inv	float32	16,32	7275831b00de84483873d8bb00abc6bbc1ac6c4fe246a4da21df089ec69cf66a
model.language_model.layers.3.mlp.experts.50.down_proj.weight	float8_e4m3fn	4096,2048	28c54a77c57f225037ae7c59ec639b7cfcc7dbfbb39942d28db3cb4e1a438bbb
model.language_model.layers.3.mlp.experts.50.down_proj.weight_scale_inv	float32	32,16	1ff11e03fbc09f5e24e176f814ce506f2b2fc8af234e66888da250e9248374c2
model.language_model.layers.3.mlp.experts.50.gate_proj.weight	float8_e4m3fn	2048,4096	551282bd74ff19586dfeec62dff3ecdd27315f3ac55ae0a0fa1755afbb400825
model.language_model.layers.3.mlp.experts.50.gate_proj.weight_scale_inv	float32	16,32	9da1891f2c05376cd9f09c1fa467389d06237edc5614254fe48d76077428ca8c
model.language_model.layers.3.mlp.experts.50.up_proj.weight	float8_e4m3fn	2048,4096	38ea917a07d2178a6c7fae699fcd6fdfc84881c47e532e24fc8d7841beddabb0
model.language_model.layers.3.mlp.experts.50.up_proj.weight_scale_inv	float32	16,32	e4f3679d120c944c9d86dbf917efbb9acd0234c09383fd2177369f8e40e6174f
model.language_model.layers.3.mlp.experts.51.down_proj.weight	float8_e4m3fn	4096,2048	f8055a37ec0b2edce59e3048fba7589c3837d9c5751eb26bf1cbe5a1f75ef740
model.language_model.layers.3.mlp.experts.51.down_proj.weight_scale_inv	float32	32,16	d4e608c71ff980413ea67ee251e8e01deecebbf05f2e1c477fb18dd273ab0e12
model.language_model.layers.3.mlp.experts.51.gate_proj.weight	float8_e4m3fn	2048,4096	c80865a597ab813bfd148f2ce0873dcc523dfefe8ea8082b05c35f0724fa0345
model.language_model.layers.3.mlp.experts.51.gate_proj.weight_scale_inv	float32	16,32	68e3e12c95eae90ddd418a59e1f73e33ac4caa0428fb9720501743ca33fb4b7f
model.language_model.layers.3.mlp.experts.51.up_proj.weight	float8_e4m3fn	2048,4096	ffa59cc4fb3883c0ed16c542f6f103a560ccaa45475be5c81ba56bb3345776f2
model.language_model.layers.3.mlp.experts.51.up_proj.weight_scale_inv	float32	16,32	bcba3fa8730958c7417061cd8503d14ca94e5e9a5741e33087a9308394df784d
model.language_model.layers.3.mlp.experts.53.down_proj.weight	float8_e4m3fn	4096,2048	ccc0370f9f85e5c641c44f4871d6582cb603cf16e940194c5d5054e8d4d460e4
model.language_model.layers.3.mlp.experts.53.down_proj.weight_scale_inv	float32	32,16	bc70eed15bfe1f95f3f9a9d6f393ef3d99abb5bf448ac93b75c134ad26320807
model.language_model.layers.3.mlp.experts.53.gate_proj.weight	float8_e4m3fn	2048,4096	c9284c09d0fc71f3976b3ca6154396d5a1be0872e4c8c049c1c3da4f5476cc53
model.language_model.layers.3.mlp.experts.53.gate_proj.weight_scale_inv	float32	16,32	ec4ff25e75f7c75aa8265eb38b5d8628933595303b0fa6cb31a5691c437b2621
model.language_model.layers.3.mlp.experts.53.up_proj.weight	float8_e4m3fn	2048,4096	d8fec95a65696cc6ddd9983f807581a62a775be2e6a536cef675a505d6394421
model.language_model.layers.3.mlp.experts.53.up_proj.weight_scale_inv	float32	16,32	547181654a441833d71df7ab4d32aa78339cc9791f90285ff406e89efe5bac59
model.language_model.layers.3.mlp.experts.56.down_proj.weight	float8_e4m3fn	4096,2048	2cfd4cf1bd7c1b1ad8a7d5c7b6b677f729f7bd2fb42d42275178dc18ab69f4c4
model.language_model.layers.3.mlp.experts.56.down_proj.weight_scale_inv	float32	32,16	a9a61d86206bb4bd14ffdc4fd3cc362303d452fdb8148ff09f725d2396d5b750
model.language_model.layers.3.mlp.experts.56.gate_proj.weight	float8_e4m3fn	2048,4096	903635dd34c3e72544ad548e0b3a97c189d3565f5fc2c8a6581e7781cd579175
model.language_model.layers.3.mlp.experts.56.gate_proj.weight_scale_inv	float32	16,32	b09e0783aa7118533b5ff731462e6f74a4c09762da8932b1d0ac76fda2d59f64
model.language_model.layers.3.mlp.experts.56.up_proj.weight	float8_e4m3fn	2048,4096	e8af5659983f735e6205c7dc3e88e0eb52c3e8e78c4cb99eb34be59e217b2f2e
model.language_model.layers.3.mlp.experts.56.up_proj.weight_scale_inv	float32	16,32	ebd594e3153f917856fecdf5d317f4faf0e461ee676a4d4302ef9dffca17bad7
model.language_model.layers.3.mlp.experts.58.down_proj.weight	float8_e4m3fn	4096,2048	b87c96275cf6d92c1965fc938c54c0f43939d74cc6fa7f7da005b52b2a925315
model.language_model.layers.3.mlp.experts.58.down_proj.weight_scale_inv	float32	32,16	ca7045849317b975cba621e1c4007ef4d0587d809f74ed003e28f5eefedfa9d7
model.language_model.layers.3.mlp.experts.58.gate_proj.weight	float8_e4m3fn	2048,4096	bcf82ed655026c8b1a13d767d70e88c8747a2b2d60b1236c4210cb6967a20dfe
model.language_model.layers.3.mlp.experts.58.gate_proj.weight_scale_inv	float32	16,32	33bdaa128376af4b494845382d2e07db786434858482962bcbc7928afb7d7972
model.language_model.layers.3.mlp.experts.58.up_proj.weight	float8_e4m3fn	2048,4096	7ad66d06049bb2b4dae78a2d1a876eeccaddbd307ec27ed5a4b1f040d85d7424
model.language_model.layers.3.mlp.experts.58.up_proj.weight_scale_inv	float32	16,32	d76ac487751bc02d11033ddafc7fef5e0f17499ad83ed298eaf2e94fdc59fe66
model.language_model.layers.3.mlp.experts.59.down_proj.weight	float8_e4m3fn	4096,2048	505928ada38f0ea6094dffda590dfc070544ea59eba6fec29f4b597318e99423
model.language_model.layers.3.mlp.experts.59.down_proj.weight_scale_inv	float32	32,16	6985df02d1ca935d62a6b22370ea227adb5f0ef5c9e0ccce9b622e1aa88a8f81
model.language_model.layers.3.mlp.experts.59.gate_proj.weight	float8_e4m3fn	2048,4096	2a78eb04875467648570c78fd1f4fb97c18942847c30390eba994b1a4d3915c4
model.language_model.layers.3.mlp.experts.59.gate_proj.weight_scale_inv	float32	16,32	ece2a4bf134ce61a76549026b50c133af0a617417a4672de56343e11fd062be7
model.language_model.layers.3.mlp.experts.59.up_proj.weight	float8_e4m3fn	2048,4096	6783127fa391598e931042ec953a54f1d8b779e97bc96c1d878a87167479e4fd
model.language_model.layers.3.mlp.experts.59.up_proj.weight_scale_inv	float32	16,32	10215d59dd887dc3344260e61392eb7578bd1ed05823128fe5db2868df5a465a
model.language_model.layers.3.mlp.experts.6.down_proj.weight	float8_e4m3fn	4096,2048	20f89c9a0dbac7b3947b827a29e5259a6e89db8f5a6cf75673cc98c0908dfeca
model.language_model.layers.3.mlp.experts.6.down_proj.weight_scale_inv	float32	32,16	48f8b42259308829e4a133d4dbd35dc5d7bb4a87b29fcc9155ec976d4a81dd8e
model.language_model.layers.3.mlp.experts.6.gate_proj.weight	float8_e4m3fn	2048,4096	dff210b3cd1402c7cc98cf3895feec4c7366763871b0ad410d5507249e2c35b3
model.language_model.layers.3.mlp.experts.6.gate_proj.weight_scale_inv	float32	16,32	310e33aaa8170e9987d90de5edb09b456703a0b35db51051bf35033936dcc3af
model.language_model.layers.3.mlp.experts.6.up_proj.weight	float8_e4m3fn	2048,4096	111deb75b29ac2cc3b71278a9cf75b2dbae7a48d73332d5962e24d93a8d92715
model.language_model.layers.3.mlp.experts.6.up_proj.weight_scale_inv	float32	16,32	48657441f97ee90756412f481fadef149bd737d938768f6ba4ec2b552d21bda3
model.language_model.layers.3.mlp.experts.61.down_proj.weight	float8_e4m3fn	4096,2048	a5eaca1074a770c01d25dcde39d5cdef6705bd9ba01eadfa595307a757dd616e
model.language_model.layers.3.mlp.experts.61.down_proj.weight_scale_inv	float32	32,16	8c5248feffd0fa0ffbd2614580d1f15f65760f8fc06939310a64c9b8ccf49a10
model.language_model.layers.3.mlp.experts.61.gate_proj.weight	float8_e4m3fn	2048,4096	1df607b63c8f43fd47f3138ddb104b34aa508fca6b68bfa504fcfd87aad1cd05
model.language_model.layers.3.mlp.experts.61.gate_proj.weight_scale_inv	float32	16,32	307c986d1c581b1cf9d9097bfaf8824c5d589b7a66dbab89bb4a989cb302b0f4
model.language_model.layers.3.mlp.experts.61.up_proj.weight	float8_e4m3fn	2048,4096	7af24abdc1e9ea3c6fc89029bcecd721768f110c581e4ad298f345d813f0f064
model.language_model.layers.3.mlp.experts.61.up_proj.weight_scale_inv	float32	16,32	afbbb84a89dcae9dac51fbf08748bf4b1685ee28cdf29dd67814c76992a1f91b
model.language_model.layers.3.mlp.experts.63.down_proj.weight	float8_e4m3fn	4096,2048	ad6496a41d3beeaafd52b8b753ac8da175008e314425a02ca9720be1f1f18fc5
model.language_model.layers.3.mlp.experts.63.down_proj.weight_scale_inv	float32	32,16	60552862837604b5c96fbe7acf66320e932feb96c5381ab45cc6c9512886620c
model.language_model.layers.3.mlp.experts.63.gate_proj.weight	float8_e4m3fn	2048,4096	f1aa5d3db64855bee08fa28ebec588e9a571e113ce70329025a5bc7a58ddffaf
model.language_model.layers.3.mlp.experts.63.gate_proj.weight_scale_inv	float32	16,32	d8f734fbcefd9ab9ea5858815147b6d6462024bbc8ce2fcc373d5fb5287eaf5e
model.language_model.layers.3.mlp.experts.63.up_proj.weight	float8_e4m3fn	2048,4096	a609319d1448606f6659c46c10c8fe77d3565f0b191b60a43f7846c6fb3dbda4
model.language_model.layers.3.mlp.experts.63.up_proj.weight_scale_inv	float32	16,32	500b6697f5337fb753e8766a0e85cbd0cc92d932ad7f36a52cddd1ac373cec76
model.language_model.layers.3.mlp.experts.64.down_proj.weight	float8_e4m3fn	4096,2048	0857de02766fa87dc9a1d2a72ecf2b112ea9f4d68bc38784ba4ecc692477ac79
model.language_model.layers.3.mlp.experts.64.down_proj.weight_scale_inv	float32	32,16	12d51ab14639740e8c9f861a75c687e0bdc62592b5a9cb359926ade106c5fc3f
model.language_model.layers.3.mlp.experts.64.gate_proj.weight	float8_e4m3fn	2048,4096	102be0206153cc5ec72724e84a826ed9bc09b80666d2ab001d924f7f66ca7b32
model.language_model.layers.3.mlp.experts.64.gate_proj.weight_scale_inv	float32	16,32	14fde257cffa752286153e4995d28eedbeafcac23356e031d837dbb221dbec8d
model.language_model.layers.3.mlp.experts.64.up_proj.weight	float8_e4m3fn	2048,4096	0125c2e879901f71a9f2f0b4156c0df29b5d56eb85ba8a3980b0e052794a3c2e
model.language_model.layers.3.mlp.experts.64.up_proj.weight_scale_inv	float32	16,32	ab38f9d628c656214035522ebe3466c4de2d6a2a235ebca4dd024260e00803eb
model.language_model.layers.3.mlp.experts.67.down_proj.weight	float8_e4m3fn	4096,2048	67dbed0fdba79a5242dadc94fa78e788fb4a7de00a3129b5563d8803a602952b
model.language_model.layers.3.mlp.experts.67.down_proj.weight_scale_inv	float32	32,16	7dc5b3b10eaf3c8f1ca859ab4234290074aa6bcf5fa79cbb5b31b8a0e6b00ed3
model.language_model.layers.3.mlp.experts.67.gate_proj.weight	float8_e4m3fn	2048,4096	a71dbf04ec5dfcc8198e1d45c3278eba18fc21cd063e690066faa82da1b58070
model.language_model.layers.3.mlp.experts.67.gate_proj.weight_scale_inv	float32	16,32	0b58de300e40d5a022104f238bfd730b776b93caca2245e0ba63cc928d1ff970
model.language_model.layers.3.mlp.experts.67.up_proj.weight	float8_e4m3fn	2048,4096	c5853db8b9ede1ac77f4e2f346bde521fdaf130c29241059e54841906b8b88da
model.language_model.layers.3.mlp.experts.67.up_proj.weight_scale_inv	float32	16,32	e93a9e7a8b9f867b89b8beb43aeabde4d84e6fd760434ff8a46358b2a0372163
model.language_model.layers.3.mlp.experts.7.down_proj.weight	float8_e4m3fn	4096,2048	6b2f99b95e9af257b070c95e6f2fd0b8c3933dad9dc76752eae059a627023854
model.language_model.layers.3.mlp.experts.7.down_proj.weight_scale_inv	float32	32,16	6b2e7415e8b69466c73ffafd63ae04899b37ca3231a7d71745b0ec77ac57e901
model.language_model.layers.3.mlp.experts.7.gate_proj.weight	float8_e4m3fn	2048,4096	cbafc2e848a0f039f3edaf03425f7db8d4516610469b093adeb6cff0e04d7448
model.language_model.layers.3.mlp.experts.7.gate_proj.weight_scale_inv	float32	16,32	500083143d4416ca54119cfbda36c3a3b9cedf40967258bde4001518c15d124b
model.language_model.layers.3.mlp.experts.7.up_proj.weight	float8_e4m3fn	2048,4096	6d23043e1b95b37c4b6bbe9f2e1b9371889a22c5bd7a13ce3e3910e70277b421
model.language_model.layers.3.mlp.experts.7.up_proj.weight_scale_inv	float32	16,32	e31521ba83c849a0ff023c1c623f69aa31fb71c0ed2b9e29dac0b171a9cc196b
model.language_model.layers.3.mlp.experts.70.down_proj.weight	float8_e4m3fn	4096,2048	e59357bdd7e7a3ef09a700f67da2fc902b80e99b44b898b991059232a56fd641
model.language_model.layers.3.mlp.experts.70.down_proj.weight_scale_inv	float32	32,16	d62e9d153a65807a7989a0cce43acf96dcbcb7faca2d8b7a86862a71dd0d75c6
model.language_model.layers.3.mlp.experts.70.gate_proj.weight	float8_e4m3fn	2048,4096	4ed16e7af81a9000d2c5cf2a6c2d24230208edfb6dbd31a2ee6c5ffaa1a99aee
model.language_model.layers.3.mlp.experts.70.gate_proj.weight_scale_inv	float32	16,32	10d2810a851ec6b181504b690facc963dc20f69a1f6113d5c1c0571b32552ac5
model.language_model.layers.3.mlp.experts.70.up_proj.weight	float8_e4m3fn	2048,4096	6f6b11233559d02b2521cbb3cc3b5ac97ae82171b9bc4970d9768b87a4a7e77b
model.language_model.layers.3.mlp.experts.70.up_proj.weight_scale_inv	float32	16,32	93c0853f90f4c7acf9f540192f600b99b6c1d09b3850cf33f6241d2226868e85
model.language_model.layers.3.mlp.experts.71.down_proj.weight	float8_e4m3fn	4096,2048	34a3ecee22e5b0124d27aea6984b92d08fe2491a2cf4ec0730ba3bf23ea5573c
model.language_model.layers.3.mlp.experts.71.down_proj.weight_scale_inv	float32	32,16	d8c6048682792c7e628fad456da7f932a47174855dbf316a4ceb0eca0b4c23d0
model.language_model.layers.3.mlp.experts.71.gate_proj.weight	float8_e4m3fn	2048,4096	ca38b1012400c7690650038354011add99b701fe7513f9337367cd085ef6aeb3
model.language_model.layers.3.mlp.experts.71.gate_proj.weight_scale_inv	float32	16,32	4376e2b111e34eabcb87a3a0ec5e3e42d57b01d2c03e7265191c771eae77e6b7
model.language_model.layers.3.mlp.experts.71.up_proj.weight	float8_e4m3fn	2048,4096	f35ff1bd313699190bbefe5508bd435f557e4db3ae622808cedb8b65aeec4954
model.language_model.layers.3.mlp.experts.71.up_proj.weight_scale_inv	float32	16,32	717384a0d2c6f2f0e3de503f1912ff248b0b00ec64a4086cdf65b0970ce0a3ec
model.language_model.layers.3.mlp.experts.73.down_proj.weight	float8_e4m3fn	4096,2048	8e1c547151d6fff0f419456be75cbf2b8d03f3c363c99973ec721a7fbf5c22ea
model.language_model.layers.3.mlp.experts.73.down_proj.weight_scale_inv	float32	32,16	cc807def379f041350aa52c67239d6ba38f7662e182616a28f68e29ec38ec47a
model.language_model.layers.3.mlp.experts.73.gate_proj.weight	float8_e4m3fn	2048,4096	5e124397ed3396eb111f7a1df585c59bf01762e05503f4b2d64ddeb8b57f98fd
model.language_model.layers.3.mlp.experts.73.gate_proj.weight_scale_inv	float32	16,32	94a690181fef53ed823dc744851ae6ea5961f7b15344c11e34e9f327223d328c
model.language_model.layers.3.mlp.experts.73.up_proj.weight	float8_e4m3fn	2048,4096	938ae9d7aeb932b330af620b20eee193fed41662118b70b049ed88c353be6bee
model.language_model.layers.3.mlp.experts.73.up_proj.weight_scale_inv	float32	16,32	bd5193ff1acec72fccccc26d4010cf35c3ddad1f5cdaa62d0cd690b7116be26a
model.language_model.layers.3.mlp.experts.74.down_proj.weight	float8_e4m3fn	4096,2048	d243e7a4314cea7fa50f64e5e614888aa0ef8f28c77843d6aca86d3d1d62569a
model.language_model.layers.3.mlp.experts.74.down_proj.weight_scale_inv	float32	32,16	99dbb324c3046b2e2ca23fdc88869969958c735657cceada29003acc5b0f98a3
model.language_model.layers.3.mlp.experts.74.gate_proj.weight	float8_e4m3fn	2048,4096	bd507f5dbcdb8fbfc46273f8a44ce14a6345ed9ec59d7bce9cf47199559e86b5
model.language_model.layers.3.mlp.experts.74.gate_proj.weight_scale_inv	float32	16,32	a6a02ffc3edbd25aabbc0e6fb538c3dea5705a8f83b2bd1ba2171fdc78f23eb9
model.language_model.layers.3.mlp.experts.74.up_proj.weight	float8_e4m3fn	2048,4096	4da2ee73b413d608d725b4876996fd2f2cfb0de7a89f74ff80a1411c1e14ffa8
model.language_model.layers.3.mlp.experts.74.up_proj.weight_scale_inv	float32	16,32	f5d619cfb8fc66f1351cd156beb43474d16e6c4627c066b25df5e907e8a9b3a4
model.language_model.layers.3.mlp.experts.75.down_proj.weight	float8_e4m3fn	4096,2048	ddde437f65eca7ec7cefa6f6f641a117f1acdaedded13a24da44fe3527959db2
model.language_model.layers.3.mlp.experts.75.down_proj.weight_scale_inv	float32	32,16	2dc84084cc2e6deb859be261e65bdd38e1abd26e3b462409c3f0b53d0673e2ee
model.language_model.layers.3.mlp.experts.75.gate_proj.weight	float8_e4m3fn	2048,4096	52a09ac06fec2dfe58b055dee3146d1735159175c23ef20dff61e8f0fbd12e43
model.language_model.layers.3.mlp.experts.75.gate_proj.weight_scale_inv	float32	16,32	fc50a10d63b4032a20dee336e740e5bb9c4e9f236a7f4e348ff3ebdb73a2e960
model.language_model.layers.3.mlp.experts.75.up_proj.weight	float8_e4m3fn	2048,4096	433ba68d26cbaf5d41bc8dc4ccb882e686ef70138702daf60638d3cfcca46058
model.language_model.layers.3.mlp.experts.75.up_proj.weight_scale_inv	float32	16,32	b457d2fc37ee8c101af32f1bac657f5c4d3caba41cc04e719d0169256be686c2
model.language_model.layers.3.mlp.experts.77.down_proj.weight	float8_e4m3fn	4096,2048	1eaa236b6a91feacebcb99bd92fca64203266c89577c57d54925a3ce4f64dfeb
model.language_model.layers.3.mlp.experts.77.down_proj.weight_scale_inv	float32	32,16	c8133184c8ca7fcbc7f5518194dd547d9076cca719efecc2b8f108d9c2978538
model.language_model.layers.3.mlp.experts.77.gate_proj.weight	float8_e4m3fn	2048,4096	8801c9a8c1e4a98640fb1e94c6e0a55308c68330900104d68272b79a51433b8f
model.language_model.layers.3.mlp.experts.77.gate_proj.weight_scale_inv	float32	16,32	10349d6729a467f301bec9f7ecd7bc63f6949670dbd7a1470cf6db190df12375
model.language_model.layers.3.mlp.experts.77.up_proj.weight	float8_e4m3fn	2048,4096	3bcecc02fdac001b9b01645f12cbbbfbecbf5f0c9de938d0ba3e9612d14a21ee
model.language_model.layers.3.mlp.experts.77.up_proj.weight_scale_inv	float32	16,32	10c52c6b69a72116229c89d225e2f8c632914d61267b3e7a70f27df19397eb4a
model.language_model.layers.3.mlp.experts.78.down_proj.weight	float8_e4m3fn	4096,2048	d32aadd2a89e5a9d6d406f234e19f874146114da59a8636621c9a939f85ffd7c
model.language_model.layers.3.mlp.experts.78.down_proj.weight_scale_inv	float32	32,16	ff2f7a6d62214faeeb1f5c69761360e0ac256dcdad3d3721253ae53233c8de79
model.language_model.layers.3.mlp.experts.78.gate_proj.weight	float8_e4m3fn	2048,4096	4cbbd31b3485dac1e3ea04867f6b5811b5a6346bc9e55c4b6b05e034a3069d97
model.language_model.layers.3.mlp.experts.78.gate_proj.weight_scale_inv	float32	16,32	d1588fee8e7c996a5bde614241cab4ccc578db7a2db3a5496b86c2d565b6310e
model.language_model.layers.3.mlp.experts.78.up_proj.weight	float8_e4m3fn	2048,4096	100ce927914468d5553572fe6e042b6204740bad835b8cc098b8974bf2680a17
model.language_model.layers.3.mlp.experts.78.up_proj.weight_scale_inv	float32	16,32	dc3ca31084b0c152954513a2230b1960af1d228bdccc3ca2a100f962a8b91a90
model.language_model.layers.3.mlp.experts.79.down_proj.weight	float8_e4m3fn	4096,2048	24a84fbac89af85e528ea97c907dc226adfe31abe03b96e0fd962266dd28afdd
model.language_model.layers.3.mlp.experts.79.down_proj.weight_scale_inv	float32	32,16	81ef767913f3fef227eef1a769c29c18f5c48210d597606fc7125e7893f24082
model.language_model.layers.3.mlp.experts.79.gate_proj.weight	float8_e4m3fn	2048,4096	b0def0946175f56342ca3a72738e9c1bc8c156b82cf9968d9b2049ddd29ef8a0
model.language_model.layers.3.mlp.experts.79.gate_proj.weight_scale_inv	float32	16,32	455d854869240bccf1cffd45278eb2724e8b22b111dea38e41f1fc68f4b4b7b7
model.language_model.layers.3.mlp.experts.79.up_proj.weight	float8_e4m3fn	2048,4096	5335445fd2501f7492b81d33856584983e47c5c93aa613094cb64253f53d5c2d
model.language_model.layers.3.mlp.experts.79.up_proj.weight_scale_inv	float32	16,32	041761843d6ea37379ecbc4ec8e5a54d4c5375484c679ec92bbd9a919b8538f1
model.language_model.layers.3.mlp.experts.80.down_proj.weight	float8_e4m3fn	4096,2048	c693736f5011ac8a1c2b1224027c5e78d1fb181472250b7872bd33e21d18b764
model.language_model.layers.3.mlp.experts.80.down_proj.weight_scale_inv	float32	32,16	d67be8f228faadce344b839cbe1f04e140b950b2c3cfe9f02f322fa97be460c9
model.language_model.layers.3.mlp.experts.80.gate_proj.weight	float8_e4m3fn	2048,4096	575faae05e3a6cf4ffef647824658d2434dd70e7870a93ee7ef2a905fe1f7206
model.language_model.layers.3.mlp.experts.80.gate_proj.weight_scale_inv	float32	16,32	31619acd963c0c33cc4fc26f8f710b428503152232a5bed726120333422df927
model.language_model.layers.3.mlp.experts.80.up_proj.weight	float8_e4m3fn	2048,4096	469eb13089077e655f579ee97e051e36d3ab4b8c3e1b53d4d0ebce46561b650c
model.language_model.layers.3.mlp.experts.80.up_proj.weight_scale_inv	float32	16,32	d30a5a169fda883a7de71fbbca38923cb3215d1fceaed9acdb8b17116f826788
model.language_model.layers.3.mlp.experts.81.down_proj.weight	float8_e4m3fn	4096,2048	0ea519dbfeac69935e3e84d1f8f9a7462ebac8e930efbc34fc4101adc96a9dca
model.language_model.layers.3.mlp.experts.81.down_proj.weight_scale_inv	float32	32,16	11889fd0b886b0092101c9ef1992d2b2aa358eba4c0f1d5401932a8c998bd5d7
model.language_model.layers.3.mlp.experts.81.gate_proj.weight	float8_e4m3fn	2048,4096	4f46e1492c0591f7e72c76aa649c709a0de246fe66e716c3aaf4ffef89f219ea
model.language_model.layers.3.mlp.experts.81.gate_proj.weight_scale_inv	float32	16,32	7ccab3ef4a67639999bacad2c7c35432847fbb35cea9c869cff2d23c372a8c84
model.language_model.layers.3.mlp.experts.81.up_proj.weight	float8_e4m3fn	2048,4096	1dfc02f2b8455195b8615dabcb9e530c91d038a2199a0340c59936ed2a4f4322
model.language_model.layers.3.mlp.experts.81.up_proj.weight_scale_inv	float32	16,32	caebc2e3370fad1d83128a9311bb139112ace230bca6483a752ed23c80a1cc2d
model.language_model.layers.3.mlp.experts.86.down_proj.weight	float8_e4m3fn	4096,2048	cda45dae9f8bec0cc6da1ea8279f9da432dc004baa67e86058d9c42b0c35f169
model.language_model.layers.3.mlp.experts.86.down_proj.weight_scale_inv	float32	32,16	5d53b2f07ad906ed453d7c0e39d815b9d732e4501a43111a165e64d5f94e2a92
model.language_model.layers.3.mlp.experts.86.gate_proj.weight	float8_e4m3fn	2048,4096	5c18835320146791a97be6a0db36cf20550ed963b91b6a34dc2c7d19c4c96f7c
model.language_model.layers.3.mlp.experts.86.gate_proj.weight_scale_inv	float32	16,32	df6174abf3c6084a27089c0cd3b1956243ca9f32f3ee156e115f8f273af41665
model.language_model.layers.3.mlp.experts.86.up_proj.weight	float8_e4m3fn	2048,4096	984b0d801609609e7bf8bc2080756906788a68423538c7fb44c4f4fd07741ef4
model.language_model.layers.3.mlp.experts.86.up_proj.weight_scale_inv	float32	16,32	5bc735d103603ab0fde7b38bc4ce178b53120e6810e85795219f9fbae904e35e
model.language_model.layers.3.mlp.experts.87.down_proj.weight	float8_e4m3fn	4096,2048	ff7b1bcb96928bbfd8f18e8938d71980e49850c87638a47075c777592b7cef08
model.language_model.layers.3.mlp.experts.87.down_proj.weight_scale_inv	float32	32,16	47a9f0d9f5b830f0f29cc962dd39f0d32292c36ace3619d7d16751b7455d3c2e
model.language_model.layers.3.mlp.experts.87.gate_proj.weight	float8_e4m3fn	2048,4096	51f47caf20ca74816fa8e07e1c5e5cebef912037f994ed676d000983c569fd0e
model.language_model.layers.3.mlp.experts.87.gate_proj.weight_scale_inv	float32	16,32	99e224c6f3eb55ed74a783166efc26155f25d205ecb3637197b44afbb7910ac6
model.language_model.layers.3.mlp.experts.87.up_proj.weight	float8_e4m3fn	2048,4096	f1f5fbb15b0f4665720cd79d3300089bc2407f1f0fde1046746ed5ee3b38b8d8
model.language_model.layers.3.mlp.experts.87.up_proj.weight_scale_inv	float32	16,32	81e8c04ac045750171851935e39cc8000a871579c344d7f6008269888e6db1f0
model.language_model.layers.3.mlp.experts.89.down_proj.weight	float8_e4m3fn	4096,2048	a72e9411633fdba4659d5935c7dc16c3a3a8d8f202a29b49762aef54eda2c2d9
model.language_model.layers.3.mlp.experts.89.down_proj.weight_scale_inv	float32	32,16	0f9e2ccbc955bad6d0c67fd8b5dc4743806e761ea07247d9e5d8f5cca87bf983
model.language_model.layers.3.mlp.experts.89.gate_proj.weight	float8_e4m3fn	2048,4096	249eabb54e08a19871e1c2681e00a7cb57388187d859c2cc084d8a381cb45bb9
model.language_model.layers.3.mlp.experts.89.gate_proj.weight_scale_inv	float32	16,32	b89799b7905be3d2597eaf87a7039693f2ad48f6b971dfb813db15e0544d03ab
model.language_model.layers.3.mlp.experts.89.up_proj.weight	float8_e4m3fn	2048,4096	5918252f490a07b78ac2241b3f342ca2cede7aa1872ecc6b1c219b228b046e1a
model.language_model.layers.3.mlp.experts.89.up_proj.weight_scale_inv	float32	16,32	d65e6d651d3320d747d53d243224a4829cfa45c55338d93e1a42981fa021d829
model.language_model.layers.3.mlp.experts.9.down_proj.weight	float8_e4m3fn	4096,2048	e1072c387f43fbdcf7aaf8752c58e7bba3fa394adc20581c3f22167497ad8503
model.language_model.layers.3.mlp.experts.9.down_proj.weight_scale_inv	float32	32,16	3c7bb90b1e5330f562651ff3f7a222ecc6c4628805e0e1c1a2f0ebce55dbe52c
model.language_model.layers.3.mlp.experts.9.gate_proj.weight	float8_e4m3fn	2048,4096	78502f7648da1ead151c51d2d69151c406914371b8bac9c6299bf4989365cd4a
model.language_model.layers.3.mlp.experts.9.gate_proj.weight_scale_inv	float32	16,32	b0e7ba8ffb78ef8de3c3185f4434f60cae5886d824282c173e1e093f6564586d
model.language_model.layers.3.mlp.experts.9.up_proj.weight	float8_e4m3fn	2048,4096	e4f093cbc232a28d1aa42574a04ea86c34fdbe088bb12c8e7de845a57fd8a31b
model.language_model.layers.3.mlp.experts.9.up_proj.weight_scale_inv	float32	16,32	8b0b5e45ae5bb6d12f7ae507a127d00bbd5173fb59b87a82b4835fa22548f5dc
model.language_model.layers.3.mlp.experts.91.down_proj.weight	float8_e4m3fn	4096,2048	64d23e57d859f91e66fc31ad9c8913ca9a61645c2915c3992d2788632b09a46f
model.language_model.layers.3.mlp.experts.91.down_proj.weight_scale_inv	float32	32,16	9b7a067cd45bc71ff843ecb6f85f709e87022233ff20fc3cca7dea088ce23f9d
model.language_model.layers.3.mlp.experts.91.gate_proj.weight	float8_e4m3fn	2048,4096	c664243d2c8289f6cca3d76473f56db55dd55cb57f1e3bd92b6e5796a83c3464
model.language_model.layers.3.mlp.experts.91.gate_proj.weight_scale_inv	float32	16,32	4b61b4af6fa0ee9bb27e91bf19a8fc19b3061c032c4b1b0b20dc8d4e2f8cd412
model.language_model.layers.3.mlp.experts.91.up_proj.weight	float8_e4m3fn	2048,4096	93615f2763826a8b03b9995e74e8a382ca45c0714dfea696e4c399ad5e508e75
model.language_model.layers.3.mlp.experts.91.up_proj.weight_scale_inv	float32	16,32	3ba10659848110ce4799dd7c21a5e251f208891560dcbe9d764ca61bfb135835
model.language_model.layers.3.mlp.experts.93.down_proj.weight	float8_e4m3fn	4096,2048	7ba1ce29bb376176178f489e2bbcfb8bac028a9faa7db8432f4eebe992bf9dd0
model.language_model.layers.3.mlp.experts.93.down_proj.weight_scale_inv	float32	32,16	9d62b459195fc727384f3c1a7a9b1d5a01eced5989a690a322999f9b1678ddaf
model.language_model.layers.3.mlp.experts.93.gate_proj.weight	float8_e4m3fn	2048,4096	ff541868e7e1a851fa99035c54271f0872b748e8a2856e837c016eac00fbe6e9
model.language_model.layers.3.mlp.experts.93.gate_proj.weight_scale_inv	float32	16,32	5b173392aab1aae9784dded6f58823c5251b9c80a12b46370e6fd925cbda2bfd
model.language_model.layers.3.mlp.experts.93.up_proj.weight	float8_e4m3fn	2048,4096	c82e2f2465fdc73d248d57d161f43cd0fc41c45566b6cf9e434f08f3ff8bc2fb
model.language_model.layers.3.mlp.experts.93.up_proj.weight_scale_inv	float32	16,32	6cec493f9d0b67c59ea6cc59f27813212babb0a98b9aa76990c7d59bd6abc3b9
model.language_model.layers.3.mlp.experts.96.down_proj.weight	float8_e4m3fn	4096,2048	e1f60b97ad9c3f83b569956ef406554193401a0f1ee1d6d6ed7e503d988ad258
model.language_model.layers.3.mlp.experts.96.down_proj.weight_scale_inv	float32	32,16	d3b3ccc1ced52ccb32a71ba4e6954d451be728f3557421da7913eac891d581b0
model.language_model.layers.3.mlp.experts.96.gate_proj.weight	float8_e4m3fn	2048,4096	4505520ad573fe5d2292b8f385281b03d476d7c84a46adb3f7dcbd21d0e90cf8
model.language_model.layers.3.mlp.experts.96.gate_proj.weight_scale_inv	float32	16,32	973adff31156e231b19ad3f73ab790802cbcc4ad658bd25523888fc60a771970
model.language_model.layers.3.mlp.experts.96.up_proj.weight	float8_e4m3fn	2048,4096	2e34178cd2d3f65b68e99f112907432973ad4201e5f30b78379721543bb4ffdd
model.language_model.layers.3.mlp.experts.96.up_proj.weight_scale_inv	float32	16,32	762080f90cebd9697c60332e3f1aca958d4cedc2699032870c8efe3babce5aa2
model.language_model.layers.3.mlp.experts.97.down_proj.weight	float8_e4m3fn	4096,2048	533161311f9c9ef3e70e52c28110c68913ca37b5bd7c35a0a31110c08d2ff261
model.language_model.layers.3.mlp.experts.97.down_proj.weight_scale_inv	float32	32,16	2b34a48f0e14c52a673812fd3be4387c58847459d9dc54f649b88518a6e4a6b4
model.language_model.layers.3.mlp.experts.97.gate_proj.weight	float8_e4m3fn	2048,4096	4f4554a732d0e4481a3c91bbaef0843df1347536f62d7f9316c29902b5db4b9a
model.language_model.layers.3.mlp.experts.97.gate_proj.weight_scale_inv	float32	16,32	9dcb17b6d607a05b90544165be2d12f4abbcfb1cc93b677e0cca27f91291883b
model.language_model.layers.3.mlp.experts.97.up_proj.weight	float8_e4m3fn	2048,4096	083441417c19c7a3f940981232cae8dd52657969eb771df30baf2b0e4d5c6448
model.language_model.layers.3.mlp.experts.97.up_proj.weight_scale_inv	float32	16,32	09c12e0b78bd6416e23d67422feabdb72ce75ee4b77089d2ec39953fa9414e87
model.language_model.layers.3.mlp.experts.99.down_proj.weight	float8_e4m3fn	4096,2048	8e31ac3ae4788b2533f433ef2fd63eda199a5b21e5cfcb4aa9fa760e11278417
model.language_model.layers.3.mlp.experts.99.down_proj.weight_scale_inv	float32	32,16	19a9d87dab44febbde460c84e200190875e5a64f935bb484b2620d7b24a44da0
model.language_model.layers.3.mlp.experts.99.gate_proj.weight	float8_e4m3fn	2048,4096	9f83dbe154a4986a6ab10383b51323d9bc05c0a907be08e94e389d9c9ce4962f
model.language_model.layers.3.mlp.experts.99.gate_proj.weight_scale_inv	float32	16,32	d84fd7f418ceff893c1807a8c431385755b6fdcc34db668d1a8587af2f736c2a
model.language_model.layers.3.mlp.experts.99.up_proj.weight	float8_e4m3fn	2048,4096	96befcf562d22e5513a19102ac622a874c5d520d93db92e11beaf3e5a9f7dac1
model.language_model.layers.3.mlp.experts.99.up_proj.weight_scale_inv	float32	16,32	5593d6f98e6ddef989b1f8add70e8676f1697db8febe257fa9d21b55e66828cf
model.language_model.layers.3.mlp.gate.e_score_correction_bias	float32	288	cad2f175acdabf61327e2c60bc609df9df81b21f7a8bc166d367b57ca13b78e7
model.language_model.layers.3.mlp.gate.weight	bfloat16	288,4096	d9b073de20e23bca95c0110f8d131a655e27b8dd1ec9370943b78734b189e86e
model.language_model.layers.3.mlp.shared_experts.down_proj.weight	float8_e4m3fn	4096,2048	3807f8c0d848c76c19f38625d50a87e91c13e7e3c475ecba3cee36a401934224
model.language_model.layers.3.mlp.shared_experts.down_proj.weight_scale_inv	float32	32,16	0a800463ab72bcaaaea1fef6c02d84c44216c16531649695999acdc4b366c763
model.language_model.layers.3.mlp.shared_experts.gate_proj.weight	float8_e4m3fn	2048,4096	24ac21c1c5004e0598b2743a2eb17374a13f5334957760bc379e2aea3f793fee
model.language_model.layers.3.mlp.shared_experts.gate_proj.weight_scale_inv	float32	16,32	7562e6327b47dffe174ba6d376c1ae4093f7640eb973d9fe5b50fa75ffce37fc
model.language_model.layers.3.mlp.shared_experts.up_proj.weight	float8_e4m3fn	2048,4096	959492e7138d338041484355b03dd10185f3cc3cc4360461b0912574be2902b1
model.language_model.layers.3.mlp.shared_experts.up_proj.weight_scale_inv	float32	16,32	271807b40d59ec4d6422c92a7601d9aef7a8a6fcf965a135344dec965c1154e5
model.language_model.layers.3.post_attention_layernorm.weight	bfloat16	4096	f185aa1bceda9f1af1831b3e5c505d4f112d6645dbdc266e242580192eeea481
model.language_model.layers.3.self_attn.indexer.index_kpool_compress_ape	bfloat16	4,128	602e96c616d98b9fd3e5944d29c5992c389544dfe27f75e08484f07cdeae21c3
model.language_model.layers.3.self_attn.indexer.index_kpool_compress_gate	bfloat16	128,4096	9c3c68e1e4098f9ee510a11b0b84dfb5a73af97c901320e215bf954cbb81dbed
model.language_model.layers.3.self_attn.indexer.k_norm.bias	bfloat16	128	9b6c3c4fb1e090c28cfcb358696070ad19651e0e1d7ca959be3e09abd291094f
model.language_model.layers.3.self_attn.indexer.k_norm.weight	bfloat16	128	7536642c6da2d40c30d3cc4cb7ad1289940acd7f8cc6e23ff7f3c20d78183ecd
model.language_model.layers.3.self_attn.indexer.weights_proj.weight	bfloat16	32,4096	82ba0d1bdf90f280bffb3f07ad4ad2dccbca7287c19c9f7f718c761378c7222e
model.language_model.layers.3.self_attn.indexer.wk.weight	bfloat16	128,4096	e8e880132db835332f6ac1d16f93fc80c349006ec115e348bf118048a4ecbe72
model.language_model.layers.3.self_attn.indexer.wq_b.weight	bfloat16	4096,1536	c58d21a544ee15d63714d1a5df296f31df5e98f37059a9f821108ad8f2ecba4e
model.language_model.layers.3.self_attn.kv_a_layernorm.weight	bfloat16	512	159f4ef427b40b154287a1beb1882d3df843c086327cd5920dba78fe69a642b4
model.language_model.layers.3.self_attn.kv_a_proj_with_mqa.weight	float8_e4m3fn	512,4096	b453f3ee6e9783fc0c81936a558894e27c48ec0ccc3e79878605218ad04c6eaa
model.language_model.layers.3.self_attn.kv_a_proj_with_mqa.weight_scale_inv	float32	4,32	d05017223b85257643e47d57ca09956dc865e03e82bdb8804054a252655c9634
model.language_model.layers.3.self_attn.kv_b_proj.weight	bfloat16	32768,512	f0540a2685b23735442058523c7fca84e6e58096b06db07fa7d2725616d8c7de
model.language_model.layers.3.self_attn.o_proj.weight	float8_e4m3fn	4096,16384	97e6654499e3c8c3c729e9820fead57f2ff295396f010b733a0741fa480eeb2d
model.language_model.layers.3.self_attn.o_proj.weight_scale_inv	float32	32,128	f50584cf9d7132002a0f2d686a0f5426e88e9ed2f0882a8013b360d79b4c378a
model.language_model.layers.3.self_attn.q_a_layernorm.weight	bfloat16	1536	93343a999c9180f7b0ef8889a92799f62e98e9ed4c265a4e434613cb897ecd78
model.language_model.layers.3.self_attn.q_a_proj.weight	float8_e4m3fn	1536,4096	d79be6a957e1c23680665a68e4bbc9ffaf71a01bb7dc540e40140c6af9a3b3bc
model.language_model.layers.3.self_attn.q_a_proj.weight_scale_inv	float32	12,32	165bb5ed26c4a904ba915d5bd22657560e019041ccb0f13868ddd811e3c429dd
model.language_model.layers.3.self_attn.q_b_proj.weight	float8_e4m3fn	16384,1536	206fcd1d56fa905fc65e21fb9d311b051ef186e56500df189aaab3303c54af77
model.language_model.layers.3.self_attn.q_b_proj.weight_scale_inv	float32	128,12	3ba6893b49db9b2c95639e1504d47481014936c66d4fc505e20d2d93c446b732
model.language_model.layers.4.hc_attn_base	float32	24	b5e5b066ed593f62589067c2b290e3539bb2cd1b2afb25e11504f5334e2abb7b
model.language_model.layers.4.hc_attn_fn	bfloat16	24,16384	91a33a533e76ccff1f5c1f4162bdee7f3a7a80b128b6e97f6332e62281689b7c
model.language_model.layers.4.hc_attn_scale	float32	3	5ccd632e2ca29fe3249536a6abd9948140c519d90f77c7188ff55bacc42a516d
model.language_model.layers.4.hc_ffn_base	float32	24	51881dce88d50a9456a3f9f8553a27fa7547bfb00937ff7848ede22c9511d50b
model.language_model.layers.4.hc_ffn_fn	bfloat16	24,16384	419fc04cbca045b7ed64c4bd16cd280ae872d51e8d5235c6272bf63735830c29
model.language_model.layers.4.hc_ffn_scale	float32	3	0c17ae415ab72f7860a90b9ddf4eade844854dfad0e27b1a25a4471e993bd485
model.language_model.layers.4.input_layernorm.weight	bfloat16	4096	1074dbad0ebcb187fe0825f554c7acbecb6350aa7b1a31d26708c87b0b5ccb8f
model.language_model.layers.4.mlp.experts.100.down_proj.weight	float8_e4m3fn	4096,2048	70982162d70549c7325f1368006092fd79821d60735666083d3e9782d3c5e99a
model.language_model.layers.4.mlp.experts.100.down_proj.weight_scale_inv	float32	32,16	7c4bad8511daacba72b613d8974f1fc80dcd7ae1a78a5dc617b6f75ac03a2c6e
model.language_model.layers.4.mlp.experts.100.gate_proj.weight	float8_e4m3fn	2048,4096	c3f43cf3e86bd2511e275bb91439bf7ea9cc40c9bf60a6b77062e0ad483d5b91
model.language_model.layers.4.mlp.experts.100.gate_proj.weight_scale_inv	float32	16,32	362a70dcd5062e6c541562164f152020ff6766c663f1cd914887c7ee92f54b71
model.language_model.layers.4.mlp.experts.100.up_proj.weight	float8_e4m3fn	2048,4096	1e19ff2833f06dcfaf15661401194a4c97fc35a9be2d066a6c6c96ee2cea1b04
model.language_model.layers.4.mlp.experts.100.up_proj.weight_scale_inv	float32	16,32	6c3e702777ea9194fae1bb03fbc9d5ec23b4412e0e215d21141aacd4bfc97950
model.language_model.layers.4.mlp.experts.101.down_proj.weight	float8_e4m3fn	4096,2048	46fbc6733b7f6b9b311070bd38d72a46e3fcb5179356d6d5081929cd7290f78e
model.language_model.layers.4.mlp.experts.101.down_proj.weight_scale_inv	float32	32,16	a3a92567a62dc2367aae00166f89a0c83f9dd014a58152a11bf3eb78d3636d15
model.language_model.layers.4.mlp.experts.101.gate_proj.weight	float8_e4m3fn	2048,4096	3331715b91e1a20d10d80802397675fd771d0a29a7b5251799cfd4986fc839d0
model.language_model.layers.4.mlp.experts.101.gate_proj.weight_scale_inv	float32	16,32	b53026f1171f0a251df84305995164f6bbea4704514d27ed0591441e3fa0c9e1
model.language_model.layers.4.mlp.experts.101.up_proj.weight	float8_e4m3fn	2048,4096	061cdc13f53b4aae6c21a87578a0a624a424aa5f50134f2cea754e1005ebbed7
model.language_model.layers.4.mlp.experts.101.up_proj.weight_scale_inv	float32	16,32	10a75b5dc16aaf379f09811d883c9a1e02971e0d3d458db6de6ea5b89fadbc2d
model.language_model.layers.4.mlp.experts.102.down_proj.weight	float8_e4m3fn	4096,2048	5c90cd737a38a95d06be8d9d3e62ff24efcc4774726ae6a49bf57d3328c058c3
model.language_model.layers.4.mlp.experts.102.down_proj.weight_scale_inv	float32	32,16	a28ecc734aa705e55fb9fc82413636465ba88a0b667f587442737a104f9fdeba
model.language_model.layers.4.mlp.experts.102.gate_proj.weight	float8_e4m3fn	2048,4096	97ff23b3b4603ab783556ee8798d20d91d44665a4dd440eaaa68d6c4fa0945cc
model.language_model.layers.4.mlp.experts.102.gate_proj.weight_scale_inv	float32	16,32	0604f4aa3ec87e5bb73b620d56ae9c1569b4ca1c3533ccfeb129db2b98c99877
model.language_model.layers.4.mlp.experts.102.up_proj.weight	float8_e4m3fn	2048,4096	13b1dd6196700fb109d8a9bd37138bb6f5946d8dc7d2dc2751cca0514e453a73
model.language_model.layers.4.mlp.experts.102.up_proj.weight_scale_inv	float32	16,32	7685658f1498450c8a68d6a113b2706a5dfe6e3e482d8a13fe967f71b87edf0c
model.language_model.layers.4.mlp.experts.103.down_proj.weight	float8_e4m3fn	4096,2048	9a3aca201ecd3eb4a0968fc2d88070bc1dd3e3c6955565e7b35c4845bf284adf
model.language_model.layers.4.mlp.experts.103.down_proj.weight_scale_inv	float32	32,16	3877263f2d017d2c1c5e6723ce3fdf8adf647eb518de1791a0c177c27f22bf27
model.language_model.layers.4.mlp.experts.103.gate_proj.weight	float8_e4m3fn	2048,4096	6f651fcaf034ddc085ea9b107458f7e90a385021e717db85aafb1dc7ceb4098e
model.language_model.layers.4.mlp.experts.103.gate_proj.weight_scale_inv	float32	16,32	b7152ffca9cb1b1a0ecaf5e9e956d95065a3eba52c01daa1476d131a7f7450bd
model.language_model.layers.4.mlp.experts.103.up_proj.weight	float8_e4m3fn	2048,4096	2c726608c15762520ce7f161b76ff431332a5ed7677c530af274ada73759e7dd
model.language_model.layers.4.mlp.experts.103.up_proj.weight_scale_inv	float32	16,32	df35d52169e1d8556db375b55522eab2d085931219ab088c4a0ae632a19b2e4c
model.language_model.layers.4.mlp.experts.104.down_proj.weight	float8_e4m3fn	4096,2048	6d14dc258559aa7caf754b42b9b6bf5b2a71176e7ff6a5b99c0f91b13c2e1500
model.language_model.layers.4.mlp.experts.104.down_proj.weight_scale_inv	float32	32,16	ef9344f0add1d53fed21084958082de9726db34cf9ac6ec72c322ce042e7c484
model.language_model.layers.4.mlp.experts.104.gate_proj.weight	float8_e4m3fn	2048,4096	1c55944f6b32ca54be0fcabc98ef4541bbbfcced0a96e7a4956bdacdb3e43c35
model.language_model.layers.4.mlp.experts.104.gate_proj.weight_scale_inv	float32	16,32	5b0ab96c677bc1ddfa93726741f319700693d406fa3cb0224b627b5e9d460f32
model.language_model.layers.4.mlp.experts.104.up_proj.weight	float8_e4m3fn	2048,4096	53a43c5f993b1d9cffccd7b7c0abcdaa6a4b7df01f0e4fa7fdac20c61ad72870
model.language_model.layers.4.mlp.experts.104.up_proj.weight_scale_inv	float32	16,32	fc9d5827e776fca0381b7b3715f8a12efb7a679ac1abd8e4eb628b56e087f8c8
model.language_model.layers.4.mlp.experts.105.down_proj.weight	float8_e4m3fn	4096,2048	0c6a21e3fa979f28ff26b581af269d17907a8d76b244407b215ce417019d39f9
model.language_model.layers.4.mlp.experts.105.down_proj.weight_scale_inv	float32	32,16	bd0adf6de7240af2a9011be78928f4643a8317e4392378d436e3a846b0dd7936
model.language_model.layers.4.mlp.experts.105.gate_proj.weight	float8_e4m3fn	2048,4096	14a506ca3fba7d84a5746bbd0bf4993634b5376c18ae06e888f335dd62846f85
model.language_model.layers.4.mlp.experts.105.gate_proj.weight_scale_inv	float32	16,32	5c198311f24e374b7a1f4945290743ee41df80a1131506a06b6793130e85de4d
model.language_model.layers.4.mlp.experts.105.up_proj.weight	float8_e4m3fn	2048,4096	90f99dde3c1039befc4d9587c2e4f2f665963f93bd937a49733ac7017d699d30
model.language_model.layers.4.mlp.experts.105.up_proj.weight_scale_inv	float32	16,32	ee0653c062b92ce1d16fedc553cd7fae4b0d75698b7058d45cf4788d565854d0
model.language_model.layers.4.mlp.experts.106.down_proj.weight	float8_e4m3fn	4096,2048	05cd463ad176d56b24e65f691f4c4deaad3a625eacbc745848dcfa7e3eaf76b9
model.language_model.layers.4.mlp.experts.106.down_proj.weight_scale_inv	float32	32,16	168e4a84d044dd85893aaefcc433a7fc213abf290e1db424de38f6782d0c39b1
model.language_model.layers.4.mlp.experts.106.gate_proj.weight	float8_e4m3fn	2048,4096	a3fee688f414927123542d22c831bcf5779fe1e1312bbafe5b92ff3162407017
model.language_model.layers.4.mlp.experts.106.gate_proj.weight_scale_inv	float32	16,32	a1870d4dc5a84aeb3eb7e84aee49f9b9594736c14a7bb2c8df13e15e5a5f3416
model.language_model.layers.4.mlp.experts.106.up_proj.weight	float8_e4m3fn	2048,4096	8bf1c16f34c5c08be26b94295215d8949e5f11c4f8ee56758251195645f1ed96
model.language_model.layers.4.mlp.experts.106.up_proj.weight_scale_inv	float32	16,32	c517e810e37f6df79400b1a97521d5ff872f28da9b50879c1a22961a13325c1e
model.language_model.layers.4.mlp.experts.107.down_proj.weight	float8_e4m3fn	4096,2048	0d9f99fe2bdc914a0e79b82691fd7d1c2306b9830af5e7ed728e928258db6eee
model.language_model.layers.4.mlp.experts.107.down_proj.weight_scale_inv	float32	32,16	ac73e9f39b6cc24f7a88dba44a400f5f5daed1c0a07a84e212e6508abbc360b1
model.language_model.layers.4.mlp.experts.107.gate_proj.weight	float8_e4m3fn	2048,4096	0069840af72767d3645be74b0d3cbc851999d85a6ff7a8250e58fb845779555a
model.language_model.layers.4.mlp.experts.107.gate_proj.weight_scale_inv	float32	16,32	a3657c0d50535f7b479d5be58c7fb74487838f827eae41db628844a5d9d6323b
model.language_model.layers.4.mlp.experts.107.up_proj.weight	float8_e4m3fn	2048,4096	085a3466b8ef0045d45d29e2276dc6666dcd94832ab8fb519786f9c2cc281602
model.language_model.layers.4.mlp.experts.107.up_proj.weight_scale_inv	float32	16,32	781fcc9eb50a72a3c12dc8e53ceb4400f6262319d9872be2e6316dbb62974750
model.language_model.layers.4.mlp.experts.108.down_proj.weight	float8_e4m3fn	4096,2048	6ea5206aba62284946fdc3ac0dd8b39a9d448a0dd6016832a9a02bde129ec0d8
model.language_model.layers.4.mlp.experts.108.down_proj.weight_scale_inv	float32	32,16	d3e843f217b1c27fb80df7a7a70e491e037a1d50d970e52370134d4f775512c8
model.language_model.layers.4.mlp.experts.108.gate_proj.weight	float8_e4m3fn	2048,4096	79d4189c2f642dad055e1a09594a80dabf8dedb037e6d53e1d94536f66c126da
model.language_model.layers.4.mlp.experts.108.gate_proj.weight_scale_inv	float32	16,32	18725bf57cb853434bec01b386ce4ba0783a248d9e0f17ce4c86685b4160974a
model.language_model.layers.4.mlp.experts.108.up_proj.weight	float8_e4m3fn	2048,4096	4310cd37b050b22b846bb62fd915812fd42c2aef367ff9bef82577f298fbf71e
model.language_model.layers.4.mlp.experts.108.up_proj.weight_scale_inv	float32	16,32	8fc7c1b4fdc60393aae335fdbbbd0c83d7c4ccb1d2baf316f86f1e2703bd0143
model.language_model.layers.4.mlp.experts.109.down_proj.weight	float8_e4m3fn	4096,2048	2baf714e98262fcccee4d6ea686a53e2406e67d97cc0982117052e734090e750
model.language_model.layers.4.mlp.experts.109.down_proj.weight_scale_inv	float32	32,16	e9aa7545e0adcd47e10f7efbac1dcaa089a3805d3ff12130310d6a6d3ed7cdc7
model.language_model.layers.4.mlp.experts.109.gate_proj.weight	float8_e4m3fn	2048,4096	049f5dabdc89ea372f2d6801fa2ebcdce1670aaa00c74dbe9c0011cc4d4b8215
model.language_model.layers.4.mlp.experts.109.gate_proj.weight_scale_inv	float32	16,32	426ad8ad18ae820708e3af4f04a22fcafe2687a392b5808863b8460722aefcf9
model.language_model.layers.4.mlp.experts.109.up_proj.weight	float8_e4m3fn	2048,4096	22047a29552d36d108e3602fd5ee7d4cc6504b33203d1f7ade135b05de07c855
model.language_model.layers.4.mlp.experts.109.up_proj.weight_scale_inv	float32	16,32	7c25cb2933f5a9be2693534d4c405e42d8ffbad0061efd98e79d9bd2794c1feb
model.language_model.layers.4.mlp.experts.11.down_proj.weight	float8_e4m3fn	4096,2048	6b4f87f14efa1cd406f35cf5e1d2402c11528d75b1b2403f75b13e51e95b1057
model.language_model.layers.4.mlp.experts.11.down_proj.weight_scale_inv	float32	32,16	26c16ed1f87bdc7b5e19a9c7f91f61297e210ab2aeda347e7406a77fb5e0e1bc
model.language_model.layers.4.mlp.experts.11.gate_proj.weight	float8_e4m3fn	2048,4096	b8e64949959c4199a109084820a118e7e1071d0789cb74725efa40c8eac4e98e
model.language_model.layers.4.mlp.experts.11.gate_proj.weight_scale_inv	float32	16,32	6145f2140c888d1fafec21a653793d063bb76f75a2dd0400e2bd5fa671a969f4
model.language_model.layers.4.mlp.experts.11.up_proj.weight	float8_e4m3fn	2048,4096	56988a842098854541f2ff48a258f78c6cc1829534e412ec15f4dd8880639832
model.language_model.layers.4.mlp.experts.11.up_proj.weight_scale_inv	float32	16,32	8cc04cb5d5e93c334b9477036397b0386cd046aba1c8b50dd754b4b5de880839
model.language_model.layers.4.mlp.experts.110.down_proj.weight	float8_e4m3fn	4096,2048	838164772ccf76c30272bf54eafa1fd9907a4b29e6c88357915681351a90d47d
model.language_model.layers.4.mlp.experts.110.down_proj.weight_scale_inv	float32	32,16	67fe2c93315a656455e304921179c148298c257e024da2ae6ee0f042649249d8
model.language_model.layers.4.mlp.experts.110.gate_proj.weight	float8_e4m3fn	2048,4096	82d41ae857072b5079950cfbc24f3ec200161021ce65ebb4f080e1667aac1c85
model.language_model.layers.4.mlp.experts.110.gate_proj.weight_scale_inv	float32	16,32	cd566d4d4bf40089c420f6c3a8683f9b7434edc2970f64600c4362c8cdbce3f8
model.language_model.layers.4.mlp.experts.110.up_proj.weight	float8_e4m3fn	2048,4096	73e7034659b18f86983fbc43a7323e9f6b263268e9eee5d483c48acbcbf76411
model.language_model.layers.4.mlp.experts.110.up_proj.weight_scale_inv	float32	16,32	313fb2ea991fe0978eb2541d8583d77a6f13d10786e3db1b15f4293ccb8b35df
model.language_model.layers.4.mlp.experts.113.down_proj.weight	float8_e4m3fn	4096,2048	d4e94055becf1916c4150424d2ac851393975f4a3220d2bdebd260f145c26401
model.language_model.layers.4.mlp.experts.113.down_proj.weight_scale_inv	float32	32,16	b4ad05f540177a1a64514e2ef1ca9013a31a14a085c4f5130430efc1d87c6842
model.language_model.layers.4.mlp.experts.113.gate_proj.weight	float8_e4m3fn	2048,4096	c75dcc9b500821e0e1a935988cc385a95f5c52c19b221d4ced1f59303b313803
model.language_model.layers.4.mlp.experts.113.gate_proj.weight_scale_inv	float32	16,32	dc24254c6f47850cd1c176ac1fcca814299bad8fa403224bbeddf71471bbc7e6
model.language_model.layers.4.mlp.experts.113.up_proj.weight	float8_e4m3fn	2048,4096	7760b58835df1fcf8428afd522c0ebb12fa0602f136ac7a42e9d8f2f9e498489
model.language_model.layers.4.mlp.experts.113.up_proj.weight_scale_inv	float32	16,32	1142f63cf52000ccbf0b325e730b66555f9fd7200f08702f924cec6a2b2e31cf
model.language_model.layers.4.mlp.experts.115.down_proj.weight	float8_e4m3fn	4096,2048	875e03198ea1caa4df28dcc15743810708561fa0cc2d1e1e91dbbd1db79fefce
model.language_model.layers.4.mlp.experts.115.down_proj.weight_scale_inv	float32	32,16	7cf5ff04c639e3e897dfb07fecfa80942f20ea9a07717e9e07f4a29f7ac5d31c
model.language_model.layers.4.mlp.experts.115.gate_proj.weight	float8_e4m3fn	2048,4096	79e7730769c0ab817434a0628ab41ed85505ad6cd2bc450fa7a3bd2abee8892b
model.language_model.layers.4.mlp.experts.115.gate_proj.weight_scale_inv	float32	16,32	902e40d5f0eed3e154dba492062dd3d113dc0ed116807ab11be79b74c802169e
model.language_model.layers.4.mlp.experts.115.up_proj.weight	float8_e4m3fn	2048,4096	864768a4a243146fd30e9353985a403bc645766a3a7ce1281664b12e510e8bd9
model.language_model.layers.4.mlp.experts.115.up_proj.weight_scale_inv	float32	16,32	88c4daefa3621d09ff8719b1364cbae41f02fc7da4603eb3998da9d54ebea782
model.language_model.layers.4.mlp.experts.119.down_proj.weight	float8_e4m3fn	4096,2048	0ac5ca7806dcb487faa169d0ace1e57030851c5ffbe4e4ab33577a5bd8f1df39
model.language_model.layers.4.mlp.experts.119.down_proj.weight_scale_inv	float32	32,16	bdf0b70a2a6c4a598d24d001408a49f0208a0048c74f0398a46ed4a54fa208ed
model.language_model.layers.4.mlp.experts.119.gate_proj.weight	float8_e4m3fn	2048,4096	1e82a9d20412c806cdadb1b51f4d23567eea49d63ee31dbb1680289c0474f791
model.language_model.layers.4.mlp.experts.119.gate_proj.weight_scale_inv	float32	16,32	a39bc5ee89abe7132093baee425e34a337bbd6b4858207c49cf5ac0de8cd4e32
model.language_model.layers.4.mlp.experts.119.up_proj.weight	float8_e4m3fn	2048,4096	de17afcfab7e45ed0cb53756927ef19a38a83d333ad05b106c02708b9b344f85
model.language_model.layers.4.mlp.experts.119.up_proj.weight_scale_inv	float32	16,32	85ba61994a525011bbf1865e54cfbdc4ccbe933f3b06ca00cae5e8f77cacb54e
model.language_model.layers.4.mlp.experts.12.down_proj.weight	float8_e4m3fn	4096,2048	b20348794a248c13e584065da9b50c9b719b22bba9d8012f570888b23cff01ba
model.language_model.layers.4.mlp.experts.12.down_proj.weight_scale_inv	float32	32,16	822b2c5882b0b02e2b987fafe1faee2d03af23a8692d92022daa185bd8ece112
model.language_model.layers.4.mlp.experts.12.gate_proj.weight	float8_e4m3fn	2048,4096	1732e77305a80a95863d0c9295a79f785a343faa262b27abb33d7abe5637e6f8
model.language_model.layers.4.mlp.experts.12.gate_proj.weight_scale_inv	float32	16,32	63525978c0d6aa84b3267b73f2299437d5799747bbe277435a10b731f3ada91f
model.language_model.layers.4.mlp.experts.12.up_proj.weight	float8_e4m3fn	2048,4096	1ee84f5c2e7b3418996091130c5afc091ec9ad1ae358e9d6f84b5b0ad2c945b7
model.language_model.layers.4.mlp.experts.12.up_proj.weight_scale_inv	float32	16,32	ce8eb7afb8a6c20eb94da6526dfeef8bfc9c2e802e55411a096a35c38bf65132
model.language_model.layers.4.mlp.experts.123.down_proj.weight	float8_e4m3fn	4096,2048	f6434c0c735d4ecd5ba9618ae8131ece1502798b937f5cc26cdce5e47c2cf4fa
model.language_model.layers.4.mlp.experts.123.down_proj.weight_scale_inv	float32	32,16	bbab8a6542366ba674d053731d99c48ea21cedee167e3635b654220fe32274d7
model.language_model.layers.4.mlp.experts.123.gate_proj.weight	float8_e4m3fn	2048,4096	e0d4a9323b3391cad29328d401e052e127a84fe3c920a81d5cc53a9b9c9ce8f4
model.language_model.layers.4.mlp.experts.123.gate_proj.weight_scale_inv	float32	16,32	7207469e2b3d0a3f992f189f577c35eeec1eed88007a748a9f2909dcb9883bb9
model.language_model.layers.4.mlp.experts.123.up_proj.weight	float8_e4m3fn	2048,4096	82855cf4536c682cff3d45aafdbbc39f1e3837b5c4f1643dbbc09934d3d884dd
model.language_model.layers.4.mlp.experts.123.up_proj.weight_scale_inv	float32	16,32	dde200154bf4c75ee7b3759a134b042e03d81e6f7f7694fdca035ad40ad943d0
model.language_model.layers.4.mlp.experts.124.down_proj.weight	float8_e4m3fn	4096,2048	03394c31361e5a9861b7e6172b6ed1d5c6b8f2b909d6b5513979ed79856e8996
model.language_model.layers.4.mlp.experts.124.down_proj.weight_scale_inv	float32	32,16	95d0dfe06c2fdd226a1c0a43bdda8016fd43aa461d9ffb8cc0ec716095e23c1a
model.language_model.layers.4.mlp.experts.124.gate_proj.weight	float8_e4m3fn	2048,4096	456af39ce9b9c96ac9e717caf3ac80f6c0bf08649ef129a4a1be5120e58841f6
model.language_model.layers.4.mlp.experts.124.gate_proj.weight_scale_inv	float32	16,32	f43faa11d4312d52cc453d96a8268e540fa3c82b71f1f980925ee378fb2a8593
model.language_model.layers.4.mlp.experts.124.up_proj.weight	float8_e4m3fn	2048,4096	537243f5fd4fa0d69ee5748b566205d96d767ec26ca3c4abae656b244498e016
model.language_model.layers.4.mlp.experts.124.up_proj.weight_scale_inv	float32	16,32	b9dcde497573a755409437161527e95819e0962686b9eb746ccda57722ed597a
model.language_model.layers.4.mlp.experts.126.down_proj.weight	float8_e4m3fn	4096,2048	7c926e3e0dd47f78d43b650fb98bcec8d8138b75876ec93139b48bcaf8be3f55
model.language_model.layers.4.mlp.experts.126.down_proj.weight_scale_inv	float32	32,16	029f91a4406bfe211c7aa7c85e1a596ab5547ca52bcd04ae6cb67ca31e170f37
model.language_model.layers.4.mlp.experts.126.gate_proj.weight	float8_e4m3fn	2048,4096	0b58553302d1676c171a62149065b93c698aee8eb343fe66bd7fe1b0325cb036
model.language_model.layers.4.mlp.experts.126.gate_proj.weight_scale_inv	float32	16,32	6f897f69338fc6fc4f11ba71825a4b5265890e2d003a69dcd831f65e9a44bb0c
model.language_model.layers.4.mlp.experts.126.up_proj.weight	float8_e4m3fn	2048,4096	865713a2d29d841ea77fa0c839d4efb2f37e93ed552eb4cac558ddc6231f2d2a
model.language_model.layers.4.mlp.experts.126.up_proj.weight_scale_inv	float32	16,32	fba4bc7d059bf480ee12d1b4753888dfbfc30399eb05755f212162addcf88c39
model.language_model.layers.4.mlp.experts.128.down_proj.weight	float8_e4m3fn	4096,2048	7758dfdada8528133081e13edd9c88e2b5f8e51a9bb4c188edcc77d9d9a6f00a
model.language_model.layers.4.mlp.experts.128.down_proj.weight_scale_inv	float32	32,16	a685f41539469923ef6e7d19b02995eed5bdb09dc6a33c506e30c0fa532c1dbd
model.language_model.layers.4.mlp.experts.128.gate_proj.weight	float8_e4m3fn	2048,4096	bd90e047ddeff2abf7141de0a2d048c4bf077c9942039e5c22ab472aa2de28c5
model.language_model.layers.4.mlp.experts.128.gate_proj.weight_scale_inv	float32	16,32	354536bccc1676259f6a73db72cca4256edae631dbdb996d5fe68df4528f904a
model.language_model.layers.4.mlp.experts.128.up_proj.weight	float8_e4m3fn	2048,4096	4a054e1f1cd4f5c748ced13b596739d128afee6f3d8214f6cca7091b2f4e2645
model.language_model.layers.4.mlp.experts.128.up_proj.weight_scale_inv	float32	16,32	70938183be013502d421e09f8b7053b7f6123550f5344d1d7094f8783b9a5211
model.language_model.layers.4.mlp.experts.129.down_proj.weight	float8_e4m3fn	4096,2048	776717d52873c1b51187bfd692152066afbfe22c156a7ec380afb0e20dcb23e5
model.language_model.layers.4.mlp.experts.129.down_proj.weight_scale_inv	float32	32,16	1259bcedb8b4b24a759b593b7af76a704e56e340a8a5fa467a6167a1d71c5242
model.language_model.layers.4.mlp.experts.129.gate_proj.weight	float8_e4m3fn	2048,4096	202ef3ffde9556638a16753d1f6c56fc94a09c77720701cb96bb0b35840e9252
model.language_model.layers.4.mlp.experts.129.gate_proj.weight_scale_inv	float32	16,32	698a9d2121778968a7ad427d2351feb6f70a7b7dd2e25dc20c3f918fc74c5477
model.language_model.layers.4.mlp.experts.129.up_proj.weight	float8_e4m3fn	2048,4096	f8d9bb86d97e6dfcd8630fda51ac703255203f30313474f1e58f1a6ffd3331f1
model.language_model.layers.4.mlp.experts.129.up_proj.weight_scale_inv	float32	16,32	f237dedab9de06f59173ba433ee304ff18973769fca982f88eb9468f1898f899
model.language_model.layers.4.mlp.experts.13.down_proj.weight	float8_e4m3fn	4096,2048	d24876270cda1da85a6fef80b3ede7a7b2ef8dd9b997ccb60480b2cb7aa04293
model.language_model.layers.4.mlp.experts.13.down_proj.weight_scale_inv	float32	32,16	ac0c6fdf0c0c3bd3827a2474d35cfe191ca42c75c07ab1cec25aa6b1702c7b4a
model.language_model.layers.4.mlp.experts.13.gate_proj.weight	float8_e4m3fn	2048,4096	fc8e0fafb991b27670020351292efa5c93901b9744f9d1f6191b2c968b16d335
model.language_model.layers.4.mlp.experts.13.gate_proj.weight_scale_inv	float32	16,32	2b23613b67321cab6ed3478bd3b0562293fb6c2c51b6d2b7f13068dd8b953600
model.language_model.layers.4.mlp.experts.13.up_proj.weight	float8_e4m3fn	2048,4096	a1063558533aa98842abf9ae9307421e88023cfdfcc8fe25e25483ffd90553ff
model.language_model.layers.4.mlp.experts.13.up_proj.weight_scale_inv	float32	16,32	8096e3b1733c0d0247a980ed4294257f4f42915b53dd03f169ae2071453c0366
model.language_model.layers.4.mlp.experts.130.down_proj.weight	float8_e4m3fn	4096,2048	a0ab8a14ac0a63ca6a0723df95cb38a23fd23203a9999c1a662e40c26229d294
model.language_model.layers.4.mlp.experts.130.down_proj.weight_scale_inv	float32	32,16	ba1ae578c60d480c99ad4a87349d800427d7b33a872379abb13813b068d85450
model.language_model.layers.4.mlp.experts.130.gate_proj.weight	float8_e4m3fn	2048,4096	0b80bca7b45b3ef44a03ce43db166e5917feee9347a70e5a31b707b05a5a529e
model.language_model.layers.4.mlp.experts.130.gate_proj.weight_scale_inv	float32	16,32	07ed727c7d4c61cb894923e78b0f956dc6d3551460363e65ccb29c4fddfbd01c
model.language_model.layers.4.mlp.experts.130.up_proj.weight	float8_e4m3fn	2048,4096	43b173c49fc61bfe3f817a44a2f0d9f18f1e82954c62e1a33606efd2ec53401d
model.language_model.layers.4.mlp.experts.130.up_proj.weight_scale_inv	float32	16,32	1482ae33a5885e212be27bf639757fa47fb0ca5026d696efebeccfe51396ec7d
model.language_model.layers.4.mlp.experts.132.down_proj.weight	float8_e4m3fn	4096,2048	7b8ecb83bd1aa642d4f1b6a43e7bba145507d0f2f5ced46863f5cd91c7dc5baa
model.language_model.layers.4.mlp.experts.132.down_proj.weight_scale_inv	float32	32,16	601ebef6f4614a12ed48ba930d24932a81cbea0707556dce1ba157dca9378ba9
model.language_model.layers.4.mlp.experts.132.gate_proj.weight	float8_e4m3fn	2048,4096	1337ee63399ea6b1f8deffdc5ac718002b7adae5f926c7e264ca2737ec961355
model.language_model.layers.4.mlp.experts.132.gate_proj.weight_scale_inv	float32	16,32	6895259a45e8b9814005e08fd8053de7b3a3c7667200aecde82910ff8bb37022
model.language_model.layers.4.mlp.experts.132.up_proj.weight	float8_e4m3fn	2048,4096	d0dc63638d5172cf563fa7d22e2483db9b59fd036ac480e5b5ee859534b03849
model.language_model.layers.4.mlp.experts.132.up_proj.weight_scale_inv	float32	16,32	3d713c5339c306143f39019d2c39f74e7d3a49c619a7db1ed29fba4b362c1463
model.language_model.layers.4.mlp.experts.133.down_proj.weight	float8_e4m3fn	4096,2048	53b50cc342200477e92d6a7bf21fb6f95fe0081a1891f06508114def4fcc1987
model.language_model.layers.4.mlp.experts.133.down_proj.weight_scale_inv	float32	32,16	07d30a1684383566770abf362fe79cae7be7e9376412864827dea76f4d89e82e
model.language_model.layers.4.mlp.experts.133.gate_proj.weight	float8_e4m3fn	2048,4096	a47539b21154ef8086404af56bfe3b30484943e4bda35e034adaf513371709a1
model.language_model.layers.4.mlp.experts.133.gate_proj.weight_scale_inv	float32	16,32	5fa9a9c0a383861fe59675a6ed07f592c623ee9f60ffe3e5fecd641a036433e2
model.language_model.layers.4.mlp.experts.133.up_proj.weight	float8_e4m3fn	2048,4096	88c9fed4640e53268f45de4289516645c3af96e44a9ce22569634f7482e16c6c
model.language_model.layers.4.mlp.experts.133.up_proj.weight_scale_inv	float32	16,32	42deac3f85ec284f891a559aeae81527ce2a9dca060635aa2005b0cb96f8eba9
model.language_model.layers.4.mlp.experts.134.down_proj.weight	float8_e4m3fn	4096,2048	2c1e99344bde2dcea44dcbd4688aeff119b6c5801d4e0acb05ad91de691ad506
model.language_model.layers.4.mlp.experts.134.down_proj.weight_scale_inv	float32	32,16	a29b4f9a22e2d6c40924354b08a25149eccfec07e707c2a0ce8e0be0c9e18dc1
model.language_model.layers.4.mlp.experts.134.gate_proj.weight	float8_e4m3fn	2048,4096	d7c1561d23d3f1d785a656ae80bb2450e0df408692f338f3b99059a2e21f7f61
model.language_model.layers.4.mlp.experts.134.gate_proj.weight_scale_inv	float32	16,32	4c8ea57689bfeb12e2a4347fcb1d7ff907ff1551e1cd94ace17d1957664d2143
model.language_model.layers.4.mlp.experts.134.up_proj.weight	float8_e4m3fn	2048,4096	d041a3a589a914baa1034bda56e4a1a2077a73299401247def4a2edd33018363
model.language_model.layers.4.mlp.experts.134.up_proj.weight_scale_inv	float32	16,32	bcef633c6ca976661172776e95978330d176bfc9458607f45bc3e9a122212ca2
model.language_model.layers.4.mlp.experts.136.down_proj.weight	float8_e4m3fn	4096,2048	17b14caf0f0fb99e8ca9f90bf2ba29db57b7576c3621aaa1c3862b354377d728
model.language_model.layers.4.mlp.experts.136.down_proj.weight_scale_inv	float32	32,16	3f9fb2c9cad9056188b286f9bbaef746970ed57e8c5a93a2fc2f838e69234779
model.language_model.layers.4.mlp.experts.136.gate_proj.weight	float8_e4m3fn	2048,4096	d06a450e92b6ae77d187d5cf50c43df6d9118152452bce93bb3769b6d203e352
model.language_model.layers.4.mlp.experts.136.gate_proj.weight_scale_inv	float32	16,32	4621cbd5d011a5fa77d14108e5be6d52ffa70468b9358a6b93dd5cbe6f6e7186
model.language_model.layers.4.mlp.experts.136.up_proj.weight	float8_e4m3fn	2048,4096	c4c173816f71bf4b1e394fdaa927dabfb19a1515d881baa13333bc96c0550110
model.language_model.layers.4.mlp.experts.136.up_proj.weight_scale_inv	float32	16,32	ab8e1950f382c5fbc4d131133bb1b9380730533bde6f6a2eadc62b5ca814c5d6
model.language_model.layers.4.mlp.experts.139.down_proj.weight	float8_e4m3fn	4096,2048	dc0243d775e740b041ebeb7f5b08096608540e44824c12eaeb624e53cedd66ac
model.language_model.layers.4.mlp.experts.139.down_proj.weight_scale_inv	float32	32,16	95ea7053516ee9220dce2b74057059d6163b2839711775d976b361c05454de57
model.language_model.layers.4.mlp.experts.139.gate_proj.weight	float8_e4m3fn	2048,4096	42993a7c3a91fa4aaa86e569e368f58e50ba66438519632069d3785c04c024c9
model.language_model.layers.4.mlp.experts.139.gate_proj.weight_scale_inv	float32	16,32	073570413ec71d9224d60bb36dd070a74eaa5db6fa89c01267d27c74af113947
model.language_model.layers.4.mlp.experts.139.up_proj.weight	float8_e4m3fn	2048,4096	14de56f03ac462c74c5124ada6212e33a0f5a916260b4b39ef1ffa565cc172ab
model.language_model.layers.4.mlp.experts.139.up_proj.weight_scale_inv	float32	16,32	1a2117c15c5a5dc10cbb94554357876060cad3d1a5e3bfd805e606959f055036
model.language_model.layers.4.mlp.experts.14.down_proj.weight	float8_e4m3fn	4096,2048	82fd557134158a02eba6b1363ab7500cf324047f56a4ed888ebc5c1a93d0e6a8
model.language_model.layers.4.mlp.experts.14.down_proj.weight_scale_inv	float32	32,16	69c5c232ce5be18b054c91aedf8cbbc44e6442a3330a1e6ba40bbc3ca67b500b
model.language_model.layers.4.mlp.experts.14.gate_proj.weight	float8_e4m3fn	2048,4096	df10ea7ff68f764d04c89a52f4d690bc7ec9f37e76e6b1004c0a74b336f02cae
model.language_model.layers.4.mlp.experts.14.gate_proj.weight_scale_inv	float32	16,32	2fda67d51df160f61f06739eb48aebc24748f8b5ab31d9606a5ca938ac4c2109
model.language_model.layers.4.mlp.experts.14.up_proj.weight	float8_e4m3fn	2048,4096	555f888976db3a2e2361815fc0bd2af05b4fc4b9325ffdbe24b55e88cf6ef98e
model.language_model.layers.4.mlp.experts.14.up_proj.weight_scale_inv	float32	16,32	d8c9fbb543b0ec493748a64388ef7e2065cd6a9178c6015a6816ea2fd488bc0c
model.language_model.layers.4.mlp.experts.140.down_proj.weight	float8_e4m3fn	4096,2048	89a6492fcaa0aec409f671f5606a0d6238a15273404ad573fba32d99a72d3972
model.language_model.layers.4.mlp.experts.140.down_proj.weight_scale_inv	float32	32,16	fbcabc271385819a8741bd18cc0ce03b77078a734593159d9c59d5a921d6938d
model.language_model.layers.4.mlp.experts.140.gate_proj.weight	float8_e4m3fn	2048,4096	3219b4506f8de71a88d44b539f6a11f8a2785285da8664947195c0f01ffde42c
model.language_model.layers.4.mlp.experts.140.gate_proj.weight_scale_inv	float32	16,32	fd4d602cbcfab2030b69c33d0a34f1f1ff45650f1fbb8efdb8d68f6304a67cde
model.language_model.layers.4.mlp.experts.140.up_proj.weight	float8_e4m3fn	2048,4096	c743cebdde3d4544dffa4cde8f16e6418e1f9ed93d65f5d2a3d4a6ac69423d12
model.language_model.layers.4.mlp.experts.140.up_proj.weight_scale_inv	float32	16,32	445311d22b28c31f5e102114079acb59a54077318bf3de2dcd46c2944739cf2f
model.language_model.layers.4.mlp.experts.144.down_proj.weight	float8_e4m3fn	4096,2048	874eb554f345039b3d032f83fc37a2159392bf0206fd237822e0b776eddcdfb8
model.language_model.layers.4.mlp.experts.144.down_proj.weight_scale_inv	float32	32,16	2f333682997ddbdbe8652a18218129a1be2075fa26c8055f1b4c74270007eee1
model.language_model.layers.4.mlp.experts.144.gate_proj.weight	float8_e4m3fn	2048,4096	4aa14b0e2f90de82a541031bb8bebb3fda41342fb6a03bb4680881a117d520de
model.language_model.layers.4.mlp.experts.144.gate_proj.weight_scale_inv	float32	16,32	a133f3771f4cef3c8ea889fc1143940ae49959c073126c8751dd5ba81ce5fcb1
model.language_model.layers.4.mlp.experts.144.up_proj.weight	float8_e4m3fn	2048,4096	d825620028be214bf1c6745ffde7e0b20d8a59040af35a0a1e2793bbfc8452a2
model.language_model.layers.4.mlp.experts.144.up_proj.weight_scale_inv	float32	16,32	97397720fd220da01d937be2176de517747191343bd28a6872900883b2b73b09
model.language_model.layers.4.mlp.experts.145.down_proj.weight	float8_e4m3fn	4096,2048	b98a6f1396817fa72265e702d7cfe659f60cd3db91422f8b35fa90a9691e245b
model.language_model.layers.4.mlp.experts.145.down_proj.weight_scale_inv	float32	32,16	c4798f0eee48948006b81bbc52073f94ea69c02105068fa1dee26e5d84cb6f71
model.language_model.layers.4.mlp.experts.145.gate_proj.weight	float8_e4m3fn	2048,4096	4c1fd71b755cb813b8b0d15e534a8fa74a97d11580455b8e8901ac107c813fc4
model.language_model.layers.4.mlp.experts.145.gate_proj.weight_scale_inv	float32	16,32	17580ccb51226f69bb6582cf2bebd8029397e07899ecea070802b04eef91262d
model.language_model.layers.4.mlp.experts.145.up_proj.weight	float8_e4m3fn	2048,4096	858f6839d796591aefd2411e8968f9e9da4c6c9caf0c283cedbf298814f38b10
model.language_model.layers.4.mlp.experts.145.up_proj.weight_scale_inv	float32	16,32	28fa3049269d0f8dc0c54516f77a41ad660ef79bc20c80229f0910a2cb2a9263
model.language_model.layers.4.mlp.experts.146.down_proj.weight	float8_e4m3fn	4096,2048	7c46fe211b7acd1c0b56dec5072d4281172ba21b22cb9d68b4c7518a5e95413e
model.language_model.layers.4.mlp.experts.146.down_proj.weight_scale_inv	float32	32,16	d155f4e7b88a9d2705ab3f568064381885af77755688aad0664f35fdcde8d9e8
model.language_model.layers.4.mlp.experts.146.gate_proj.weight	float8_e4m3fn	2048,4096	2096c67c63c335d9e1e03db5dff0d78300b4bc02c04403b0c4d460ca8688c33d
model.language_model.layers.4.mlp.experts.146.gate_proj.weight_scale_inv	float32	16,32	1ea8a2459c9656cd287f51805e394171b104df031dbc620235966767aded5457
model.language_model.layers.4.mlp.experts.146.up_proj.weight	float8_e4m3fn	2048,4096	0a8fc055fba0d6c3518612ca46a9e24cc87050fa0b0d076cf923137dc08da35a
model.language_model.layers.4.mlp.experts.146.up_proj.weight_scale_inv	float32	16,32	27b07d3987ea6066e76f87d70ed9c7f319e3aefdb0814b31dd245fcd05942e1d
model.language_model.layers.4.mlp.experts.147.down_proj.weight	float8_e4m3fn	4096,2048	0525686253cc6edd84994b66a42aa0ae74d4073d0d9950191a1b656588db4cd2
model.language_model.layers.4.mlp.experts.147.down_proj.weight_scale_inv	float32	32,16	cadb1340a4ef2463e295f51e8e25084ebd669b9801d4ef05a7786af7b4c41f58
model.language_model.layers.4.mlp.experts.147.gate_proj.weight	float8_e4m3fn	2048,4096	7cef601b1ef0c33f3e804cdb51096501cc09bb5b12e0e19b3a17202d2e668f2e
model.language_model.layers.4.mlp.experts.147.gate_proj.weight_scale_inv	float32	16,32	b870d9fad4fc3b4757b0ee22659e459b7f9565ebfcf5fa4a32e83c40f52680d4
model.language_model.layers.4.mlp.experts.147.up_proj.weight	float8_e4m3fn	2048,4096	2427ee499ec6181047bd070ecc98f77de7c838458deeab83c9547849b32de2fd
model.language_model.layers.4.mlp.experts.147.up_proj.weight_scale_inv	float32	16,32	e4b9df1fb374e8d037a0203cc6fe448a5d3bb77ca2e115b885cc053cf0836206
model.language_model.layers.4.mlp.experts.149.down_proj.weight	float8_e4m3fn	4096,2048	13e49af5a86978888c6c3517723de4c41d49edf1a87e8b6a415c9623f5d1d070
model.language_model.layers.4.mlp.experts.149.down_proj.weight_scale_inv	float32	32,16	ab153b09722bd14a533d7380e0b2887ef2599dbaa8bf210a9112ad8a99c03ed1
model.language_model.layers.4.mlp.experts.149.gate_proj.weight	float8_e4m3fn	2048,4096	75eaddde4f1cc9ad1bd9dea607f3f2af27e02b1eae056b573d0a789279693fc8
model.language_model.layers.4.mlp.experts.149.gate_proj.weight_scale_inv	float32	16,32	06324ff29cd92f033d3a07ed58ec18f9ca2991d7c62a01dfc0f983b17079eb34
model.language_model.layers.4.mlp.experts.149.up_proj.weight	float8_e4m3fn	2048,4096	b99a41003b34173241d6ecf0b246e6e16ed1188378a1432d8fe6c70df29544dd
model.language_model.layers.4.mlp.experts.149.up_proj.weight_scale_inv	float32	16,32	feabcacac4fe8996334fa99a6723b8c199651fa720b6e1d538baafe1a030f7a8
model.language_model.layers.4.mlp.experts.15.down_proj.weight	float8_e4m3fn	4096,2048	173e1df96f1bdf2e6866cc1d5b1a8cd3715dd20f280b554dc2d5e67534643335
model.language_model.layers.4.mlp.experts.15.down_proj.weight_scale_inv	float32	32,16	989325712178586323bc92b24f8f914b0fb810e72c8bc1e8e2f3372ecef67b6c
model.language_model.layers.4.mlp.experts.15.gate_proj.weight	float8_e4m3fn	2048,4096	344c2f29e895e86e488eb13439b0ee3654f78011850517b024c8d10a73ccc1ea
model.language_model.layers.4.mlp.experts.15.gate_proj.weight_scale_inv	float32	16,32	9840b3dc2f5bc34c04e7e8da505a40430014a576a4109c7fcc7d6f867b6882a5
model.language_model.layers.4.mlp.experts.15.up_proj.weight	float8_e4m3fn	2048,4096	36e9eed33d8e2c4ba8ffe076338e52709a35d694905fc7716e994674b4f50f84
model.language_model.layers.4.mlp.experts.15.up_proj.weight_scale_inv	float32	16,32	6943d3106ca51d68a9b72864b3dcc42517bb16f130abdf0f72dfb6b22976df25
model.language_model.layers.4.mlp.experts.150.down_proj.weight	float8_e4m3fn	4096,2048	f5fe9fb967dfa153858fdfcfe4d2bcfaf8f90966239207050bcfcc65bb642008
model.language_model.layers.4.mlp.experts.150.down_proj.weight_scale_inv	float32	32,16	b647a4a1316e4bb21af332f97437e78cca7bbb5835b53374bfe2347e7123d690
model.language_model.layers.4.mlp.experts.150.gate_proj.weight	float8_e4m3fn	2048,4096	58e7eefc583b4085590d31ed7f8baa16e37a746e3e5084bf35f2362b47f571f9
model.language_model.layers.4.mlp.experts.150.gate_proj.weight_scale_inv	float32	16,32	d054bca7386b7a51bb6783583c3b07069d772a77f4302eaac41c3e4f2faaa823
model.language_model.layers.4.mlp.experts.150.up_proj.weight	float8_e4m3fn	2048,4096	626864dcd57154da60a289060ed2923d72d7f7b978a1e7f42f25c19faf497481
model.language_model.layers.4.mlp.experts.150.up_proj.weight_scale_inv	float32	16,32	aca3082eb53ee736c102ed3a49cdedadd038bf60534d9d23777d5ba8edd7e0e0
model.language_model.layers.4.mlp.experts.152.down_proj.weight	float8_e4m3fn	4096,2048	309897d0e0c6c5abbb1b9f4fef811967bf924403c0f3993e18f045b3985c5e1b
model.language_model.layers.4.mlp.experts.152.down_proj.weight_scale_inv	float32	32,16	0d3ce3a7c65ea7ea4a90c3cb31e5d8e56e235ed19f6ee14e214cc6d76e292db7
model.language_model.layers.4.mlp.experts.152.gate_proj.weight	float8_e4m3fn	2048,4096	83a8cb0b60764cd174fc157bc89dc87107c9d4c7eeba20d4db63387b763009fe
model.language_model.layers.4.mlp.experts.152.gate_proj.weight_scale_inv	float32	16,32	a0f2c92c825ac90c9c9bdc7bb94904fdf32582400a4d3921c82ab3970a92350d
model.language_model.layers.4.mlp.experts.152.up_proj.weight	float8_e4m3fn	2048,4096	d4175d232e9b2dff01c2f98fc87cc9dd9a083ed6333286e11d1df757d3d69ac0
model.language_model.layers.4.mlp.experts.152.up_proj.weight_scale_inv	float32	16,32	9134221c8c3124976ed9b900c058fe907caa7522794cfbe2dabc1302cddc5e20
model.language_model.layers.4.mlp.experts.154.down_proj.weight	float8_e4m3fn	4096,2048	6a22220fb9ce7aa8d961ffc4235676205e2c26f317ae4a29266f5e120bbc01b6
model.language_model.layers.4.mlp.experts.154.down_proj.weight_scale_inv	float32	32,16	3c5dc24ac9f7608b9b8480c454c723d4292cd55554ab4eec442db303478c01f7
model.language_model.layers.4.mlp.experts.154.gate_proj.weight	float8_e4m3fn	2048,4096	3faaa445ebeff5b7a28abd3b68fbbd2bf95740d5cde8c03ee182fe1bbd2539ca
model.language_model.layers.4.mlp.experts.154.gate_proj.weight_scale_inv	float32	16,32	4489345760d8519aff984a5512c9a705bfad66ce4b185cfa80d975f5ef1039d4
model.language_model.layers.4.mlp.experts.154.up_proj.weight	float8_e4m3fn	2048,4096	de72ca0161a7f8562c70b08fc8b2c93c5c0d46206685d1cc9cf7074d168de66a
model.language_model.layers.4.mlp.experts.154.up_proj.weight_scale_inv	float32	16,32	7b78681961a0de1ce0ae4d8336b426f9005c75d61e9e403f6ae9a286548ff0fc
model.language_model.layers.4.mlp.experts.155.down_proj.weight	float8_e4m3fn	4096,2048	a32a9494138b779f74c4533c2038e4dc79ad40c6420a984ead8e9e2f6e964d9b
model.language_model.layers.4.mlp.experts.155.down_proj.weight_scale_inv	float32	32,16	dc80322b411036da779cc9aec30ab969238bdd9d9a17aa9c6779d45dbfc2b5b9
model.language_model.layers.4.mlp.experts.155.gate_proj.weight	float8_e4m3fn	2048,4096	3385dab20d027b8f886db23fa9e766c133e96b163127d71081d4872281aea58c
model.language_model.layers.4.mlp.experts.155.gate_proj.weight_scale_inv	float32	16,32	8e802bb440b74effc5e93bd6fc6cb21e1c2b49d8f29bff8142802ec8265573f9
model.language_model.layers.4.mlp.experts.155.up_proj.weight	float8_e4m3fn	2048,4096	8c8b895dfbbafbf8287ce401344ab4a0aee2cb5edd2accc4eb99b0137c621b5a
model.language_model.layers.4.mlp.experts.155.up_proj.weight_scale_inv	float32	16,32	385216e5cc31e0ffdb14317ee21a9ee17ddcd2d9fec511f511c34e2a34b0492a
model.language_model.layers.4.mlp.experts.159.down_proj.weight	float8_e4m3fn	4096,2048	4b3a38312f697791e09a89bbdea22a0ab7d23aacc6330e7f1f3e5b159c92bcca
model.language_model.layers.4.mlp.experts.159.down_proj.weight_scale_inv	float32	32,16	085a0ed95201da1041963af2530591711d4a4b0f2b272abf7197139858d2333f
model.language_model.layers.4.mlp.experts.159.gate_proj.weight	float8_e4m3fn	2048,4096	710a720f9301d80c990f27b63a07335bd77d9569c50af1e9dcc2b20027336fd9
model.language_model.layers.4.mlp.experts.159.gate_proj.weight_scale_inv	float32	16,32	d92782d7e43b09d90aca061b023336db9927f28e8d1fde41da09f174405b5924
model.language_model.layers.4.mlp.experts.159.up_proj.weight	float8_e4m3fn	2048,4096	749f780cddb9a87a54bdfd76ae12fe3acd91550731e40e8c01e3a28ec7a6c295
model.language_model.layers.4.mlp.experts.159.up_proj.weight_scale_inv	float32	16,32	e10028730b9dbd26829603e4899324c8e5f6a55b05d7a6d1257fba451b42f1f2
model.language_model.layers.4.mlp.experts.16.down_proj.weight	float8_e4m3fn	4096,2048	540ec4afe68c44ec06a570f67bdab1bdc11681d0055d986a73e2e3b1992c7743
model.language_model.layers.4.mlp.experts.16.down_proj.weight_scale_inv	float32	32,16	cc3e1236a0347a9a990d45a0b2da540478eb03370347e28f8ef8f84816a5d323
model.language_model.layers.4.mlp.experts.16.gate_proj.weight	float8_e4m3fn	2048,4096	dbe23dd52cc8f7d9737020ec3eb7e200c84611a1a4e944a7f9a7af39d8c38b6d
model.language_model.layers.4.mlp.experts.16.gate_proj.weight_scale_inv	float32	16,32	1194fbeb2ce24cbdf4cd40e51fc274901d9aaaca5996e619c22367681bbc1bff
model.language_model.layers.4.mlp.experts.16.up_proj.weight	float8_e4m3fn	2048,4096	dee28f5a1a0acd28064811611e032b704873be8a3ef527981bc800007fcf4a9a
model.language_model.layers.4.mlp.experts.16.up_proj.weight_scale_inv	float32	16,32	da2f920f656e44c837c020b4244bec77802e64205e2260e9afa3aaf22c57f87d
model.language_model.layers.4.mlp.experts.160.down_proj.weight	float8_e4m3fn	4096,2048	cf2ad60cd5f2d659c692e75d964e33506d670e72eab72d403de54d800d36b73c
model.language_model.layers.4.mlp.experts.160.down_proj.weight_scale_inv	float32	32,16	d087376de718fb35cc506b0d4551c8ad7234b4407e308c97cd4d0c2413f3b787
model.language_model.layers.4.mlp.experts.160.gate_proj.weight	float8_e4m3fn	2048,4096	49fe9e4ac71eccff0177e91b2b9ff5c070ba8f87ed6702e85aeefc666c526535
model.language_model.layers.4.mlp.experts.160.gate_proj.weight_scale_inv	float32	16,32	dd3becfb9de2dac733f33429db46db87ca5bc57caf545526c154386157f6f6d8
model.language_model.layers.4.mlp.experts.160.up_proj.weight	float8_e4m3fn	2048,4096	2a73ad0b849f4c7a46392e388408c46b8a0510f40166aa933d85451c149c4839
model.language_model.layers.4.mlp.experts.160.up_proj.weight_scale_inv	float32	16,32	2be3c4c7c85d90fcb5e1e9be14b4ebe83dc28fa0c4ec500b35e6f2bb92c1d5bf
model.language_model.layers.4.mlp.experts.163.down_proj.weight	float8_e4m3fn	4096,2048	3b20cce64ca51ce3ce6a502c68c6d901c42af5a44745fefe39789dde568e3c19
model.language_model.layers.4.mlp.experts.163.down_proj.weight_scale_inv	float32	32,16	101307e38201802aed07f28653364dc64969479a27368d2a1567af8780e41602
model.language_model.layers.4.mlp.experts.163.gate_proj.weight	float8_e4m3fn	2048,4096	3b21753d14619b6c0081531783c1161697b286295169a5e94f79e76710e66423
model.language_model.layers.4.mlp.experts.163.gate_proj.weight_scale_inv	float32	16,32	c554f27129d709f03f566695715f131bfcd834f0d2613fae116fade18643549d
model.language_model.layers.4.mlp.experts.163.up_proj.weight	float8_e4m3fn	2048,4096	ca665173e467a60ba1161a465066e93560143400d1d3962aa829373968e6b88d
model.language_model.layers.4.mlp.experts.163.up_proj.weight_scale_inv	float32	16,32	db04a4408066ce9b587f5717da52d0ee969ec7aea145d6864fa0a1473d1711a3
model.language_model.layers.4.mlp.experts.165.down_proj.weight	float8_e4m3fn	4096,2048	601a67db5cd3f7fdbc288fa7ef34d6e32bb2f7ae6cb4a3e78bd752091bbb49fa
model.language_model.layers.4.mlp.experts.165.down_proj.weight_scale_inv	float32	32,16	4a351972b8f0bbe6db5353d806648a33a68cd88354bf5c343e66f7d69bab57a2
model.language_model.layers.4.mlp.experts.165.gate_proj.weight	float8_e4m3fn	2048,4096	904f9e1e4d900fdc972409c5d43cbd1a09474821e50a48d147f9fb019cbbfece
model.language_model.layers.4.mlp.experts.165.gate_proj.weight_scale_inv	float32	16,32	9855ffcfa1592d1ecaeea38222f018e9a707cf7d64b0d9a6fff7aa90a547a765
model.language_model.layers.4.mlp.experts.165.up_proj.weight	float8_e4m3fn	2048,4096	fbf4a21b04672cefda00372d531ec295efc99c29ae7390a57fe716999466be1a
model.language_model.layers.4.mlp.experts.165.up_proj.weight_scale_inv	float32	16,32	df4e5b57477426a532fe35dee6845fd5e60a79294ec3c1badef8269c095e5483
model.language_model.layers.4.mlp.experts.166.down_proj.weight	float8_e4m3fn	4096,2048	5a2acdd124fefead75faa167fc164d97393eefa44c2b0eda61195befaa53ee5c
model.language_model.layers.4.mlp.experts.166.down_proj.weight_scale_inv	float32	32,16	20b17b48483e23b0bfdf88ff4ca02202c493fef574cf46e50591d0d5f8d32089
model.language_model.layers.4.mlp.experts.166.gate_proj.weight	float8_e4m3fn	2048,4096	8981e1b83da2316c3699efc64b7d03c4c57a99c99cb56f61a1a029f85ffd8172
model.language_model.layers.4.mlp.experts.166.gate_proj.weight_scale_inv	float32	16,32	11104b640a84b96a2a927e38f897f27e1e929c4a9331a2c57c6aa8f06039301a
model.language_model.layers.4.mlp.experts.166.up_proj.weight	float8_e4m3fn	2048,4096	ae265796ee0a6394955b2aa75e74ca62722825540763f729daaf7aad1b3f1596
model.language_model.layers.4.mlp.experts.166.up_proj.weight_scale_inv	float32	16,32	3d1a0279b7eedd718abf0e9d80a88e8926ca4c0d1623613e53f469d107882c3c
model.language_model.layers.4.mlp.experts.169.down_proj.weight	float8_e4m3fn	4096,2048	2ab9719626907ced25b3b9783a69e1fecad80db3432c714c772c38de57092053
model.language_model.layers.4.mlp.experts.169.down_proj.weight_scale_inv	float32	32,16	2c42555975e6fa3eeb8852eb9172f976179081134de5b1b05fd53accea44fecc
model.language_model.layers.4.mlp.experts.169.gate_proj.weight	float8_e4m3fn	2048,4096	b6d976b7a043851f12aed030950228ba0579de3f6ff36aae40ef4904529013c6
model.language_model.layers.4.mlp.experts.169.gate_proj.weight_scale_inv	float32	16,32	a16553425ccb41830fba525256992a904c120e5d186939e1fe6039cf81246db7
model.language_model.layers.4.mlp.experts.169.up_proj.weight	float8_e4m3fn	2048,4096	9e417807dc40ac69215eb2e7680c7cf5d4e916b02361a02af3c0b3f04b7e8f99
model.language_model.layers.4.mlp.experts.169.up_proj.weight_scale_inv	float32	16,32	74a5163941ae09cb23a0f4df3385ca035b4086563bdad5918e458d0ea32a0470
model.language_model.layers.4.mlp.experts.170.down_proj.weight	float8_e4m3fn	4096,2048	b8d571841d4e9a50ce9958df4975e526e0205741ee6ffd9534f0f777d8aafafd
model.language_model.layers.4.mlp.experts.170.down_proj.weight_scale_inv	float32	32,16	b4b4ec9c3f956cc1708ecc44784bf9e38b20a4bafd1722a05fe874f74182e209
model.language_model.layers.4.mlp.experts.170.gate_proj.weight	float8_e4m3fn	2048,4096	ee2d019f0f137aff20ff3bf0e9298bef1b7d4031bfda765fd380f55f105d96e5
model.language_model.layers.4.mlp.experts.170.gate_proj.weight_scale_inv	float32	16,32	6c8c66f675d25e2c294538c07bc874b122b4c53f8cd215d9e9c119317314b2c8
model.language_model.layers.4.mlp.experts.170.up_proj.weight	float8_e4m3fn	2048,4096	8636ecb90761e331567e31ee18744ce1568f94f2534b55131407c206f1c94fb7
model.language_model.layers.4.mlp.experts.170.up_proj.weight_scale_inv	float32	16,32	2748b0db53d003ed76c10c9986ec509d28f48b6f33b2a0d4a1681f07785c0f12
model.language_model.layers.4.mlp.experts.171.down_proj.weight	float8_e4m3fn	4096,2048	ccbacfcc975027025d33f684833d7b869038cd1ac171a3653caef2aafd26f5bc
model.language_model.layers.4.mlp.experts.171.down_proj.weight_scale_inv	float32	32,16	758f1f4440fe4d96be7334d658b77bf41a04ff07f9a2c026630fec6119b69d92
model.language_model.layers.4.mlp.experts.171.gate_proj.weight	float8_e4m3fn	2048,4096	46344b0a5f43d611f44c64f365efb9ce2b19f908ab3893d23f1e811a5b66586f
model.language_model.layers.4.mlp.experts.171.gate_proj.weight_scale_inv	float32	16,32	2d9ea3d4660a7fe9e7ea18a3cd6135446130a35956820763fd76d9682c29f1a5
model.language_model.layers.4.mlp.experts.171.up_proj.weight	float8_e4m3fn	2048,4096	2b47731f26ae486a2129b6a3ba994625673a693d0553f22188026793367a8ec1
model.language_model.layers.4.mlp.experts.171.up_proj.weight_scale_inv	float32	16,32	3cc31be7bfb00ef55ec73683b5b565eb58a737d7d3c42a545aa40db7f21b6a5b
model.language_model.layers.4.mlp.experts.175.down_proj.weight	float8_e4m3fn	4096,2048	2189c4c021bf30d8ee38afb5591c7154acd67d24bdab3c2f4773b9a145665bd0
model.language_model.layers.4.mlp.experts.175.down_proj.weight_scale_inv	float32	32,16	f88e76c1a00dd5276dc38ced0e23be0adc274ea850a08cca0893068ff420ee14
model.language_model.layers.4.mlp.experts.175.gate_proj.weight	float8_e4m3fn	2048,4096	46b8754a84a5999fce172bf9cacd476412c90e75664ddb766d50b58570ea1802
model.language_model.layers.4.mlp.experts.175.gate_proj.weight_scale_inv	float32	16,32	0f8aea0c640a2b7544c4efaf98f0b36c51efc98a6dc9f66e165f60d61877b335
model.language_model.layers.4.mlp.experts.175.up_proj.weight	float8_e4m3fn	2048,4096	cb9d60d5d7ca013f6e37d6e954ca339a5ce1182c11657a6bd376feaa3aa61b07
model.language_model.layers.4.mlp.experts.175.up_proj.weight_scale_inv	float32	16,32	8b60d81b8de33fd814752d7027d473f791d7639afb06a22fdcd4d894d07a1ce5
model.language_model.layers.4.mlp.experts.178.down_proj.weight	float8_e4m3fn	4096,2048	b8e5cdde78fc86307a9817be41089e2d0ca25e7a99c76267a98a46622239796d
model.language_model.layers.4.mlp.experts.178.down_proj.weight_scale_inv	float32	32,16	03a5836a711b16c91775afcbc559a37409014fa5623f45496565b2a52b3fb674
model.language_model.layers.4.mlp.experts.178.gate_proj.weight	float8_e4m3fn	2048,4096	2b0b20da18d33025f38b769c2b85673dc780d878440f82afe1d6f783c7829300
model.language_model.layers.4.mlp.experts.178.gate_proj.weight_scale_inv	float32	16,32	380ae1be5519cb7e17d56135167364a81e8ca3c8425f84abf433bd5fd0e73a2f
model.language_model.layers.4.mlp.experts.178.up_proj.weight	float8_e4m3fn	2048,4096	88968c815369eb643a747b8ef1a8de8d299958d424cb7e675201177bdfda02f0
model.language_model.layers.4.mlp.experts.178.up_proj.weight_scale_inv	float32	16,32	5ed0aea57c8256440dbf0c7afb25f09e49d45d052ce21a0b7028a17c49b919da
model.language_model.layers.4.mlp.experts.179.down_proj.weight	float8_e4m3fn	4096,2048	7d0304ff76893f58afdaeb1815d41d8c1e6a6acac62eb763a358eca516e7555b
model.language_model.layers.4.mlp.experts.179.down_proj.weight_scale_inv	float32	32,16	cfd44dd095ac51b26f2864c77ddda30b4d1b53fd4894992076473ee3c7829763
model.language_model.layers.4.mlp.experts.179.gate_proj.weight	float8_e4m3fn	2048,4096	b1e37ff5f2560b71998160522ec3b5e96d1fac40a05bec16bad6d1d75424b205
model.language_model.layers.4.mlp.experts.179.gate_proj.weight_scale_inv	float32	16,32	9163cf92aebb1f10b2ad95267fb1a2206c06e3b137dd0f10e2a6a966c07d45bc
model.language_model.layers.4.mlp.experts.179.up_proj.weight	float8_e4m3fn	2048,4096	62d0f754ea78159293d4d6f4566cded24d4394dc88adbc2a1297676a34fe361a
model.language_model.layers.4.mlp.experts.179.up_proj.weight_scale_inv	float32	16,32	c012a342c3c51a770d148a4c5aa83b8a517305794975f78f7fb44f004009b652
model.language_model.layers.4.mlp.experts.18.down_proj.weight	float8_e4m3fn	4096,2048	2ba5f9313371f8b1625ed9fe419047305c071db7a81e624dd8d1e7390246a770
model.language_model.layers.4.mlp.experts.18.down_proj.weight_scale_inv	float32	32,16	4229ff92718d8ed8c022dddc69a37221313eb9687e4437256edc0a1f6b4982e8
model.language_model.layers.4.mlp.experts.18.gate_proj.weight	float8_e4m3fn	2048,4096	14ef1ccf243502a2e8bab9a4d86f22186330cbfadd3830ddafdf4f06f084a875
model.language_model.layers.4.mlp.experts.18.gate_proj.weight_scale_inv	float32	16,32	f0478b9be59babbe2b2c7599f2218454ffb2f7ea1a8de5b8407de436a2d69a5b
model.language_model.layers.4.mlp.experts.18.up_proj.weight	float8_e4m3fn	2048,4096	c4574e9939c57a5d814fc804dc4c2244d413166c288e9945f5e604bdf3b57e56
model.language_model.layers.4.mlp.experts.18.up_proj.weight_scale_inv	float32	16,32	86eea0439cf6dc062e382455939c6eea415d78a3affeaea50d37a21405e93fef
model.language_model.layers.4.mlp.experts.180.down_proj.weight	float8_e4m3fn	4096,2048	2a03c8aa961ed9edf1b4d6168992739d0fce69084a86377a6252e9cd5498dde5
model.language_model.layers.4.mlp.experts.180.down_proj.weight_scale_inv	float32	32,16	3a15988c73ab672217e2cab7c754d1c8d2448c29d2adcc4e030c2456093bf8d3
model.language_model.layers.4.mlp.experts.180.gate_proj.weight	float8_e4m3fn	2048,4096	1dcf40827455c9b69d9ca0000b36848128c47550a38edce8f7311a8d4258923a
model.language_model.layers.4.mlp.experts.180.gate_proj.weight_scale_inv	float32	16,32	21c1b6a97a2b1ac7abf982e83a973adb07dd00975828cf9debe97f94cfd96be2
model.language_model.layers.4.mlp.experts.180.up_proj.weight	float8_e4m3fn	2048,4096	523025eea6e6400ae2693a56b4c246833b08b95c9a8d149a947f02f263eaea9e
model.language_model.layers.4.mlp.experts.180.up_proj.weight_scale_inv	float32	16,32	f4905a4cf2d04265553377653d865540f5f02a27fedabb40bc1abfe74551a7f5
model.language_model.layers.4.mlp.experts.182.down_proj.weight	float8_e4m3fn	4096,2048	ae770887afdeef051abadb6d048a7ca37f96a43b2d721737c4c0604ae372c9dd
model.language_model.layers.4.mlp.experts.182.down_proj.weight_scale_inv	float32	32,16	3f82cf7a86a22293cd4eabe4079c2bc3ce9b31d55361effc74c569c877579640
model.language_model.layers.4.mlp.experts.182.gate_proj.weight	float8_e4m3fn	2048,4096	46f357057f49685f897c65af0d8a9401e37006ed59cc2b651572fe8bf4c86ac3
model.language_model.layers.4.mlp.experts.182.gate_proj.weight_scale_inv	float32	16,32	c78937e65fbc9ad67ae28cc42da07cadee70f4f5c2903f034d30680077697a75
model.language_model.layers.4.mlp.experts.182.up_proj.weight	float8_e4m3fn	2048,4096	90a11e29af82449e21fd849c910b72f9b055623be161afd693df3c7a9efde16f
model.language_model.layers.4.mlp.experts.182.up_proj.weight_scale_inv	float32	16,32	4b60ebf0a34851a2b6b4d2ad973caf9c594829837e183cb0bb9c05abe242dc68
model.language_model.layers.4.mlp.experts.184.down_proj.weight	float8_e4m3fn	4096,2048	391daa96e6b9396cd26b0245a114c44ae16bba23dffe397920f66cd9c5537e85
model.language_model.layers.4.mlp.experts.184.down_proj.weight_scale_inv	float32	32,16	a798533b9e5319f7f64e9cc1ab67e1d7ebc37e65859591e9f25b3df37cb11961
model.language_model.layers.4.mlp.experts.184.gate_proj.weight	float8_e4m3fn	2048,4096	e145fa1a19f63155af315d99c9c28aa49298eac0ac9723e66acffc6e80a7db7f
model.language_model.layers.4.mlp.experts.184.gate_proj.weight_scale_inv	float32	16,32	bae808d673436b1aa6bc2866bde955833c03d34685e602c24b158682ba792f0a
model.language_model.layers.4.mlp.experts.184.up_proj.weight	float8_e4m3fn	2048,4096	99e40561a51f65d373c0bf95d66cea880da1f6ea08595b6a9d000452585bcba6
model.language_model.layers.4.mlp.experts.184.up_proj.weight_scale_inv	float32	16,32	32311a316d9f56685cee806ed5bd5aea153855cd3dc3db86f50c017750fa86aa
model.language_model.layers.4.mlp.experts.185.down_proj.weight	float8_e4m3fn	4096,2048	fe423cfcdf30d3d4ecca9ae51e14425e6d7dbe8efb7ade0045f5b2c78b70e7e7
model.language_model.layers.4.mlp.experts.185.down_proj.weight_scale_inv	float32	32,16	88ea046de807bec37b0179d10c67fc58806beb0ebe51f54c362054c638607a02
model.language_model.layers.4.mlp.experts.185.gate_proj.weight	float8_e4m3fn	2048,4096	4921be978600b55df4d72fbe6372a510bb7cca0605c85128405012de68518bb6
model.language_model.layers.4.mlp.experts.185.gate_proj.weight_scale_inv	float32	16,32	565af49478fdfb562689c8dab420094f0b1a9044054ec6c7cc1ce2485983e5c6
model.language_model.layers.4.mlp.experts.185.up_proj.weight	float8_e4m3fn	2048,4096	8b7c7c4ad8d3b76774804777a305dc188746b07b5214f270293a7f9d2ca98260
model.language_model.layers.4.mlp.experts.185.up_proj.weight_scale_inv	float32	16,32	340a8c17c797b378fad44e8770a8e4b1b0aa169142842d73f5cb20bc2b56b26a
model.language_model.layers.4.mlp.experts.187.down_proj.weight	float8_e4m3fn	4096,2048	2e5e7241e43193841b8661f650dac152b82911fdc221fa2bd4f445aa9aa2d9f9
model.language_model.layers.4.mlp.experts.187.down_proj.weight_scale_inv	float32	32,16	fffc4d8b629592cdac4f4a514a6c616410a8f3998b0d4d7819de45ee9191273e
model.language_model.layers.4.mlp.experts.187.gate_proj.weight	float8_e4m3fn	2048,4096	93d399fcbe145288e155d7f04cd490d1cdd82d2cf0883ba024f934c421698a00
model.language_model.layers.4.mlp.experts.187.gate_proj.weight_scale_inv	float32	16,32	5e15a09dc8a11cabfa759bf839d9959e1aaca4773dcc02964d24fc6ed2dc6f42
model.language_model.layers.4.mlp.experts.187.up_proj.weight	float8_e4m3fn	2048,4096	5be1403dc4c654d9a7780073c9fa6c4d1a2732563e8015f18088a88bb1b06c55
model.language_model.layers.4.mlp.experts.187.up_proj.weight_scale_inv	float32	16,32	5e1d5fff73cf68084331ec9e700bfe8d1593dc9a7cbb077f80702b858b709e37
model.language_model.layers.4.mlp.experts.189.down_proj.weight	float8_e4m3fn	4096,2048	f3f232e19eb9aef8cbdb27bc42b2a44d5a3bebf30303c82716f384c7cd8303cf
model.language_model.layers.4.mlp.experts.189.down_proj.weight_scale_inv	float32	32,16	0b632cac13625aec832470dbcd90c645ccb71f48f8d5f764af093e49e992d15a
model.language_model.layers.4.mlp.experts.189.gate_proj.weight	float8_e4m3fn	2048,4096	e36b55052f5a528736d46c46978b5fce130f5f112ade19b55bea93871a06b003
model.language_model.layers.4.mlp.experts.189.gate_proj.weight_scale_inv	float32	16,32	e1f6352de2705d000b324738847230b31acf47dd4b802f19f03466bbc17fae9f
model.language_model.layers.4.mlp.experts.189.up_proj.weight	float8_e4m3fn	2048,4096	12ef2b4d8b0594f740c70f00713d1c1d27ed3d258de7e787b162548be1c73f59
model.language_model.layers.4.mlp.experts.189.up_proj.weight_scale_inv	float32	16,32	4897e8b3cd1c8bb4c1929a7f9d4d85da17834fee08889ecd91c654fff4097cd1
model.language_model.layers.4.mlp.experts.19.down_proj.weight	float8_e4m3fn	4096,2048	782573a69b4027611afcd1c64713a2e073b6f6de2e15e365630fe548f6c0e1be
model.language_model.layers.4.mlp.experts.19.down_proj.weight_scale_inv	float32	32,16	92ae16ec31ba629c34ee13149ff68007e3e95df121f4966c6fc2321385622d43
model.language_model.layers.4.mlp.experts.19.gate_proj.weight	float8_e4m3fn	2048,4096	8068160d42f41938a930bb578a947386f38b14aa50389ad0a75483e0b083f5b2
model.language_model.layers.4.mlp.experts.19.gate_proj.weight_scale_inv	float32	16,32	7466f7ad840d365d2d3f70c49de559746d825df2f067572718b799d1a3961884
model.language_model.layers.4.mlp.experts.19.up_proj.weight	float8_e4m3fn	2048,4096	04a53a1a2a3a4dde888fea0e709a4006f61503623ced6a03c34a1b6a2f48a003
model.language_model.layers.4.mlp.experts.19.up_proj.weight_scale_inv	float32	16,32	07a1bc7027ac5bffc26f0a4987e70dd09d33aee0628f174325989f254ab6b27f
model.language_model.layers.4.mlp.experts.190.down_proj.weight	float8_e4m3fn	4096,2048	3dd686fa60a7fc73ea7f928d7ef590ba4f995aa2b626868a87e75bdd8f08a6d1
model.language_model.layers.4.mlp.experts.190.down_proj.weight_scale_inv	float32	32,16	f1484376d2198cf60d996e3e93a205886b26098b64a5add88bd165f7631d45df
model.language_model.layers.4.mlp.experts.190.gate_proj.weight	float8_e4m3fn	2048,4096	2526e1995336aaca71ced78bfd59140f696eb261042119dfb53205715946ce41
model.language_model.layers.4.mlp.experts.190.gate_proj.weight_scale_inv	float32	16,32	b7076df413c53145a7e9e388aee9aba67d5b4d0e4a78a20fe6e1d034a753bfc6
model.language_model.layers.4.mlp.experts.190.up_proj.weight	float8_e4m3fn	2048,4096	1a8c85b1e9aea784dad1c7f9a51ed18adad6b19cdb1129ac41550a52466f030f
model.language_model.layers.4.mlp.experts.190.up_proj.weight_scale_inv	float32	16,32	59d44adaca88eb44c2be0326d720da775e777a7b349c74a4012c263c0c6f8ad6
model.language_model.layers.4.mlp.experts.194.down_proj.weight	float8_e4m3fn	4096,2048	209a8fe9e8ed9efe19e74a93063c69b257357f6277793984043b1154332f3d6d
model.language_model.layers.4.mlp.experts.194.down_proj.weight_scale_inv	float32	32,16	27441d1e5a342a5a030c729af668849b438cee964640ffbd312e5444f817ab30
model.language_model.layers.4.mlp.experts.194.gate_proj.weight	float8_e4m3fn	2048,4096	68989b3f614991120f632e44b1c26e96b5867ea94391f6267d9142ffa6baff9d
model.language_model.layers.4.mlp.experts.194.gate_proj.weight_scale_inv	float32	16,32	0b2b25f75d9bc6098320ef90ca3f7110b32989ae51a9d2e8f62b5ac8132cd916
model.language_model.layers.4.mlp.experts.194.up_proj.weight	float8_e4m3fn	2048,4096	b45cd2354262bf41b1cfb828f8ed81d705b8d429325de59719642deea61f0d4a
model.language_model.layers.4.mlp.experts.194.up_proj.weight_scale_inv	float32	16,32	ce24d90d8b2732b9465bafac0dc417e3a52662654200c9d167b700880b297413
model.language_model.layers.4.mlp.experts.199.down_proj.weight	float8_e4m3fn	4096,2048	c907ca8baf43acd449919f9b59b1d2ca5876855597978b5947a7c3688cd8f71e
model.language_model.layers.4.mlp.experts.199.down_proj.weight_scale_inv	float32	32,16	ae0cfffc3064631327fb386abed12a83027976385aa339373cde469c358da4c8
model.language_model.layers.4.mlp.experts.199.gate_proj.weight	float8_e4m3fn	2048,4096	2798363e37a732ca75a3a85d2b6e789ed89d1fc2a1032f962491d33181689eb6
model.language_model.layers.4.mlp.experts.199.gate_proj.weight_scale_inv	float32	16,32	4a633e301c884defb984a19abd358f54974a5deb46ce9beda84551728d8d0746
model.language_model.layers.4.mlp.experts.199.up_proj.weight	float8_e4m3fn	2048,4096	a002c7625b322972f663a977c181740bbbec34b1e9871f356cdc0b8f584fc05f
model.language_model.layers.4.mlp.experts.199.up_proj.weight_scale_inv	float32	16,32	3f402fb0b3929fbfdbcbeba647cfd03f4562232ecae1e6de9d46e965fae8ece0
model.language_model.layers.4.mlp.experts.20.down_proj.weight	float8_e4m3fn	4096,2048	ae8ed251ce3705fdb356e05f6ff097cef7234c1963e00c48bcbcbd31bc94021b
model.language_model.layers.4.mlp.experts.20.down_proj.weight_scale_inv	float32	32,16	41df8cae02a19b78d59828f3ff5e3b2fc4f8c6011c1b567a1def4da14f5f5a63
model.language_model.layers.4.mlp.experts.20.gate_proj.weight	float8_e4m3fn	2048,4096	c9c41495f1fe128ca3f75791ba923d857a6597287f315c85d0c597e22a364e2a
model.language_model.layers.4.mlp.experts.20.gate_proj.weight_scale_inv	float32	16,32	512569fb2723cac6d589f70b9c1921ec26c4cb51402f9e5fb43654f403663c2c
model.language_model.layers.4.mlp.experts.20.up_proj.weight	float8_e4m3fn	2048,4096	8aac5c9ce334ea5138c73ed1b9e80a76e47916cb8f1137dec980c082d5e5e761
model.language_model.layers.4.mlp.experts.20.up_proj.weight_scale_inv	float32	16,32	65279dd5a6ea2b74292424e83c686d85eaadafd7d304fbc90285f5adbb72c6b8
model.language_model.layers.4.mlp.experts.200.down_proj.weight	float8_e4m3fn	4096,2048	f520b3a1a45a97efbe9fe7aed095d6a78357c58fa5b86e303068ed26a289edf5
model.language_model.layers.4.mlp.experts.200.down_proj.weight_scale_inv	float32	32,16	ef7e08bf26afc196a32074c419b5b2a1f7950b5e06711eb6a84515ff7bcd5795
model.language_model.layers.4.mlp.experts.200.gate_proj.weight	float8_e4m3fn	2048,4096	34604c6b977c89d4d09ec9f75a15ab1426549da26f8be20579a0b06bbd2eec71
model.language_model.layers.4.mlp.experts.200.gate_proj.weight_scale_inv	float32	16,32	edeba5e78b972540124b9dae08da122efc0b26c88ff51924af796a58f726bd9c
model.language_model.layers.4.mlp.experts.200.up_proj.weight	float8_e4m3fn	2048,4096	d3255887a216664725a37014c47ca3e721e64377364687a1f3d50613ec272deb
model.language_model.layers.4.mlp.experts.200.up_proj.weight_scale_inv	float32	16,32	76fb2e7130e139f03ad678079e6d5bedfe2208d663b9faba3a7b5d6b0c7850d1
model.language_model.layers.4.mlp.experts.203.down_proj.weight	float8_e4m3fn	4096,2048	ba8229d766a8b9e397c488eedce6800c1d399ad5b9ccaa5d98bb1f30962d7746
model.language_model.layers.4.mlp.experts.203.down_proj.weight_scale_inv	float32	32,16	ae6cd3301ecca3c83b955670e571601861e93a2f568a9b9aeb279bcd2e9b125f
model.language_model.layers.4.mlp.experts.203.gate_proj.weight	float8_e4m3fn	2048,4096	b704ba3b28e6d3234bf999b9cd2e4d154ba90f3487fde1550b4217e1b41506e7
model.language_model.layers.4.mlp.experts.203.gate_proj.weight_scale_inv	float32	16,32	d27317bc7e6b034f3e9779dcd23a8d2639df7d1cb497d2a48bdf69c68d0e5739
model.language_model.layers.4.mlp.experts.203.up_proj.weight	float8_e4m3fn	2048,4096	0eced4c260103cb7736eb8e1e6002eb4d66d87ce8a733f36e95b413cf603cd5b
model.language_model.layers.4.mlp.experts.203.up_proj.weight_scale_inv	float32	16,32	79a04e355e81d97caa524646f008cd6cc5a39b9396053627d90f1ad401610875
model.language_model.layers.4.mlp.experts.207.down_proj.weight	float8_e4m3fn	4096,2048	984ba9bb1e6a6fa5b9fc04b17fa8bd80c92bba2000e31f10692f79e4ecc74d59
model.language_model.layers.4.mlp.experts.207.down_proj.weight_scale_inv	float32	32,16	a81a16df47db04b245736d0795cac8f73a1edd168dc7a4a2158cd63990bf3a91
model.language_model.layers.4.mlp.experts.207.gate_proj.weight	float8_e4m3fn	2048,4096	c0055ce61547066ee8e0a00e38aa72ad6fa89cb2639c90c1c78782ec6ee180b9
model.language_model.layers.4.mlp.experts.207.gate_proj.weight_scale_inv	float32	16,32	0b0c07e6622f67f6ed0d76c8ffbbd483baff2096a1abcb006fafd367dbde87c1
model.language_model.layers.4.mlp.experts.207.up_proj.weight	float8_e4m3fn	2048,4096	ac6c4a6176762644898d8418c9c89c4511a272124318e660d916e00c7c3cbb76
model.language_model.layers.4.mlp.experts.207.up_proj.weight_scale_inv	float32	16,32	1b03ff204fd3441bc6d605b3be8adf415838958303e3845721f599de1dc1a626
model.language_model.layers.4.mlp.experts.208.down_proj.weight	float8_e4m3fn	4096,2048	8eed50ca77d7a68e1b91fbcb8ca157a404d26a90ba493b3ecc8fc7bf27688f6c
model.language_model.layers.4.mlp.experts.208.down_proj.weight_scale_inv	float32	32,16	b49c0b267c9edbc6091bda60824a0764f10fb7d729eaf5f1a2b5d830e3455872
model.language_model.layers.4.mlp.experts.208.gate_proj.weight	float8_e4m3fn	2048,4096	0a08462a1d578077c474a39d40ffec9479dc1e9612875e6d704d07091e0dd6e6
model.language_model.layers.4.mlp.experts.208.gate_proj.weight_scale_inv	float32	16,32	b7f589b90e260557ed462d6b47ea10dd7c6ab11620db0a4099bf28e542d37d7a
model.language_model.layers.4.mlp.experts.208.up_proj.weight	float8_e4m3fn	2048,4096	bf00f4dd815a6ed1ecca1fec614040fac12355b3d3605d4c59cb9a0234a65647
model.language_model.layers.4.mlp.experts.208.up_proj.weight_scale_inv	float32	16,32	5ad325c87f17b9f495ef5302f6ea814d5ec283de38c4f5f1cf988e29026d7709
model.language_model.layers.4.mlp.experts.209.down_proj.weight	float8_e4m3fn	4096,2048	b002426021f31951522368981faeb27c7968ad6c96ca88f58eb0f01965967ce9
model.language_model.layers.4.mlp.experts.209.down_proj.weight_scale_inv	float32	32,16	660987a5adaba161ebfd68e39f2b978a443f05314553949cfca5315fd72e2d2b
model.language_model.layers.4.mlp.experts.209.gate_proj.weight	float8_e4m3fn	2048,4096	1edb320196b82820959aec09aba582af1fe1ef77be5020fdc24a2ba5342257f7
model.language_model.layers.4.mlp.experts.209.gate_proj.weight_scale_inv	float32	16,32	7c4365851188fd0866a24f3db19273e0b663bf224603b815c49c051633f2d972
model.language_model.layers.4.mlp.experts.209.up_proj.weight	float8_e4m3fn	2048,4096	62e2e802c5caf256dd86c6626bbb27b2276c90d03a1e6c718f8dd0347e7aef93
model.language_model.layers.4.mlp.experts.209.up_proj.weight_scale_inv	float32	16,32	efbc1f4ab9f3eedd3f4ff1822ea725e1e1edf22d6ffb76a7ab7a7b3f8d13d101
model.language_model.layers.4.mlp.experts.211.down_proj.weight	float8_e4m3fn	4096,2048	f3a964da9344fcae12e3d1f3ac47fc4cdc85326ca0a78fc9f32db6d4695c39c0
model.language_model.layers.4.mlp.experts.211.down_proj.weight_scale_inv	float32	32,16	05236f6bd204d4fbceefe3938661b789d242cb7abf802da0ef8ae458f358805b
model.language_model.layers.4.mlp.experts.211.gate_proj.weight	float8_e4m3fn	2048,4096	ac4148fd4f63ba8b4ba537adc4f91edaa9d2da26c57118c23c0ff9f0ea731b96
model.language_model.layers.4.mlp.experts.211.gate_proj.weight_scale_inv	float32	16,32	01bca2920bb7a4027391a832ff27035df97a12d727476f0060f37029ffbf8446
model.language_model.layers.4.mlp.experts.211.up_proj.weight	float8_e4m3fn	2048,4096	c1204fe5a4eeaffbf996e1dd5b39edf0bbf2cd614fc23f7860df03ba4465d767
model.language_model.layers.4.mlp.experts.211.up_proj.weight_scale_inv	float32	16,32	0dd0547b18b321dd79c282931327f5ee120cb34eb8a6aae2e420fbea096f5f3f
model.language_model.layers.4.mlp.experts.212.down_proj.weight	float8_e4m3fn	4096,2048	cd69382de8bba57640279be400fc8bf41175486a055660bfca3eeef8d8e73c8f
model.language_model.layers.4.mlp.experts.212.down_proj.weight_scale_inv	float32	32,16	70a92136574bc79cc89275964edc743d5a809b823ed34a7e798f9f0c5c81ee9b
model.language_model.layers.4.mlp.experts.212.gate_proj.weight	float8_e4m3fn	2048,4096	481ed7a474e06497d430665599c0338a529c1a8384a5341e80579f76e14cae34
model.language_model.layers.4.mlp.experts.212.gate_proj.weight_scale_inv	float32	16,32	eedc1d6d8cdfef42d15e6b1831b3beeea87100cc402e7422ebda0e2b849c6135
model.language_model.layers.4.mlp.experts.212.up_proj.weight	float8_e4m3fn	2048,4096	81f985eb8e56233ec594638e2e6f4c88fac04109a6270ceefa701040557878b3
model.language_model.layers.4.mlp.experts.212.up_proj.weight_scale_inv	float32	16,32	82bfa35b901e0a936d53d1b8193b2cfa9ab9069f3343cce323637e6a497c6deb
model.language_model.layers.4.mlp.experts.213.down_proj.weight	float8_e4m3fn	4096,2048	5176bcf5b0ca047a57dc7d379a2b47f29129805b687de064dbd90d0f6e91837a
model.language_model.layers.4.mlp.experts.213.down_proj.weight_scale_inv	float32	32,16	02a47cfa2b580df1f30b2ebea6dd16f78f8fcc40224c3ae88147d3d51a51b187
model.language_model.layers.4.mlp.experts.213.gate_proj.weight	float8_e4m3fn	2048,4096	43e6b496e51e9960e7dff40df6d98d470c585467cb75c15265162378009fcb20
model.language_model.layers.4.mlp.experts.213.gate_proj.weight_scale_inv	float32	16,32	7434df4cb5a7a97f281028d63637371a8bbd07ae3a84fc569044a0d96bbc03dd
model.language_model.layers.4.mlp.experts.213.up_proj.weight	float8_e4m3fn	2048,4096	1d84b2b0cdbd320b8fd9dd922c878f56f0a88b7340253692d4f0b00db31de8fc
model.language_model.layers.4.mlp.experts.213.up_proj.weight_scale_inv	float32	16,32	d4b38f4228bef2c256f8c57265954f627e0987a7a008e4862272f28357c57ed9
model.language_model.layers.4.mlp.experts.215.down_proj.weight	float8_e4m3fn	4096,2048	e65f7fa14f16475c14f5ad478c08e879464c3e885e395acfbf3b81e9bfe9a9fc
model.language_model.layers.4.mlp.experts.215.down_proj.weight_scale_inv	float32	32,16	f49430be47775441b95b9edb85e63aca1feecfe7dcd9b1aa2ad49c609e42ade5
model.language_model.layers.4.mlp.experts.215.gate_proj.weight	float8_e4m3fn	2048,4096	55e4c2ae577d1b31b6e8f6fdcea8517cbeb755ccf69d8186b72fd9a790fc481a
model.language_model.layers.4.mlp.experts.215.gate_proj.weight_scale_inv	float32	16,32	4eff8bb8898eadb21fa4e74b297e993e5a18103650c4d80cc0bc043db2ad260a
model.language_model.layers.4.mlp.experts.215.up_proj.weight	float8_e4m3fn	2048,4096	593d0788969ee38e8729e90d59f75787d6bb7dc53187afa0b9a954e5509b2e47
model.language_model.layers.4.mlp.experts.215.up_proj.weight_scale_inv	float32	16,32	52cb52dff222010a5ce36cabbf7e1613d4f756d7882c68c4767985b847c9c38f
model.language_model.layers.4.mlp.experts.216.down_proj.weight	float8_e4m3fn	4096,2048	fd119facbd821b8dedba9fcee13f4b0ec03229b0a318e14045f6b0f71a8ce210
model.language_model.layers.4.mlp.experts.216.down_proj.weight_scale_inv	float32	32,16	c0adbbc1cb1546b37775fbb1d076a2eedf676c86ce1f454c62f8ade69c29ab1e
model.language_model.layers.4.mlp.experts.216.gate_proj.weight	float8_e4m3fn	2048,4096	d352b4303f4caf886944bda3fcd8d9a61dfe53cf2e1ec16e5cd27dbd4bb19ce2
model.language_model.layers.4.mlp.experts.216.gate_proj.weight_scale_inv	float32	16,32	2b61f0a92253741721c4e6ce305117731ae9c0aeec60c248504332feb302af74
model.language_model.layers.4.mlp.experts.216.up_proj.weight	float8_e4m3fn	2048,4096	7e8ca19d993db056041ecf5bba11d4430fab26002ca0e3d03e2500954f71326d
model.language_model.layers.4.mlp.experts.216.up_proj.weight_scale_inv	float32	16,32	cfc4d5a27f8016eff959d2ddfea2d759691cb66f689a5cfa520bdc2bcdc8b7af
model.language_model.layers.4.mlp.experts.217.down_proj.weight	float8_e4m3fn	4096,2048	fb9b4f7c752d1dbe5bc3b69dbbe37ebb5aa9f8b20b1b5cb184ff416b680da7a5
model.language_model.layers.4.mlp.experts.217.down_proj.weight_scale_inv	float32	32,16	c680744e708be4d6b63d3d84fc07bafd0ec566f4c09bcc72326dc7053d975d7a
model.language_model.layers.4.mlp.experts.217.gate_proj.weight	float8_e4m3fn	2048,4096	7d7b0d1c31388985df0ad9090a3b3f6545784382afb8b9aaca81c4017de2d60c
model.language_model.layers.4.mlp.experts.217.gate_proj.weight_scale_inv	float32	16,32	5a0e947698bfca58647cc9455e7f734a69c369ae68f2063a9570e2dfdab64f8b
model.language_model.layers.4.mlp.experts.217.up_proj.weight	float8_e4m3fn	2048,4096	748b74e1470101045754e6749db97ef84ffbb122738333f0ec5934564e12e67a
model.language_model.layers.4.mlp.experts.217.up_proj.weight_scale_inv	float32	16,32	aa6164b900693ab0def831ac7d4ca38673ffc25d8ace412cac567d4f52e07241
model.language_model.layers.4.mlp.experts.218.down_proj.weight	float8_e4m3fn	4096,2048	43b0d772446e74a7baa81fc696855241975d748319f9f1a69dd6b39acaf7f8c1
model.language_model.layers.4.mlp.experts.218.down_proj.weight_scale_inv	float32	32,16	c390fbf6786a1d10d951aca62bc41bd58c0ae7961d4195f2ad9a16d369ef3f81
model.language_model.layers.4.mlp.experts.218.gate_proj.weight	float8_e4m3fn	2048,4096	c9799eee81d412efad0d8114f15d434790c78bd4f9b07306ffd48730ca56a7a2
model.language_model.layers.4.mlp.experts.218.gate_proj.weight_scale_inv	float32	16,32	fcd4fc786e143b45d60d7b0da6e25516d8baaf807d6bf053bb6dfdd1bc1f738a
model.language_model.layers.4.mlp.experts.218.up_proj.weight	float8_e4m3fn	2048,4096	bdc5cff999a4471e576e7da71a0c04eab458f1f2c944dec6f32fa8fb90c14999
model.language_model.layers.4.mlp.experts.218.up_proj.weight_scale_inv	float32	16,32	3522356487158b0523df498135c348b7ba43300bf133b52850cc29bb1f33b8c7
model.language_model.layers.4.mlp.experts.219.down_proj.weight	float8_e4m3fn	4096,2048	6ceaa41fc774b3c9a6bc02011737885ac2c4e5570276bb3237ecc2c0863d6c61
model.language_model.layers.4.mlp.experts.219.down_proj.weight_scale_inv	float32	32,16	47b56efe17f0f26fe195c41118b0cb31bbb39fedaa24e6644730dccb4c22337f
model.language_model.layers.4.mlp.experts.219.gate_proj.weight	float8_e4m3fn	2048,4096	21edfd6186bc212464213db180e196af49bf4dea1fb4e8f2d1f2194c2d8e12e7
model.language_model.layers.4.mlp.experts.219.gate_proj.weight_scale_inv	float32	16,32	b6e245aebd6f09e8f5b1fa3ff319e1a4218e91d816288eb8d9ee1f09d8292fe3
model.language_model.layers.4.mlp.experts.219.up_proj.weight	float8_e4m3fn	2048,4096	6298d1324eb2cccdfcc9acc4ce059afe5ca3decedb3aa0abd246fa7add5d16cb
model.language_model.layers.4.mlp.experts.219.up_proj.weight_scale_inv	float32	16,32	bc3c9b9f9768d664e215defd62e0d48f33469a562402bad2abbeb9eefe3fba45
model.language_model.layers.4.mlp.experts.22.down_proj.weight	float8_e4m3fn	4096,2048	92cff760b5ddf8b6cd69a0ddca35a89cdf4bfb4bf0d62ffe3641006a441e1a7e
model.language_model.layers.4.mlp.experts.22.down_proj.weight_scale_inv	float32	32,16	4147b1a6c954ebcefc712c7bd57bcf0f4100c11ebde7407ecbd451aceda8e717
model.language_model.layers.4.mlp.experts.22.gate_proj.weight	float8_e4m3fn	2048,4096	545d8a98c5b81bf58d4ddfb287c537a640d73534c8cb8b98069799fff472297b
model.language_model.layers.4.mlp.experts.22.gate_proj.weight_scale_inv	float32	16,32	9fb091cd41fca663ec4696e7ad1e620b6c9815acd3c80669e922bc71addaae25
model.language_model.layers.4.mlp.experts.22.up_proj.weight	float8_e4m3fn	2048,4096	e41b8f12bdb9791bdc0caf07494952eb7bd8b615226a9ae5343c5889338426c9
model.language_model.layers.4.mlp.experts.22.up_proj.weight_scale_inv	float32	16,32	3317174d0fc22e24d3b50810017f271fa79f683d890d161ddb05c1f955b740bd
model.language_model.layers.4.mlp.experts.224.down_proj.weight	float8_e4m3fn	4096,2048	6316aa8b9e763806f75679942bf59cf0dad44608a98968cae1b351a6dee39e98
model.language_model.layers.4.mlp.experts.224.down_proj.weight_scale_inv	float32	32,16	16ec9d9ba6498cc1ae62ef081a7897e0ebea21450aac3d07048220281bda0536
model.language_model.layers.4.mlp.experts.224.gate_proj.weight	float8_e4m3fn	2048,4096	f724b55ae2c04588fe79979febf7e3dc3fe3e7daae1cb687c6b511fd78d7d406
model.language_model.layers.4.mlp.experts.224.gate_proj.weight_scale_inv	float32	16,32	41631e4d52dc4fa393940f4605f6c200e2aaa422da183de8166795f244374920
model.language_model.layers.4.mlp.experts.224.up_proj.weight	float8_e4m3fn	2048,4096	3d534a6b70f28646084fb411a585ebb4019babf65c7d6bce2248f3fe9df40de9
model.language_model.layers.4.mlp.experts.224.up_proj.weight_scale_inv	float32	16,32	91a86a6f7d3298473041723982954942379bc87a32356c580e66d2f50cc915d4
model.language_model.layers.4.mlp.experts.225.down_proj.weight	float8_e4m3fn	4096,2048	c0fff292491b2468af07a288c60f1e8af936a6bbf593fd35e9e3e58b09347a96
model.language_model.layers.4.mlp.experts.225.down_proj.weight_scale_inv	float32	32,16	cb7ed00f44c7b1f5748b5ead956ec3e4dab703bf28958e68017189d152b3614e
model.language_model.layers.4.mlp.experts.225.gate_proj.weight	float8_e4m3fn	2048,4096	8eafbf7199b5add516a1305b32c6e3afe3d2f66820bbd17be2c9b9bfa6c2adc1
model.language_model.layers.4.mlp.experts.225.gate_proj.weight_scale_inv	float32	16,32	cfc6c252039f726c2b1e710880a51399acdbbfb1a74ab9570c4bd9dfa7c8633e
model.language_model.layers.4.mlp.experts.225.up_proj.weight	float8_e4m3fn	2048,4096	1c7eca622c62789125fe27a6038d7869af3e5b6b1c2338af35226b04abbe5a00
model.language_model.layers.4.mlp.experts.225.up_proj.weight_scale_inv	float32	16,32	b47cacdb5dd1755f4df47dd374919f82f0f7a87187757dfbc38be0de27a2b875
model.language_model.layers.4.mlp.experts.228.down_proj.weight	float8_e4m3fn	4096,2048	599a35331956c0fd5c43ecf14f428646a8d60da280f101ab3d55329b3ee846bf
model.language_model.layers.4.mlp.experts.228.down_proj.weight_scale_inv	float32	32,16	b32a5a3e4c57cbe39c3a4bd4d053325c246506906f147696bc0ad5d5eee389f3
model.language_model.layers.4.mlp.experts.228.gate_proj.weight	float8_e4m3fn	2048,4096	972ab07182c547de1df64d9b7c12e29108d75f2d9f60d399cd5ae9de063c3436
model.language_model.layers.4.mlp.experts.228.gate_proj.weight_scale_inv	float32	16,32	2af2c357cdb891c91d15f381e246200f7480bdb1285bc03097eb1a7f225af403
model.language_model.layers.4.mlp.experts.228.up_proj.weight	float8_e4m3fn	2048,4096	57f850c10480f1f1d5952b36ced1f3fee27a2470c15c29ae56f1624a890f8aa7
model.language_model.layers.4.mlp.experts.228.up_proj.weight_scale_inv	float32	16,32	a669ffdf6a416142818e33a84e6acc3c7291f9ac01bd2f357ed584ddadff8522
model.language_model.layers.4.mlp.experts.230.down_proj.weight	float8_e4m3fn	4096,2048	94d22e6cb0a399c9cce66a93a9181bf9f6af8148510de6ee349f21b7f2601643
model.language_model.layers.4.mlp.experts.230.down_proj.weight_scale_inv	float32	32,16	5bddad3b162eff4f50a74a7781e137e7ac1f981625cf30efc670b91fa7b90fcb
model.language_model.layers.4.mlp.experts.230.gate_proj.weight	float8_e4m3fn	2048,4096	d45018ddbbb263b64afd67e87f9e3fe3d675958e74e7dd2c2e6bc8d146b2a236
model.language_model.layers.4.mlp.experts.230.gate_proj.weight_scale_inv	float32	16,32	b62c3ce0e2222b6f4dccf2a53c1a64a94ce4f08d0a59a83faf3eac06e9b9bdc3
model.language_model.layers.4.mlp.experts.230.up_proj.weight	float8_e4m3fn	2048,4096	2ae59fdfd74b381fdbd1dbfbc7623eb7b8d290197446642ae80d2e9af0f8989b
model.language_model.layers.4.mlp.experts.230.up_proj.weight_scale_inv	float32	16,32	48d4c1e5b126d3cf7406b4cef9714ca49b71067cec2c7bfd159b6e2e7fdb85cb
model.language_model.layers.4.mlp.experts.231.down_proj.weight	float8_e4m3fn	4096,2048	74bf6bb195066268093bf36f131f8f18724db1d489c26f4527c9ad47640fcaec
model.language_model.layers.4.mlp.experts.231.down_proj.weight_scale_inv	float32	32,16	5550e53e3cb39dcf5c95bbcdd3eebf9c205ab0d0d3d9c05798cabbd250e9a85b
model.language_model.layers.4.mlp.experts.231.gate_proj.weight	float8_e4m3fn	2048,4096	12e332316860790bbb8ad40a4a043be9d9c037f17e3c3347dbab979985c099da
model.language_model.layers.4.mlp.experts.231.gate_proj.weight_scale_inv	float32	16,32	d732c16824fde7cce68e9fb7c35505024cfa5e96b6cfce0a073ed50dc07fb41a
model.language_model.layers.4.mlp.experts.231.up_proj.weight	float8_e4m3fn	2048,4096	187d021037a52728c9d095ab8cb45b55f3ba8d0cdf69833797643cb21f3ed4c1
model.language_model.layers.4.mlp.experts.231.up_proj.weight_scale_inv	float32	16,32	0c2482566cf8483e28c6496e8f6f0825e22a8b71231c32063d5fd8711e59da84
model.language_model.layers.4.mlp.experts.232.down_proj.weight	float8_e4m3fn	4096,2048	8e1b6b45291fe2a396ffdc325aae4135e037e10d4b40fc1b844375d54e70605f
model.language_model.layers.4.mlp.experts.232.down_proj.weight_scale_inv	float32	32,16	d154e4becfc68a03bed553a10fcf734f7ad94f2294e0278c88126ec8a4d6fbeb
model.language_model.layers.4.mlp.experts.232.gate_proj.weight	float8_e4m3fn	2048,4096	8e747addb4282c3b1892a6247a588f0ba1fd10c2ec14a1fc992556ea61722803
model.language_model.layers.4.mlp.experts.232.gate_proj.weight_scale_inv	float32	16,32	61eb5b54c2a203013ce4c0b1b801da36f638eb2e4d71c2758eae858836eb79c8
model.language_model.layers.4.mlp.experts.232.up_proj.weight	float8_e4m3fn	2048,4096	edd6478c2db39df5f823ff5cd9e9fb53d8d9870b57dff7ab20e4ac8cb46cc2cc
model.language_model.layers.4.mlp.experts.232.up_proj.weight_scale_inv	float32	16,32	b942e4d6b49f200643fc172de54bcbc6acb93decc51d353d5f1e712eb3943c38
model.language_model.layers.4.mlp.experts.233.down_proj.weight	float8_e4m3fn	4096,2048	aaf91565999830ef9f5f584ce34472311985c2326fad17e2b13db4ec579e4eaf
model.language_model.layers.4.mlp.experts.233.down_proj.weight_scale_inv	float32	32,16	0d2948177580602ad50cdb6482048cc623411f290852ced5f6aec412d8dc5994
model.language_model.layers.4.mlp.experts.233.gate_proj.weight	float8_e4m3fn	2048,4096	9b3adbfd51afbcd4fe3d030ca786d8880b37a2c3017d6571f6a4a2a08646d4dd
model.language_model.layers.4.mlp.experts.233.gate_proj.weight_scale_inv	float32	16,32	cabef847c05828c8b1b3b09a8923e5834a19246fcfa3acb95ea736810ecadc4a
model.language_model.layers.4.mlp.experts.233.up_proj.weight	float8_e4m3fn	2048,4096	33e5036ff38408f88965fd923c02411b73d3ed67641effe5591feebfe5c05f98
model.language_model.layers.4.mlp.experts.233.up_proj.weight_scale_inv	float32	16,32	a20df6c159520a5a65d83141e3b769865fa93920454c5316240911a055deb76d
model.language_model.layers.4.mlp.experts.234.down_proj.weight	float8_e4m3fn	4096,2048	f48bdfe3ce21e8a89b6ddeb15de51327e07f6f15535f4d329376f6e345e8bcb2
model.language_model.layers.4.mlp.experts.234.down_proj.weight_scale_inv	float32	32,16	0cf484f66c78d2b8532d4c822980fb01f09b29c9e23eae90641ce1633381da5c
model.language_model.layers.4.mlp.experts.234.gate_proj.weight	float8_e4m3fn	2048,4096	9f4254708e0cd0b756eb0414e2b6a63fe1d09a0cbba214eec1112280b0653b7c
model.language_model.layers.4.mlp.experts.234.gate_proj.weight_scale_inv	float32	16,32	c05290b165ccc9b222300bb73cd5c472497f65b0775248b6d67fb5b6225d435c
model.language_model.layers.4.mlp.experts.234.up_proj.weight	float8_e4m3fn	2048,4096	66ae4d7782fe7d430bb615118979fdd867b662a6844da776b55b8e1ead762a69
model.language_model.layers.4.mlp.experts.234.up_proj.weight_scale_inv	float32	16,32	deb388ccd9ede8fc161f22a2b2774ae20616f82715a9b65b325d9e40ad3985ae
model.language_model.layers.4.mlp.experts.236.down_proj.weight	float8_e4m3fn	4096,2048	15ae4ae8b474882239de24308b1c9caa901d551106484a50f4511e6d91b5d4e1
model.language_model.layers.4.mlp.experts.236.down_proj.weight_scale_inv	float32	32,16	8d3d73aa1aea8f5fa6330d40fd57bb5e2712fc48e8ab9ddc87f6591b021a4c54
model.language_model.layers.4.mlp.experts.236.gate_proj.weight	float8_e4m3fn	2048,4096	ec7294229dfba99122060f871faf5564a898a578a9673b16f7d9266636c73491
model.language_model.layers.4.mlp.experts.236.gate_proj.weight_scale_inv	float32	16,32	2df6191100f2ee3d1222b14f0986dcf2894f80ff311322caba8cfeb7811c66a8
model.language_model.layers.4.mlp.experts.236.up_proj.weight	float8_e4m3fn	2048,4096	d22c82fa9b5d4c1378dd08043bf77b0730b88fea1689f75159cc4794f3e7e25d
model.language_model.layers.4.mlp.experts.236.up_proj.weight_scale_inv	float32	16,32	3148bf2b533d937132a59501b89b01201bcfdcf9c05d6c892f36284a4c6dc7d2
model.language_model.layers.4.mlp.experts.237.down_proj.weight	float8_e4m3fn	4096,2048	920ca088e3efdfb668ef5cb4376dafacb6a288bdd46683c4acac6d905f3164a5
model.language_model.layers.4.mlp.experts.237.down_proj.weight_scale_inv	float32	32,16	e8e23de5b6abe0d71ce9ea7b77eae7bb64b013e4b8246b43586871d46daefe6e
model.language_model.layers.4.mlp.experts.237.gate_proj.weight	float8_e4m3fn	2048,4096	1563bbf0f3de8e8f9672a72450f16199edc453cc24853d60d8f447eea98c48e9
model.language_model.layers.4.mlp.experts.237.gate_proj.weight_scale_inv	float32	16,32	32c28a54301d1fa5ab8c933159e590ee2d0822c6504ac622f07eef097cfcfe5a
model.language_model.layers.4.mlp.experts.237.up_proj.weight	float8_e4m3fn	2048,4096	273992acbbbb1b6d0fbec0e8d892e5cb98076b3bba38565c95b51d6bae5b725f
model.language_model.layers.4.mlp.experts.237.up_proj.weight_scale_inv	float32	16,32	389bba91bd3bc28678118b23e442f5ad7ebd9df7405dc738dd690c404a3790f0
model.language_model.layers.4.mlp.experts.238.down_proj.weight	float8_e4m3fn	4096,2048	b439c1676bce1b647070a3d9f6320fe6369c35762eb4ac1bee752953aa5747d0
model.language_model.layers.4.mlp.experts.238.down_proj.weight_scale_inv	float32	32,16	856fc5ef33bc90eba8623d475583cfc58f200c1614427cdcfa2dc3af376e50ba
model.language_model.layers.4.mlp.experts.238.gate_proj.weight	float8_e4m3fn	2048,4096	29abcd3a92a8dbe1164a1fffd4e52ced768c5ca1f5be641bc995af6114d63f55
model.language_model.layers.4.mlp.experts.238.gate_proj.weight_scale_inv	float32	16,32	3b5099990acbd3acb4903a638a5ee9dfa0d41bded555e93dd28211f219e6e989
model.language_model.layers.4.mlp.experts.238.up_proj.weight	float8_e4m3fn	2048,4096	cc0ab8c1c99756067d477b031418d1d1af85424c6fe16ad071465e86242b94f9
model.language_model.layers.4.mlp.experts.238.up_proj.weight_scale_inv	float32	16,32	582275562bc5ee0eff7f65cb4b2be5abd1d41aef6a3c8a02225a8c3f51825d78
model.language_model.layers.4.mlp.experts.239.down_proj.weight	float8_e4m3fn	4096,2048	e86d1f01b75648fdaaf6dc4e90ef4424eec19a89f34e3832cc51e1ad4cb99f43
model.language_model.layers.4.mlp.experts.239.down_proj.weight_scale_inv	float32	32,16	7cc3d9b9d965d188be0785c96f2459dae8fc0e638e1d7c4eb5a58504e81f612c
model.language_model.layers.4.mlp.experts.239.gate_proj.weight	float8_e4m3fn	2048,4096	26bb445f09842d7b3fb9e42cce09f66d5be01af1b1980beac2191b5ba4243bcf
model.language_model.layers.4.mlp.experts.239.gate_proj.weight_scale_inv	float32	16,32	5a3e6f6499f1d64fdaf326298837e74e16910e34842383f6ecc61a1381693975
model.language_model.layers.4.mlp.experts.239.up_proj.weight	float8_e4m3fn	2048,4096	b0e2ffb6a91f153d0f74e3967a4c4d70010052d766d887e1207474292449aafa
model.language_model.layers.4.mlp.experts.239.up_proj.weight_scale_inv	float32	16,32	d11cae05e7e7c53987b583146b7da398432b215985b161fa9092d6cb72f46357
model.language_model.layers.4.mlp.experts.24.down_proj.weight	float8_e4m3fn	4096,2048	aaff5731952dd0a7dc296fd9957470644b0ab0b22b77443df9769bd606cdca75
model.language_model.layers.4.mlp.experts.24.down_proj.weight_scale_inv	float32	32,16	a0ef212d85394c782013fa36468547ce4224f5ff646ea60fca52cf222dc8fc2b
model.language_model.layers.4.mlp.experts.24.gate_proj.weight	float8_e4m3fn	2048,4096	f251ba7ab64d0f1f7a56927733b55dbc2628fe0c5170be56d5706256d3b06d7b
model.language_model.layers.4.mlp.experts.24.gate_proj.weight_scale_inv	float32	16,32	bc4cfe89c53d25276a81fb5c9afa5113cddd83522ece6fdedbc174d0b8619ba2
model.language_model.layers.4.mlp.experts.24.up_proj.weight	float8_e4m3fn	2048,4096	9cf71e0527a73342ab94e005f84d9ca8757a1c2058578ed0799cf1348393a351
model.language_model.layers.4.mlp.experts.24.up_proj.weight_scale_inv	float32	16,32	84a5c2482e589dde46117af47aa4eaa1a01e9f306e385a5f85b5e84128cd3bca
model.language_model.layers.4.mlp.experts.242.down_proj.weight	float8_e4m3fn	4096,2048	5ba63b2d8e4aa8d7cb450c5215e4ae507fec671dd622602f5f325c3dbe705b61
model.language_model.layers.4.mlp.experts.242.down_proj.weight_scale_inv	float32	32,16	3de88abd7d9dbc6b6a25d851a08911ce053201b02c907ff96720d83bfe16f3d4
model.language_model.layers.4.mlp.experts.242.gate_proj.weight	float8_e4m3fn	2048,4096	34f23688f5a364fe6173cf275101e12f036c65de293b7931cb083a23a8015e15
model.language_model.layers.4.mlp.experts.242.gate_proj.weight_scale_inv	float32	16,32	73114961f18d432fb8632e30202ec13b74b1104ec150ca227103f254625f22ea
model.language_model.layers.4.mlp.experts.242.up_proj.weight	float8_e4m3fn	2048,4096	d95b08011efa45f6bb8675d23ccce7b57fc9c5c64710d96cce57044f92e4dc18
model.language_model.layers.4.mlp.experts.242.up_proj.weight_scale_inv	float32	16,32	2897fc0a6fa5df23db52151f7ec1c87b37f44f7944829e38f8a1016358c886fe
model.language_model.layers.4.mlp.experts.244.down_proj.weight	float8_e4m3fn	4096,2048	fe56d34664ecf24818257d29bb58deaa01eb9e51712040ccd6b424575099ebd3
model.language_model.layers.4.mlp.experts.244.down_proj.weight_scale_inv	float32	32,16	913f5a7b954f242c8792a70f43830dc0b6867b1ea8e12ddc2f8d2600add34e06
model.language_model.layers.4.mlp.experts.244.gate_proj.weight	float8_e4m3fn	2048,4096	a6aa4cc8d4f53a2fad5e973c2723d73b6f31682cb3c519ba5a52566f1819e716
model.language_model.layers.4.mlp.experts.244.gate_proj.weight_scale_inv	float32	16,32	3649fa4b82a398630edf75d4a004467b073d807ae238657fcdbd1d9195b19d3f
model.language_model.layers.4.mlp.experts.244.up_proj.weight	float8_e4m3fn	2048,4096	9175dbbe9f58e2fbdf1c67b141f1f10660185e77cfbfd1303a702ab2a9fb947b
model.language_model.layers.4.mlp.experts.244.up_proj.weight_scale_inv	float32	16,32	a5eab61b05bef0505afdd2ea29961eb9680bd38e84b968f0f5eeb4254142954d
model.language_model.layers.4.mlp.experts.246.down_proj.weight	float8_e4m3fn	4096,2048	0ad413427a2b806aa7f2c59343126e6aaa0785ecec73912b0a4979811ec2dd76
model.language_model.layers.4.mlp.experts.246.down_proj.weight_scale_inv	float32	32,16	4d8fd240ccea238727b6a46cd1a85ccf572cf42c8e16377ecf2196b27312da54
model.language_model.layers.4.mlp.experts.246.gate_proj.weight	float8_e4m3fn	2048,4096	3048c18d0ef00d8616110457550e66772cd475329150ad4d96989c27acf8f0a0
model.language_model.layers.4.mlp.experts.246.gate_proj.weight_scale_inv	float32	16,32	05b9144004acf7cff0b35d380eb9fc70f44e0d9c05a7f7415b559376cbb4cdcf
model.language_model.layers.4.mlp.experts.246.up_proj.weight	float8_e4m3fn	2048,4096	7eb75c3f6551059d6ae58041c0ccd272b6020a087edf6509279fc82ac1c1bbb3
model.language_model.layers.4.mlp.experts.246.up_proj.weight_scale_inv	float32	16,32	1d35fe4d89c9c57a073acb3a01fbc3f42740de3c8474e60277e456b9b42a6c20
model.language_model.layers.4.mlp.experts.247.down_proj.weight	float8_e4m3fn	4096,2048	c3b8087a779340a196661f3348e146b524f4bb4ddc1a005ea1f1b468393412c0
model.language_model.layers.4.mlp.experts.247.down_proj.weight_scale_inv	float32	32,16	066847f3aad623e23d28e8a619c7d57562880c3d53cec37539cda80e1f1b07bf
model.language_model.layers.4.mlp.experts.247.gate_proj.weight	float8_e4m3fn	2048,4096	2cae1aac1c3ab0a61ea1583284bd89c9b46fb7295e07f67362c14b8dbe11eeee
model.language_model.layers.4.mlp.experts.247.gate_proj.weight_scale_inv	float32	16,32	16de2d9a713faa487a97e77f97b87ef15577f2e68bc3ec763b9600ed3f8739b2
model.language_model.layers.4.mlp.experts.247.up_proj.weight	float8_e4m3fn	2048,4096	5fef187abcf6c4938f73d1496150b20befcae7ea2690c44da4e7b64e41f3ef05
model.language_model.layers.4.mlp.experts.247.up_proj.weight_scale_inv	float32	16,32	397ef42ee57baf7b36a154cfed97c4ef48399be94760d8de853aa1bfea4dd6a4
model.language_model.layers.4.mlp.experts.248.down_proj.weight	float8_e4m3fn	4096,2048	c0623cb4be635bf873d9542c0116842ccc74a089d36951f3da476513975c69c0
model.language_model.layers.4.mlp.experts.248.down_proj.weight_scale_inv	float32	32,16	b1756b6cdd2f3cbcb33d2c1adc4f866ae1ed5b594ba8f2bbd40a9754198c106d
model.language_model.layers.4.mlp.experts.248.gate_proj.weight	float8_e4m3fn	2048,4096	2a0fa316f13e1c52a31a5a5190720b6864c96381b7847b2a5241a3c058784ee1
model.language_model.layers.4.mlp.experts.248.gate_proj.weight_scale_inv	float32	16,32	01f39d9b23c466ca122c12fc1b26587c082fe3f6ee1eec5e6350a37aac975c2a
model.language_model.layers.4.mlp.experts.248.up_proj.weight	float8_e4m3fn	2048,4096	0c912f57cb7309b6d9349f9a037b7fb2c873cf5a19b615fd2fcc39a32c1687e5
model.language_model.layers.4.mlp.experts.248.up_proj.weight_scale_inv	float32	16,32	bf64616d614dc7965e135c8b12fa1bdaefad10a662c55b504cf49fb8ad970bb4
model.language_model.layers.4.mlp.experts.249.down_proj.weight	float8_e4m3fn	4096,2048	9feb8f0622525c517d960ec3f2a89f3adac34dba9f106e9a1851bb44432b0d20
model.language_model.layers.4.mlp.experts.249.down_proj.weight_scale_inv	float32	32,16	77cd9cdaf67f9d21ea0ed88158cab8ff062ead8fed9b9af3dd7c82dd7149169d
model.language_model.layers.4.mlp.experts.249.gate_proj.weight	float8_e4m3fn	2048,4096	7d3c46d7bf5916cf0fbb8d1bed58ad9810605b827877041c2b7d7dd7ba3b0190
model.language_model.layers.4.mlp.experts.249.gate_proj.weight_scale_inv	float32	16,32	67456f9184c2b33eda709ee4e9714987b54227c33f1e6ec8a2669d806ee91912
model.language_model.layers.4.mlp.experts.249.up_proj.weight	float8_e4m3fn	2048,4096	f6eaf740029e4d266f101ed351e2537bc3f4dc514d3a4af23b06ef4ec9757e8e
model.language_model.layers.4.mlp.experts.249.up_proj.weight_scale_inv	float32	16,32	c359b606ba70116ded9517cfc85f307176bc117bcb38ded38c12d2d923e8b7dc
model.language_model.layers.4.mlp.experts.250.down_proj.weight	float8_e4m3fn	4096,2048	1c12303c23fd28ad39a89b3662da80499bbaea6ef7cd527bd82cb07aeca05515
model.language_model.layers.4.mlp.experts.250.down_proj.weight_scale_inv	float32	32,16	aba5ab51e5d775e4bfdebb4e3a69926c275433fab0b2c89e306416ec98013ce0
model.language_model.layers.4.mlp.experts.250.gate_proj.weight	float8_e4m3fn	2048,4096	0748d60c0cd9396ca47aa69b236098cc9c768a94e0fe1b5d92aebab972455201
model.language_model.layers.4.mlp.experts.250.gate_proj.weight_scale_inv	float32	16,32	53ac0f6f0ba84bd4c83c2a18fb32bcc31cbff9f3b65e4040f50e1d39c4abaf91
model.language_model.layers.4.mlp.experts.250.up_proj.weight	float8_e4m3fn	2048,4096	61616f8833af4b82ed0b2679cc05adc8578f448b3066f80c90e24eb26930cc2b
model.language_model.layers.4.mlp.experts.250.up_proj.weight_scale_inv	float32	16,32	24288af9c64ea978b47a0763d613d9b2d333604aa506dc35e9b59adf53352834
model.language_model.layers.4.mlp.experts.251.down_proj.weight	float8_e4m3fn	4096,2048	698f84898cc6672a7d805633cdb347121c3385fd0e09206cc3aef8d42c1c3cf7
model.language_model.layers.4.mlp.experts.251.down_proj.weight_scale_inv	float32	32,16	97df999acf7803326c8121572e9657d25e30a79d91cb366a49a53142b8a18dc3
model.language_model.layers.4.mlp.experts.251.gate_proj.weight	float8_e4m3fn	2048,4096	514dcb0e571f5afbdd4dee3157f4c0a672cce2c33b0ff89e8d96945ebcc07c6b
model.language_model.layers.4.mlp.experts.251.gate_proj.weight_scale_inv	float32	16,32	70c5c5a18e8323c4b789bb924bd2158880625770e6772751acdfd2da3cf19ca3
model.language_model.layers.4.mlp.experts.251.up_proj.weight	float8_e4m3fn	2048,4096	e3c05581716169f55185f6ec1f36c512c49a49a5558eed74c91da9a3eb1035a1
model.language_model.layers.4.mlp.experts.251.up_proj.weight_scale_inv	float32	16,32	f187242bae9266b86c5743f0652c770bcc89e38e16b5b84883f55ce786cbbff8
model.language_model.layers.4.mlp.experts.252.down_proj.weight	float8_e4m3fn	4096,2048	c2e1bf7abc9b57b7c6c6cb813612bc0686b1be65f28e4152891fa80ad47efa98
model.language_model.layers.4.mlp.experts.252.down_proj.weight_scale_inv	float32	32,16	161637fd8dd1a846942139174028d4a255645a0aed5fb89b0b777e709e742e59
model.language_model.layers.4.mlp.experts.252.gate_proj.weight	float8_e4m3fn	2048,4096	f35af1db5348d60ea5c8fa5bbc3afe9f9b6886aee67363e2e0f6fe7eb6fd2b12
model.language_model.layers.4.mlp.experts.252.gate_proj.weight_scale_inv	float32	16,32	2f4b60ea5fcf3857f78430c8f6bd2864407cca94e86b4174066f60e708625a5a
model.language_model.layers.4.mlp.experts.252.up_proj.weight	float8_e4m3fn	2048,4096	8fd920aeaa457fc008225b315ec3a95134a7ae1b776b11b633b18a5b51c3670e
model.language_model.layers.4.mlp.experts.252.up_proj.weight_scale_inv	float32	16,32	8491b45aeb78abebc0b982ee71658fba1e712e7494fc16902e7d4259499e7f1e
model.language_model.layers.4.mlp.experts.255.down_proj.weight	float8_e4m3fn	4096,2048	629c0ab2f665346da183c1a95f30bc2d918d4857b1371d2a02238107c445db36
model.language_model.layers.4.mlp.experts.255.down_proj.weight_scale_inv	float32	32,16	dc4a65400012a916d26a1902018b3bf2656cb442b5bc52e162861e47a2010b72
model.language_model.layers.4.mlp.experts.255.gate_proj.weight	float8_e4m3fn	2048,4096	6217b1562671f1b6dfe9f3dfba99de79211a0252c4c161f6eb5d8c5d8965c42a
model.language_model.layers.4.mlp.experts.255.gate_proj.weight_scale_inv	float32	16,32	7e1870d77e0d43d6bbe926d5823050e29935267c1024e09fc035e13998c9f7fb
model.language_model.layers.4.mlp.experts.255.up_proj.weight	float8_e4m3fn	2048,4096	f900fc201232cca4584f7c385ade7d7fc37e1cfb4d9c70b622bd090585ee220e
model.language_model.layers.4.mlp.experts.255.up_proj.weight_scale_inv	float32	16,32	a6eebdfc8888afbc1ab03d950911668eeeb9edc7a969c76742a6450323a9bf0d
model.language_model.layers.4.mlp.experts.256.down_proj.weight	float8_e4m3fn	4096,2048	8f282cab2f92319544596939a38621557f55725e8fcd7dbd2a235b54be6d5e0b
model.language_model.layers.4.mlp.experts.256.down_proj.weight_scale_inv	float32	32,16	dae0db753e6b7852666a09ec9b8df095657afabc6b4b3dc7698fa2d666757fbf
model.language_model.layers.4.mlp.experts.256.gate_proj.weight	float8_e4m3fn	2048,4096	33935984095a4e77436439303f44aaeba908ffd7d929e3a9a0119a4af2fdf54a
model.language_model.layers.4.mlp.experts.256.gate_proj.weight_scale_inv	float32	16,32	446fcced31a2f93031494906a3249132cd0ca3c277557da3ad90aaaafad40654
model.language_model.layers.4.mlp.experts.256.up_proj.weight	float8_e4m3fn	2048,4096	3965ca4bf4276c928b2d14fe65811b0a129c26b098d28258c2392ecec67d08bd
model.language_model.layers.4.mlp.experts.256.up_proj.weight_scale_inv	float32	16,32	99c32b3ed303f84d69c301877a7c42c66f91b57da87235af5ca714ffc93cd9ad
model.language_model.layers.4.mlp.experts.257.down_proj.weight	float8_e4m3fn	4096,2048	7deef6a7600f3da9a4e7303e0af1e96e8640409041f2696030afd210c636ecf9
model.language_model.layers.4.mlp.experts.257.down_proj.weight_scale_inv	float32	32,16	b846319baac2862e791a2af01cda791bedf83216bfb10fe21d5eacca15cbec48
model.language_model.layers.4.mlp.experts.257.gate_proj.weight	float8_e4m3fn	2048,4096	57b6bdfcb3577cada1bedc5a5ec631e41f3c7cf15660f99646e29d763e81d9a3
model.language_model.layers.4.mlp.experts.257.gate_proj.weight_scale_inv	float32	16,32	578371e17c58ff00c2dc3abedc2fba429c3ed603633af49e7f011b83ec7fa958
model.language_model.layers.4.mlp.experts.257.up_proj.weight	float8_e4m3fn	2048,4096	e2d3d838598864e639584111389cc1a02480d69c1600667997e6c104b3031ae4
model.language_model.layers.4.mlp.experts.257.up_proj.weight_scale_inv	float32	16,32	4d47832a555dc16b734a4902b4142206b974fa57ebb611f367cbb70caa133ba1
model.language_model.layers.4.mlp.experts.258.down_proj.weight	float8_e4m3fn	4096,2048	77cb90db87466653f7ed859082c30a977b270467adfe8d7ea74caf26664dcdf5
model.language_model.layers.4.mlp.experts.258.down_proj.weight_scale_inv	float32	32,16	2b02da30ac87812b8667c7caff473b995064de0e9330f88ceba84855b8399412
model.language_model.layers.4.mlp.experts.258.gate_proj.weight	float8_e4m3fn	2048,4096	3f8c19e416f1533c1b0efae9be953fc63eae53b9c2babe2421d4d0999190f3a2
model.language_model.layers.4.mlp.experts.258.gate_proj.weight_scale_inv	float32	16,32	d3562cba0f7ecfc23a987c663cbb923b6be77b8394c3778f2df150d1437c8801
model.language_model.layers.4.mlp.experts.258.up_proj.weight	float8_e4m3fn	2048,4096	7c8112ffe1e47e2711f7a19a3ef17a1fa229bfb8b8213bc84b608ec048c64d57
model.language_model.layers.4.mlp.experts.258.up_proj.weight_scale_inv	float32	16,32	73f4ad4e1d2874689e2b3e0ce8de8985918899df80ab9221a8f37b00ba6225a1
model.language_model.layers.4.mlp.experts.259.down_proj.weight	float8_e4m3fn	4096,2048	d394c3d6d9f7ffcf452a7774a4d6aeb9e069455c471bafbbfa52c2ff4498a854
model.language_model.layers.4.mlp.experts.259.down_proj.weight_scale_inv	float32	32,16	405070f9c773c4067c2cc30492839f6e7574d69223f214a5ce69eebafafad4f3
model.language_model.layers.4.mlp.experts.259.gate_proj.weight	float8_e4m3fn	2048,4096	1d2500b4be813bc3306155c59aee686bc24db2631d7746ec65cd2b401fcaad9d
model.language_model.layers.4.mlp.experts.259.gate_proj.weight_scale_inv	float32	16,32	52d4face860b676ca30c3a3656d49949c64d5c0621d86c41c5ffd7521c3e091b
model.language_model.layers.4.mlp.experts.259.up_proj.weight	float8_e4m3fn	2048,4096	834d89e1de7bdd7d00d5d7be5ab03da3bdffd7092992f4bef66e022c9dbab0ae
model.language_model.layers.4.mlp.experts.259.up_proj.weight_scale_inv	float32	16,32	b9166eaf4f0175efec6a22748906b1802bb50b7936ad0af74956235e468ecb22
model.language_model.layers.4.mlp.experts.263.down_proj.weight	float8_e4m3fn	4096,2048	83d70e988dc6e6e5c466415a89f9063528fbb4b606e60985822a411eab50e6d3
model.language_model.layers.4.mlp.experts.263.down_proj.weight_scale_inv	float32	32,16	374692d6431fd36b1f00a0f5d2ff0abf5a2f84db4c56f2f8542bd07e405c4bdf
model.language_model.layers.4.mlp.experts.263.gate_proj.weight	float8_e4m3fn	2048,4096	16d8703bc9f9ec4b145b5f18d59b18e1b7a0af16ce83bdcfe7213946c18dcc49
model.language_model.layers.4.mlp.experts.263.gate_proj.weight_scale_inv	float32	16,32	f8716899f34e61a4cc394ce8b0018a6869b2161b0f0f8e98efd10ba5b8182405
model.language_model.layers.4.mlp.experts.263.up_proj.weight	float8_e4m3fn	2048,4096	27fee7d98a42a517e6a4d136dbc7b3cce4407a4a207d2a465b7edf6d1430c23d
model.language_model.layers.4.mlp.experts.263.up_proj.weight_scale_inv	float32	16,32	0fc6be1a89dffa4780f11439f9147e6ae361fd8df61e5a371e865ecaf99ea913
model.language_model.layers.4.mlp.experts.264.down_proj.weight	float8_e4m3fn	4096,2048	3302109d60146511cb97e350bc68a78a7739117810a3448b400370e3c6675c7c
model.language_model.layers.4.mlp.experts.264.down_proj.weight_scale_inv	float32	32,16	5f6aafcc28996dd0c3a1c6d409d95ce25d2cfb1d8751dc3b8aee297f160278cc
model.language_model.layers.4.mlp.experts.264.gate_proj.weight	float8_e4m3fn	2048,4096	84500dda377f72e78bf0c3a317d9d0c36fd447033a8b9b1bc58b3adcbe702d49
model.language_model.layers.4.mlp.experts.264.gate_proj.weight_scale_inv	float32	16,32	d5fc9d8775d25362acda653330ac7d2b1fbd77c482aff3d6fbf503a5954625cb
model.language_model.layers.4.mlp.experts.264.up_proj.weight	float8_e4m3fn	2048,4096	8b5a618f6e1e352197a55aebf002ab43260d307e35c45ff17000b9b92f4912c6
model.language_model.layers.4.mlp.experts.264.up_proj.weight_scale_inv	float32	16,32	e86841820f5a5f1a05644ed8002b84968ebb2beabccadb4320d84c1db3d33cec
model.language_model.layers.4.mlp.experts.265.down_proj.weight	float8_e4m3fn	4096,2048	af7374367baf601a99155787b355ef3ef43704214b5615cecafcd594b4376187
model.language_model.layers.4.mlp.experts.265.down_proj.weight_scale_inv	float32	32,16	5a90054dfa4665fa695d17163fe483161115618e8e2f89eff712bcbd01b1aa86
model.language_model.layers.4.mlp.experts.265.gate_proj.weight	float8_e4m3fn	2048,4096	cd5da2bc6078efa2d713ac4a77b0afc674dd6ea2b449c4a311da0df38ac32564
model.language_model.layers.4.mlp.experts.265.gate_proj.weight_scale_inv	float32	16,32	141d2836b844cdd2cb58b64e5ada63e3954bd4acb3f4f583018fbf6438725288
model.language_model.layers.4.mlp.experts.265.up_proj.weight	float8_e4m3fn	2048,4096	f5925737ea08b496b717c1888e4b3ca63d119d7745f27d4db7bf22ed47272b52
model.language_model.layers.4.mlp.experts.265.up_proj.weight_scale_inv	float32	16,32	1703ab7ad79005fc7b3fddb10b563889e383936e7ede04bc10c2c58be8fe0567
model.language_model.layers.4.mlp.experts.267.down_proj.weight	float8_e4m3fn	4096,2048	f38501faeb7e120a2e030ae4d16f36ee42f235d1e2bb52bf6dc047145f0ca90c
model.language_model.layers.4.mlp.experts.267.down_proj.weight_scale_inv	float32	32,16	0afe4f217a0920eaf9b757ea3f1a51f9cadf8dd816bf051a8ab167e449f2f8a7
model.language_model.layers.4.mlp.experts.267.gate_proj.weight	float8_e4m3fn	2048,4096	dcd7aa9265db6d6d7dbdada8af6aa4b848936eafa64c94c69813b53f0eb116e5
model.language_model.layers.4.mlp.experts.267.gate_proj.weight_scale_inv	float32	16,32	f8b28a8af202d87e310d19e6a79ec402174bf16081b72e288de84140cd298149
model.language_model.layers.4.mlp.experts.267.up_proj.weight	float8_e4m3fn	2048,4096	d977e99ca8adf1f792650a9f454cb36757761d6616f8bfde834f7cabc3edff9d
model.language_model.layers.4.mlp.experts.267.up_proj.weight_scale_inv	float32	16,32	88ff34711db3ac85b066df6f7de45152edfff719ec1dbaf815c4f5a1bd1223fc
model.language_model.layers.4.mlp.experts.270.down_proj.weight	float8_e4m3fn	4096,2048	838ea053a9aeed3bcc5e3898b6dae0e470ad89198de91b9449a28ee2f8fa620c
model.language_model.layers.4.mlp.experts.270.down_proj.weight_scale_inv	float32	32,16	7849aa25985d8f18277d36194d1ebe327e7faad97d112f7a2287b0328599bbd8
model.language_model.layers.4.mlp.experts.270.gate_proj.weight	float8_e4m3fn	2048,4096	8d0df7c7da684928846bf8d3865621ab252204bb438af133193980227f7407f4
model.language_model.layers.4.mlp.experts.270.gate_proj.weight_scale_inv	float32	16,32	b2296a7ba929268a2c848f43acdc27ef429d6a5bfc3038325c23c544cf77029a
model.language_model.layers.4.mlp.experts.270.up_proj.weight	float8_e4m3fn	2048,4096	021ae4fb54eefff95d49922bfb6adb0388b5bc76f9ee14f701e2c8dd34f4b561
model.language_model.layers.4.mlp.experts.270.up_proj.weight_scale_inv	float32	16,32	a422881814df053fbb874bc728e50ff7b626fd70ff9fc1b0a12502d780342f85
model.language_model.layers.4.mlp.experts.271.down_proj.weight	float8_e4m3fn	4096,2048	5a869e1dd6c12f63073aae31e353211e4325e787c85b6a2ae44c8014e8c02d97
model.language_model.layers.4.mlp.experts.271.down_proj.weight_scale_inv	float32	32,16	975ba4494832452a15e250d26892d393a98e01e610092da76e1c4841fd54223e
model.language_model.layers.4.mlp.experts.271.gate_proj.weight	float8_e4m3fn	2048,4096	54a7ee73c82d6e555f5d86266b9aeef6dca1ebfe50c574aab16af88ae42d1810
model.language_model.layers.4.mlp.experts.271.gate_proj.weight_scale_inv	float32	16,32	98255d31d8c20216d1b8275165e3632f8eda340a0f267425f6ccf4832eb5e21b
model.language_model.layers.4.mlp.experts.271.up_proj.weight	float8_e4m3fn	2048,4096	6bb85654e2f2062c47dc13aa28570fd2d8ff9a349c2a17b15dffa969abb64f18
model.language_model.layers.4.mlp.experts.271.up_proj.weight_scale_inv	float32	16,32	2ee6d92bc63d8b0dac3c74dde713256c44277b6a57d6b624bf168f0e0d158039
model.language_model.layers.4.mlp.experts.273.down_proj.weight	float8_e4m3fn	4096,2048	1601e0c1a8215f2cc6a6bc5166ce3042782e8692f05c80b2db4dde53a70d1b70
model.language_model.layers.4.mlp.experts.273.down_proj.weight_scale_inv	float32	32,16	564dc2db1eee1598eca7f588f2155a9f6d18c91d851e5d8e69ce82c706723fd4
model.language_model.layers.4.mlp.experts.273.gate_proj.weight	float8_e4m3fn	2048,4096	6ba3cf1315b9e74582b631b33ad62608ea285ccf2ffe9f2be09791c0d94d79c8
model.language_model.layers.4.mlp.experts.273.gate_proj.weight_scale_inv	float32	16,32	9a1959161d10e7a31c0608ab85df643782b352aa30107c600ccf24abb5c16963
model.language_model.layers.4.mlp.experts.273.up_proj.weight	float8_e4m3fn	2048,4096	761414ab42ca330290e03dc5985c83f83a18c621b2c96ba9903fd6a9d1b8210d
model.language_model.layers.4.mlp.experts.273.up_proj.weight_scale_inv	float32	16,32	7deedcbb93958ade5801d4180156a32065dd30fcbcf95bf916c41cee341b2376
model.language_model.layers.4.mlp.experts.275.down_proj.weight	float8_e4m3fn	4096,2048	e8a4c33534c12af70f387484800a98d44ad1728056d0b1fd06278da98d696186
model.language_model.layers.4.mlp.experts.275.down_proj.weight_scale_inv	float32	32,16	f6d2ef9bec46106c86aee3a18ef14016c4c682e36dda27b8b3a435e04e9a01ef
model.language_model.layers.4.mlp.experts.275.gate_proj.weight	float8_e4m3fn	2048,4096	2482a0451dd5530a81e9a7c73afaa86847b7183a5237ee3bddefedc992f34036
model.language_model.layers.4.mlp.experts.275.gate_proj.weight_scale_inv	float32	16,32	563db972b779f497fd4fac05049b162a9e512b422f9e0680edbe7ea1aecc326e
model.language_model.layers.4.mlp.experts.275.up_proj.weight	float8_e4m3fn	2048,4096	34d87a23c268893951ff3a6274fb91514bad8674bc8c8b9910ca4ce99d4078fc
model.language_model.layers.4.mlp.experts.275.up_proj.weight_scale_inv	float32	16,32	eb7827a2325116f205eacc3ccc30ff32e6073beb29fe853f07c52603100fcacd
model.language_model.layers.4.mlp.experts.276.down_proj.weight	float8_e4m3fn	4096,2048	b3df81deffae44a749441c1f09385df48da0a8f5d8846d0fee713241212460b7
model.language_model.layers.4.mlp.experts.276.down_proj.weight_scale_inv	float32	32,16	d621084516448762a2545fb38db7e6f516dc87f7e2d51d1bd06f2e8c7a40d710
model.language_model.layers.4.mlp.experts.276.gate_proj.weight	float8_e4m3fn	2048,4096	5833c77e33bb8482aa8bd120cb15e19236e80527fca2cdd8c762b8c3463ed0fb
model.language_model.layers.4.mlp.experts.276.gate_proj.weight_scale_inv	float32	16,32	12a11d6eaf3958e0ecdfae4563216c63a6dbc05b00bb838547fc11e2be62c7b5
model.language_model.layers.4.mlp.experts.276.up_proj.weight	float8_e4m3fn	2048,4096	d0bc45db89377f573974901d4c8cd3bd8ba01d3df28d74c4598c265c97016249
model.language_model.layers.4.mlp.experts.276.up_proj.weight_scale_inv	float32	16,32	56c82137722406b2b69114dad46bbe51f8b779043dee2735f69c38119762b7ac
model.language_model.layers.4.mlp.experts.277.down_proj.weight	float8_e4m3fn	4096,2048	7f3984045e523c9b94e74fc283ad132982b68780a75ea34092ff366e417da8d9
model.language_model.layers.4.mlp.experts.277.down_proj.weight_scale_inv	float32	32,16	857e567ae5e5c44ddb161c0a597ce5625d36ce1d343e6c331f028b687cc90d8d
model.language_model.layers.4.mlp.experts.277.gate_proj.weight	float8_e4m3fn	2048,4096	042e1a5017c0b59db26df6f7417dc9f2a5b748c3de3a18bc2742065f83e36ae5
model.language_model.layers.4.mlp.experts.277.gate_proj.weight_scale_inv	float32	16,32	31aae5716e86c6f99a8ce43344eb996547e67cc600e8462564200f9687ae1696
model.language_model.layers.4.mlp.experts.277.up_proj.weight	float8_e4m3fn	2048,4096	1fb6074476b8da0d2542054aeb9fbdef16862b209dc16f3255d9e87cefbffd29
model.language_model.layers.4.mlp.experts.277.up_proj.weight_scale_inv	float32	16,32	1eef14b48b0052e91dc9629fe0bfdc156b8a0d76e33c3ebe1dc144c1c2a7102b
model.language_model.layers.4.mlp.experts.278.down_proj.weight	float8_e4m3fn	4096,2048	50f886e3b66b3b49eaedb55bc9622a7762874e0e163a70a1a1c5c9cefbba85bc
model.language_model.layers.4.mlp.experts.278.down_proj.weight_scale_inv	float32	32,16	df02c5dfe5547101f1fa2e961958edf5bda5d69d6b998b07aac4a0205abc7e89
model.language_model.layers.4.mlp.experts.278.gate_proj.weight	float8_e4m3fn	2048,4096	5014face3c5e1fe2cfc453a26d44e73e74474659283d8359504f045919720b99
model.language_model.layers.4.mlp.experts.278.gate_proj.weight_scale_inv	float32	16,32	ee94e16bc78225a4f222dfc19c7c1e7dd4a7460a9dad5514d6e9fecb4e8dbd01
model.language_model.layers.4.mlp.experts.278.up_proj.weight	float8_e4m3fn	2048,4096	c259af5ec2a3271ddc63e42e54150b56eee3fecf7b5a780045c0d500c6ed2411
model.language_model.layers.4.mlp.experts.278.up_proj.weight_scale_inv	float32	16,32	d6cb3a989c108acdb893c20c9917d91b771327b166696b1d0b962e6a7045dcfe
model.language_model.layers.4.mlp.experts.28.down_proj.weight	float8_e4m3fn	4096,2048	79ea7baf19cd96b4fd3c02fa7b684bd01fcee8946ecc3ce087fda3b5b2f24a62
model.language_model.layers.4.mlp.experts.28.down_proj.weight_scale_inv	float32	32,16	4207389183e7aed357757007e5e93118fd467539a1aae48c092707a750dd42d5
model.language_model.layers.4.mlp.experts.28.gate_proj.weight	float8_e4m3fn	2048,4096	16510fcc65a3dd3cfaedcd2bf4a766ca04e6a3c1eb1b8e2fa01678800697ff25
model.language_model.layers.4.mlp.experts.28.gate_proj.weight_scale_inv	float32	16,32	4c8fc165f1730709e1a9bd443d2f088d9e4f115f1a8840c80a0ed9e7abc2ce65
model.language_model.layers.4.mlp.experts.28.up_proj.weight	float8_e4m3fn	2048,4096	a827c11e2ca9b97f0fd831de3e6f43de091096cf2667972f1828fa21292d147a
model.language_model.layers.4.mlp.experts.28.up_proj.weight_scale_inv	float32	16,32	6b12a3e5ae6335dca5ca37823f4947cb50ef1cf1457e5ed611b3009afd50e7e3
model.language_model.layers.4.mlp.experts.280.down_proj.weight	float8_e4m3fn	4096,2048	4f4438e94a9422b219d910b45893630294148bf730a32e4d280ccb152f92b39e
model.language_model.layers.4.mlp.experts.280.down_proj.weight_scale_inv	float32	32,16	7b77e34902f6de53e6293adb90576bb91e206e17680215b1d241062e04631163
model.language_model.layers.4.mlp.experts.280.gate_proj.weight	float8_e4m3fn	2048,4096	537cfd2fc28b0d6182223086363a32aa641c7de1388c382ad8a9c0582c1ddc4c
model.language_model.layers.4.mlp.experts.280.gate_proj.weight_scale_inv	float32	16,32	41345407ba53b6f5e2cbec32455ed7db824d046792bc40fbd75b0e759c73de29
model.language_model.layers.4.mlp.experts.280.up_proj.weight	float8_e4m3fn	2048,4096	828b4db5b6edede41173d9dba41479cb1bdc5f12e52c35bba635b47a206ac38e
model.language_model.layers.4.mlp.experts.280.up_proj.weight_scale_inv	float32	16,32	8f640235801203d179d91f921a36f25c89ffda2707dd6094a40da3d14b442664
model.language_model.layers.4.mlp.experts.281.down_proj.weight	float8_e4m3fn	4096,2048	d159fbe58d7e944eb90bb67ed883b8029e0b4b06ddb868c6fd4e922a3f65a69f
model.language_model.layers.4.mlp.experts.281.down_proj.weight_scale_inv	float32	32,16	ba4bca5c91172c813bb516d3e96c37ec47e9128dfff1268e1e43e56243b68922
model.language_model.layers.4.mlp.experts.281.gate_proj.weight	float8_e4m3fn	2048,4096	e92f904700e487be7db6b3c6dbf0e82c2965b05faefc960b8e63abfd542c5aeb
model.language_model.layers.4.mlp.experts.281.gate_proj.weight_scale_inv	float32	16,32	5c5e76d110c47f477ae4cff6b332b6c8a73fa52e57a01d95948638592c2d8f37
model.language_model.layers.4.mlp.experts.281.up_proj.weight	float8_e4m3fn	2048,4096	5cbcf6e643d29b44111d024b1d818a93cecabe09bc9585396fa8e4057c30988c
model.language_model.layers.4.mlp.experts.281.up_proj.weight_scale_inv	float32	16,32	68dcd0a87db392bdd54c072232c5e73bf0727f4678dd049f75614569641f759d
model.language_model.layers.4.mlp.experts.282.down_proj.weight	float8_e4m3fn	4096,2048	627c895f941735e8cb59f35c59e459b03862e2e6649761971d5d4c1b4bc3df58
model.language_model.layers.4.mlp.experts.282.down_proj.weight_scale_inv	float32	32,16	aee23eee61d8876ec943a4617bf71e494f9943668f159c5b69e26fe3deda53d3
model.language_model.layers.4.mlp.experts.282.gate_proj.weight	float8_e4m3fn	2048,4096	ef0a8fe663d21427c12934bfe6e252b42f16c97a4e03f949c7c2b5892089210d
model.language_model.layers.4.mlp.experts.282.gate_proj.weight_scale_inv	float32	16,32	a6c54d1585ff21bbe20dfc9a18077892a111f95d681caf1dd92abec7482e3ae0
model.language_model.layers.4.mlp.experts.282.up_proj.weight	float8_e4m3fn	2048,4096	3ea407876320e36c2697f1f29a1ee3f79a1c810b7fd3637f52c746c3c260e13a
model.language_model.layers.4.mlp.experts.282.up_proj.weight_scale_inv	float32	16,32	75907bac19ad53cc6e8fba1ca96b71fa30f794dc7b7c129686e45a710e5a8365
model.language_model.layers.4.mlp.experts.284.down_proj.weight	float8_e4m3fn	4096,2048	28ae7b744fe4f11edfb653cdbaae75a0a9bdb09e680b625d739f4b840bdaaafe
model.language_model.layers.4.mlp.experts.284.down_proj.weight_scale_inv	float32	32,16	b72412876b7dcd3dc6e1295db38789e8ee7c3cf47c3b194efee53e713c4c6e4b
model.language_model.layers.4.mlp.experts.284.gate_proj.weight	float8_e4m3fn	2048,4096	913efdf2562b33d903c4c034c4f2eeed51a44c1cd530dea5b59f06bb8e2b2f7e
model.language_model.layers.4.mlp.experts.284.gate_proj.weight_scale_inv	float32	16,32	796d379fcdd7d6511f2a854511f76401db6a225e7b0ad3de17fac1768aa5957b
model.language_model.layers.4.mlp.experts.284.up_proj.weight	float8_e4m3fn	2048,4096	1ae33e6060b88408421e7729f36d276db950541b7a04b11fb035b96751ae9c2c
model.language_model.layers.4.mlp.experts.284.up_proj.weight_scale_inv	float32	16,32	66b9da6cd8d278ca64a2661bfc611d9f474684ef5351ca3d4d5309f90e011eb6
model.language_model.layers.4.mlp.experts.285.down_proj.weight	float8_e4m3fn	4096,2048	a05c7844b0bd1a5b50d11e5a6b6fc8fc1008416bcc34576be669fe2d80234e80
model.language_model.layers.4.mlp.experts.285.down_proj.weight_scale_inv	float32	32,16	37877a6c844f711f79919976f46d6a0897406069320112021adc146e1b48ae64
model.language_model.layers.4.mlp.experts.285.gate_proj.weight	float8_e4m3fn	2048,4096	978f23de4680169b0237a6824f327853a0aa71c1f25e218344de28f4ba58b1b7
model.language_model.layers.4.mlp.experts.285.gate_proj.weight_scale_inv	float32	16,32	a492e26b7bc4bd278537a308744e0c65190a9271643979a98b3c0243b5d9f23e
model.language_model.layers.4.mlp.experts.285.up_proj.weight	float8_e4m3fn	2048,4096	944dcee4ed5660780b819ad031d250a5e509b6e91bf07dfb747afb439db3a56f
model.language_model.layers.4.mlp.experts.285.up_proj.weight_scale_inv	float32	16,32	4ca0befbf326369b26a058f36aef29bdcec74b265d5b255f0b13e4f64029658b
model.language_model.layers.4.mlp.experts.286.down_proj.weight	float8_e4m3fn	4096,2048	4d154e9ac0a3975eea80cacaf3adb02d81075cad1b5d6dbed533a047f936aa6e
model.language_model.layers.4.mlp.experts.286.down_proj.weight_scale_inv	float32	32,16	c02b0d78c67f52949252b75ae965d1528e14c01afd3ff6c69a2251f94abf6418
model.language_model.layers.4.mlp.experts.286.gate_proj.weight	float8_e4m3fn	2048,4096	3e961f7c3d002843361040460fa46904852f592f87defa2a3926e0f7a815b3cd
model.language_model.layers.4.mlp.experts.286.gate_proj.weight_scale_inv	float32	16,32	d62fe8ff27763e3ce33d1ad10e2d8f5790ec0c0ae9af8dbd89ee64f6bbc7aea8
model.language_model.layers.4.mlp.experts.286.up_proj.weight	float8_e4m3fn	2048,4096	d6af78caa1dd14e127287e226b4e7d90857178b5c5289c1cf99f628fde7bc01b
model.language_model.layers.4.mlp.experts.286.up_proj.weight_scale_inv	float32	16,32	ad9bae719601b21ed75386e83973bd85e7bd47d11841d63371e3e0da2967c71a
model.language_model.layers.4.mlp.experts.287.down_proj.weight	float8_e4m3fn	4096,2048	5900b9a957421d264613247b525fe0b6d600a0a18508200dea963f41ed933496
model.language_model.layers.4.mlp.experts.287.down_proj.weight_scale_inv	float32	32,16	d31120041ea273bcbea2f2a1b5ab110144e00901572f7e2d60090953c1b7ad24
model.language_model.layers.4.mlp.experts.287.gate_proj.weight	float8_e4m3fn	2048,4096	6c62b8fada3aebb79aa28b5bff8974a817a0a070df2f04cbbf68315014e3c7ee
model.language_model.layers.4.mlp.experts.287.gate_proj.weight_scale_inv	float32	16,32	a93eef25c8135ecd0797622a48295cff9fc3cf551cd50e1f5bf71d96f53cbe78
model.language_model.layers.4.mlp.experts.287.up_proj.weight	float8_e4m3fn	2048,4096	05a4a7e66c4d0fb250e0b8cc31b50fbdf078eeea16e04edba0462eb42db1c27a
model.language_model.layers.4.mlp.experts.287.up_proj.weight_scale_inv	float32	16,32	a9ebf8aac1565cc077f2d3b91eccd251436b718cadd53e2cd325d368958cdc71
model.language_model.layers.4.mlp.experts.29.down_proj.weight	float8_e4m3fn	4096,2048	88cc9f13e83962c18ab3a87a7aece0998b86617f2d734dd2ebf5a9f613b55fce
model.language_model.layers.4.mlp.experts.29.down_proj.weight_scale_inv	float32	32,16	6b7f4a2f4031ea8d476594b8712005be136d39ff3ba03d2ff282ed9fa2edd1ed
model.language_model.layers.4.mlp.experts.29.gate_proj.weight	float8_e4m3fn	2048,4096	4e48aa6f39e17ccbcfc8d004c6201cba439b86fbd3ec66680e90f37c6749cc95
model.language_model.layers.4.mlp.experts.29.gate_proj.weight_scale_inv	float32	16,32	8eaa65b7aa7c4424334ac0961a43868d32388ea18b6c5988875417ced9368e47
model.language_model.layers.4.mlp.experts.29.up_proj.weight	float8_e4m3fn	2048,4096	3268c719be51463580db77fdc9c11331ebda4dbb5f6c427f0751f7baad0c8a9f
model.language_model.layers.4.mlp.experts.29.up_proj.weight_scale_inv	float32	16,32	cdf5aaa1476daaa68a3ea70b73550edd46f6de02e9e09f4b81439e1e7daf538b
model.language_model.layers.4.mlp.experts.30.down_proj.weight	float8_e4m3fn	4096,2048	006496c81fa7d289544a2f97224b75a7494a898c68492fc3f914cce52ae27257
model.language_model.layers.4.mlp.experts.30.down_proj.weight_scale_inv	float32	32,16	36d12e8dde779f5785ac6c6fbe24febd49e3d84538d55b3cdb8f3a0a338d1d9f
model.language_model.layers.4.mlp.experts.30.gate_proj.weight	float8_e4m3fn	2048,4096	55ba4312c69ec7ee6f8137a80b88c8a1d084728f101d219bf21d5af477dcf9f1
model.language_model.layers.4.mlp.experts.30.gate_proj.weight_scale_inv	float32	16,32	257ca2796ba31b733eb724cc427fb4026264490188732a014cb005b68e22832f
model.language_model.layers.4.mlp.experts.30.up_proj.weight	float8_e4m3fn	2048,4096	c732eb61a759f13e6553e371afde4ea927abf7b0c84fae3c589b7b7da1918cdb
model.language_model.layers.4.mlp.experts.30.up_proj.weight_scale_inv	float32	16,32	f72f493d90e0aeb13feda333f46aff812cea381aeabe422fd8acf338875fab65
model.language_model.layers.4.mlp.experts.32.down_proj.weight	float8_e4m3fn	4096,2048	85f2b66709f7af60e9eb53194b80762bd0615ba8258952bc2a3322693203f14c
model.language_model.layers.4.mlp.experts.32.down_proj.weight_scale_inv	float32	32,16	0dae2303d3586e1ff0e176898a42ac1f4f1845e0eaf2566fd45bb70780a7e269
model.language_model.layers.4.mlp.experts.32.gate_proj.weight	float8_e4m3fn	2048,4096	842d2341c6b97c3b051b492599f936549c797820df4a3820a6abad78f0048a5f
model.language_model.layers.4.mlp.experts.32.gate_proj.weight_scale_inv	float32	16,32	2685d4c01bba87249170ab9d9aec75515094aac6106744409f943506efa21c92
model.language_model.layers.4.mlp.experts.32.up_proj.weight	float8_e4m3fn	2048,4096	2de10d32654572e643db5df349ecfb59d542efe2d324d6662958c07b92b8377a
model.language_model.layers.4.mlp.experts.32.up_proj.weight_scale_inv	float32	16,32	67be10dc41ae8337924643d15c097c2eabae317684e8ab6ed33b1522d2f567ed
model.language_model.layers.4.mlp.experts.33.down_proj.weight	float8_e4m3fn	4096,2048	dfee427a68896446341696114c0f7b0451a85c155a0679cacadfc91ae01a4350
model.language_model.layers.4.mlp.experts.33.down_proj.weight_scale_inv	float32	32,16	9c568233c4ecc940855b4b3a9611e13fe9060a2b7ff3c330ebbb7691fa78baae
model.language_model.layers.4.mlp.experts.33.gate_proj.weight	float8_e4m3fn	2048,4096	60b247cd4b15c35197f853a5d5351fa074387369396c89306dff1e3d9bf42f52
model.language_model.layers.4.mlp.experts.33.gate_proj.weight_scale_inv	float32	16,32	10e2648e845648500e6cf5c363bd2354921632346c28891d2537ed65667fc5bb
model.language_model.layers.4.mlp.experts.33.up_proj.weight	float8_e4m3fn	2048,4096	f86c6ba7d9eada211ca95abfe343ec039697fbcf0a5f7ec4ed6d855b0ec4e826
model.language_model.layers.4.mlp.experts.33.up_proj.weight_scale_inv	float32	16,32	0a1b68b085f4355cbde973af74ed25b04736cfc8eec7bd6d3bba2bb9eb1e6092
model.language_model.layers.4.mlp.experts.36.down_proj.weight	float8_e4m3fn	4096,2048	c92fea1d284a9803ea44cbe298e69b59a202fd9fb5147d85228265746c328721
model.language_model.layers.4.mlp.experts.36.down_proj.weight_scale_inv	float32	32,16	e881bdc7e29d661b099f9462aa3d8dc3c83d61bc9d9d5e0464ec680e41e0f291
model.language_model.layers.4.mlp.experts.36.gate_proj.weight	float8_e4m3fn	2048,4096	9992bcce00d1ac1db835e1d5b5758df10ae27861ee196a671095bb07f7888754
model.language_model.layers.4.mlp.experts.36.gate_proj.weight_scale_inv	float32	16,32	5704220a32d82308531162783bcb68ed657a21b4a97be00c467bec179f9e5ec2
model.language_model.layers.4.mlp.experts.36.up_proj.weight	float8_e4m3fn	2048,4096	1cb0e3200e0ecfd51699d776d46adf480f85a43944f506947daae89deb7b640d
model.language_model.layers.4.mlp.experts.36.up_proj.weight_scale_inv	float32	16,32	1f2b73550b97449a6a26d3cb00def45d323e385a8467cc871a8572ce64bf124a
model.language_model.layers.4.mlp.experts.38.down_proj.weight	float8_e4m3fn	4096,2048	462048b94c54cb7bb681be9b278722d22d66ce25c429e52649a41555eb26125d
model.language_model.layers.4.mlp.experts.38.down_proj.weight_scale_inv	float32	32,16	e3377e3fa48f9ba69342fe33755f15109687f41ed37310b0d36775f668458d1d
model.language_model.layers.4.mlp.experts.38.gate_proj.weight	float8_e4m3fn	2048,4096	8d626ae9f3a3a92e6252fe73118b05b5cf5f4506cef6d286934392be0bd8f129
model.language_model.layers.4.mlp.experts.38.gate_proj.weight_scale_inv	float32	16,32	1cbf6a9cd59403462687d55cd58d720e84f60bf2c6b63902d79902b92d2e6a5d
model.language_model.layers.4.mlp.experts.38.up_proj.weight	float8_e4m3fn	2048,4096	0a60f8a883631dae4383bbbde24106f53019e8b0f7b722f7bb4fc6f26f5a9a96
model.language_model.layers.4.mlp.experts.38.up_proj.weight_scale_inv	float32	16,32	bf1f33eeceafbc54fa2a949cfa58f653dfcc640bde381b5c9f2fb124d5e4098e
model.language_model.layers.4.mlp.experts.40.down_proj.weight	float8_e4m3fn	4096,2048	ae23092841dd3b5f3ee3911660da07be9b460d52cef3393bb70708e86442fabc
model.language_model.layers.4.mlp.experts.40.down_proj.weight_scale_inv	float32	32,16	7384c4aeaec8d8121afbee817690974aed084771ccb781a766bda15b6838385d
model.language_model.layers.4.mlp.experts.40.gate_proj.weight	float8_e4m3fn	2048,4096	c5a8434ea039ed723d0aea1e2c98dfe669145f1fe66e73b7f11f39bc8afd4108
model.language_model.layers.4.mlp.experts.40.gate_proj.weight_scale_inv	float32	16,32	74b58d3a62a08002d2ef90b967dbf5603e145a18550957393ab8d48f3d78834f
model.language_model.layers.4.mlp.experts.40.up_proj.weight	float8_e4m3fn	2048,4096	d107dae57854b7637339a22761139e7f21643328151abfcfe1b605e622ccfa8a
model.language_model.layers.4.mlp.experts.40.up_proj.weight_scale_inv	float32	16,32	7d2ed0276b7e4e7126295b3939940bb28e240ed7a125c2d99dbdbca2d726c9a7
model.language_model.layers.4.mlp.experts.43.down_proj.weight	float8_e4m3fn	4096,2048	e0ae74b6263b7b303e3cd87bca9cb8769f27eeda7e21f131fcbf0d4b59e52724
model.language_model.layers.4.mlp.experts.43.down_proj.weight_scale_inv	float32	32,16	496588c5174984807aa35c373e4497abdd985456a8f375bbd71254b8d2fed144
model.language_model.layers.4.mlp.experts.43.gate_proj.weight	float8_e4m3fn	2048,4096	ae0e5375720ee8994ac411f95b10882d38f5651d1aaea1c0d8fcfb1165d5ee0f
model.language_model.layers.4.mlp.experts.43.gate_proj.weight_scale_inv	float32	16,32	0244778d621f666d2f84c639606d4fc783be614ad9803f7c50ef9a36469b7297
model.language_model.layers.4.mlp.experts.43.up_proj.weight	float8_e4m3fn	2048,4096	22dab0801b12063005b6afe4cad4a93b5870a067016aba4ef6a08721a2415658
model.language_model.layers.4.mlp.experts.43.up_proj.weight_scale_inv	float32	16,32	20c87382018af6b05685cda72517029250a5e4b7f55561bbac436062c92029f4
model.language_model.layers.4.mlp.experts.45.down_proj.weight	float8_e4m3fn	4096,2048	2b93500fdcdad21e39a7ad9db611bbf2d5d046a05a7164242a55ef405ac0b34f
model.language_model.layers.4.mlp.experts.45.down_proj.weight_scale_inv	float32	32,16	fc73e7d2769d154b6f5143719970552a5479a974a0e5c3356259a2c885de8cea
model.language_model.layers.4.mlp.experts.45.gate_proj.weight	float8_e4m3fn	2048,4096	a1677535427c3c90f20bd53c59ea5d9e8d0102a38bc1447cf88e4b0deef88980
model.language_model.layers.4.mlp.experts.45.gate_proj.weight_scale_inv	float32	16,32	c81a25ca27675cc877fe6857969b22e8f8dafafc93e915ef05fa1a24f6b3f6ab
model.language_model.layers.4.mlp.experts.45.up_proj.weight	float8_e4m3fn	2048,4096	69e3a94a60ddd2d0126eaebf5ab5d878686e703519c56101fbab74dd75f9e079
model.language_model.layers.4.mlp.experts.45.up_proj.weight_scale_inv	float32	16,32	c9d1f6ca95ffc53719727ba9ea2f69f1d524877c85280d97e5ce6e1911fb3306
model.language_model.layers.4.mlp.experts.46.down_proj.weight	float8_e4m3fn	4096,2048	c346d529f261757aea71b616b21bf362fdce8165ba7ddcd243e403859227c979
model.language_model.layers.4.mlp.experts.46.down_proj.weight_scale_inv	float32	32,16	cfed76f8f7c2a426a870ecc09d05bd9db750db169fb45eb4d212dc5a001e4726
model.language_model.layers.4.mlp.experts.46.gate_proj.weight	float8_e4m3fn	2048,4096	2d52bef1fec7e751c2fc427a0ea745ba9467ae7348e2b570a9aa5e55066a03b0
model.language_model.layers.4.mlp.experts.46.gate_proj.weight_scale_inv	float32	16,32	b6bc54799ec437d2d3c4e5794193627b41c2ff67bc856ffdb6e543085ea60478
model.language_model.layers.4.mlp.experts.46.up_proj.weight	float8_e4m3fn	2048,4096	ebc93a12fa5c8ba2c5362bbcfb34e75bd973589e639603ec7246b1b4d7b9f3ab
model.language_model.layers.4.mlp.experts.46.up_proj.weight_scale_inv	float32	16,32	de85167fe87d1653c9caa19236e25a7fd1baa5d7ff8ea9a459a21ea3a603ccca
model.language_model.layers.4.mlp.experts.47.down_proj.weight	float8_e4m3fn	4096,2048	5bb63d21c4cd9a89eb9b3a95ff4bdd1d4beb89ddb8558821ed665c0361c8df49
model.language_model.layers.4.mlp.experts.47.down_proj.weight_scale_inv	float32	32,16	52c92cf4d4d2c0f8c4f7fda588edc3fce25d8895164c6e28571537602c28d08d
model.language_model.layers.4.mlp.experts.47.gate_proj.weight	float8_e4m3fn	2048,4096	7a9fc3218d50169b7fe67a72515be1f7b4b943ad2cd7bc270839d5c41104ae67
model.language_model.layers.4.mlp.experts.47.gate_proj.weight_scale_inv	float32	16,32	4e8aba91305de59190a5cab3a6a534ff6f59e7e2826e961182ec8bd20bc1109d
model.language_model.layers.4.mlp.experts.47.up_proj.weight	float8_e4m3fn	2048,4096	4eeb4bb875eb297cbf0f0f03e6a895da9e8902d313653851eae8d212c0b612a9
model.language_model.layers.4.mlp.experts.47.up_proj.weight_scale_inv	float32	16,32	4749fa0559701759282c95a5c4b754c1fdc6c904448370b461b900b83f752acf
model.language_model.layers.4.mlp.experts.49.down_proj.weight	float8_e4m3fn	4096,2048	a26c9cdeb41a76ef89ba7558aafab629a38cf97f24bc390a9aaa28bc805b4e29
model.language_model.layers.4.mlp.experts.49.down_proj.weight_scale_inv	float32	32,16	92d52f71782e8f2e53bb7449e67191720df15c436efb9ff93224669999bd335b
model.language_model.layers.4.mlp.experts.49.gate_proj.weight	float8_e4m3fn	2048,4096	1cbed03fe998085c1862a62dbdc10a5454a546a3c46dd2642c17755cadf09f93
model.language_model.layers.4.mlp.experts.49.gate_proj.weight_scale_inv	float32	16,32	7f8a37325dd03ddc6cee53088a02399286fd8ef7550790c780393fc2d0f9aa6c
model.language_model.layers.4.mlp.experts.49.up_proj.weight	float8_e4m3fn	2048,4096	2667bb4aee67cd2fb6898a5c4add014603ba4499a4356c086b16e6e8e62f76ee
model.language_model.layers.4.mlp.experts.49.up_proj.weight_scale_inv	float32	16,32	c5156d0e9a99a40e6abeb372f23b46e55fb2fcf07d5bce3d544ca2501f12c7c9
model.language_model.layers.4.mlp.experts.50.down_proj.weight	float8_e4m3fn	4096,2048	a5af4f661bc35012f5f36548bee73279be34484420aa8136a68f831937d7b9dc
model.language_model.layers.4.mlp.experts.50.down_proj.weight_scale_inv	float32	32,16	8928c2b7b9cf9d0f0f910d2c50820e4dcf588568b0488148a331ad9351e4b6d3
model.language_model.layers.4.mlp.experts.50.gate_proj.weight	float8_e4m3fn	2048,4096	50da9493f6ff2d8d690047055490b957101e9ff69138c8a8e1e6de1b95c6ef1f
model.language_model.layers.4.mlp.experts.50.gate_proj.weight_scale_inv	float32	16,32	4741bb27d37d3e45d09908de041349a52cb7b3ba4d3fab81cf8d46417f656855
model.language_model.layers.4.mlp.experts.50.up_proj.weight	float8_e4m3fn	2048,4096	0b8f77d4d0ce3352434871e65ad40781701cfdb386d9915031c2d49ff4d41ec7
model.language_model.layers.4.mlp.experts.50.up_proj.weight_scale_inv	float32	16,32	3d1111f63a36d171021ad8f6a2c1fd52b8f5e815a8194af877e82ad9d4209679
model.language_model.layers.4.mlp.experts.51.down_proj.weight	float8_e4m3fn	4096,2048	71de12b9e10891f4652bc9597aaf785f6b973dd8df2c5341b55fd1ea332ccafa
model.language_model.layers.4.mlp.experts.51.down_proj.weight_scale_inv	float32	32,16	e06797ec0c0c7ce283c7a1cf5248dc33ea28f022237e1e46ee153e895dd82b19
model.language_model.layers.4.mlp.experts.51.gate_proj.weight	float8_e4m3fn	2048,4096	d3002a30d3716c6fb4c75024c3c8fcecb2926e5dd0448773b28179f779c5874b
model.language_model.layers.4.mlp.experts.51.gate_proj.weight_scale_inv	float32	16,32	bbd67ebcceb1e3988a974fc390ced64dde9f1aa5f5cbfc1f53c75f6e44f5e97c
model.language_model.layers.4.mlp.experts.51.up_proj.weight	float8_e4m3fn	2048,4096	6d3556398790a9106ce8af3ecedfbb6f3ca3ef3cba7050faa3f49cd18454e39b
model.language_model.layers.4.mlp.experts.51.up_proj.weight_scale_inv	float32	16,32	dea1c7e91f1cf958f1ba46373bef7673acfacf039766671189167f7f4de51704
model.language_model.layers.4.mlp.experts.52.down_proj.weight	float8_e4m3fn	4096,2048	54ece0e14361a9a2316c1a6f1a8e2980f9c0325b6506817c9d3b52a83b664892
model.language_model.layers.4.mlp.experts.52.down_proj.weight_scale_inv	float32	32,16	cf8581392b20fa469e6c98d501e3aa743d6d435256ea2613bfc1a72ba750b67e
model.language_model.layers.4.mlp.experts.52.gate_proj.weight	float8_e4m3fn	2048,4096	c49a83ec6a07d8b458f0c4ef16403a10e4041d5d2a67c69333499c402b7d98c5
model.language_model.layers.4.mlp.experts.52.gate_proj.weight_scale_inv	float32	16,32	a2c781239b2806a1c6e214fc954322ad964e474e4f71fcc29d38ac47f4eb12f6
model.language_model.layers.4.mlp.experts.52.up_proj.weight	float8_e4m3fn	2048,4096	b30f59f8078e380ec6d3f1597b57a39cdde8a21120e4cffec5336455ba43cc64
model.language_model.layers.4.mlp.experts.52.up_proj.weight_scale_inv	float32	16,32	5f35d9cfc90168f1c9be1e341a13ac6e4ed881924b31690fd4171492d3740198
model.language_model.layers.4.mlp.experts.53.down_proj.weight	float8_e4m3fn	4096,2048	c77835c51946fcc047587980ac5ad50b63e5622b34b9240578ef551298b10e39
model.language_model.layers.4.mlp.experts.53.down_proj.weight_scale_inv	float32	32,16	2c4333818f3332971aa3c5da353296d8d26972a90bd440f79846e4320243e121
model.language_model.layers.4.mlp.experts.53.gate_proj.weight	float8_e4m3fn	2048,4096	4f04991f85d0441f9cc501503fdc362ad6eda941e7c78aab719f6f38d28ae7c4
model.language_model.layers.4.mlp.experts.53.gate_proj.weight_scale_inv	float32	16,32	5b76eee0711b511e6ba42d0f8e05d6b722f6f6348500e99171d13723e5229592
model.language_model.layers.4.mlp.experts.53.up_proj.weight	float8_e4m3fn	2048,4096	7a2981534e342776353fea300679652a86495141160610fb16cddf8c9e37cbe8
model.language_model.layers.4.mlp.experts.53.up_proj.weight_scale_inv	float32	16,32	2aaeb658572edab816b79b5fd81c378f7e401bd4f0c8c1fa084561ed31bf396b
model.language_model.layers.4.mlp.experts.55.down_proj.weight	float8_e4m3fn	4096,2048	7e46b84024a779f0856eef6bcb4872e61dbf38c6f94ea3bb501a9669b50f5b73
model.language_model.layers.4.mlp.experts.55.down_proj.weight_scale_inv	float32	32,16	429ccade75aa037f0c1762492410d441bc8902998a089563f787c6c27cea65b1
model.language_model.layers.4.mlp.experts.55.gate_proj.weight	float8_e4m3fn	2048,4096	3eb0d5fb2e88baabffaae52f9d829797cd2cd6efc7944069572285c394e0accf
model.language_model.layers.4.mlp.experts.55.gate_proj.weight_scale_inv	float32	16,32	dc611a7810628252d96e8e56d9d23ef9339232b0a5af8557e2e9815c71ac082e
model.language_model.layers.4.mlp.experts.55.up_proj.weight	float8_e4m3fn	2048,4096	00754b5672e3c2b9e1a89f542d650455479284b9b719386ce465fa74c181eb44
model.language_model.layers.4.mlp.experts.55.up_proj.weight_scale_inv	float32	16,32	2d9beed3d53b0e4de486d4392fbdadd06c5b3136dce0d59cbd07badbed19256a
model.language_model.layers.4.mlp.experts.57.down_proj.weight	float8_e4m3fn	4096,2048	9ea3f60f52a83af24325f021a55b0cec0d22de5698f917c0a1d3e78d27e6d5f2
model.language_model.layers.4.mlp.experts.57.down_proj.weight_scale_inv	float32	32,16	f2bd31c6677e1f66a85c1bb146539915525d99f07064b26aa19d67dbc2fa08a4
model.language_model.layers.4.mlp.experts.57.gate_proj.weight	float8_e4m3fn	2048,4096	71b6093af5c1229eaae9b963c36615872f455ad06f7309348650532e11b7ba7e
model.language_model.layers.4.mlp.experts.57.gate_proj.weight_scale_inv	float32	16,32	a99b87c4aad2af0baf9905c1844ac66fa7f774911a775cc00b0d1ddef245a514
model.language_model.layers.4.mlp.experts.57.up_proj.weight	float8_e4m3fn	2048,4096	b23d6e900062e6ec248e2a798593bab2fc5d217521fe0f5d7e15e3b58eb1f8ce
model.language_model.layers.4.mlp.experts.57.up_proj.weight_scale_inv	float32	16,32	6687120a47b0e25867c1210aad9dbe5552f523e23397a29087a96aad4b19a831
model.language_model.layers.4.mlp.experts.58.down_proj.weight	float8_e4m3fn	4096,2048	695b8367ada77fc57b69f82cce18dd55ce4466a388bd794466ed056a41733f40
model.language_model.layers.4.mlp.experts.58.down_proj.weight_scale_inv	float32	32,16	9ae637814249b395cc885a453bbe25b38ab696899195d482551fb98fe4749e14
model.language_model.layers.4.mlp.experts.58.gate_proj.weight	float8_e4m3fn	2048,4096	94b485c8a69ed5b24a24def6f01ca63001768f0019cba448e7555460a6230cd1
model.language_model.layers.4.mlp.experts.58.gate_proj.weight_scale_inv	float32	16,32	1a383abd85c419178c2e19b210841f56a5c465452f9816f0e8c4311b259fb58c
model.language_model.layers.4.mlp.experts.58.up_proj.weight	float8_e4m3fn	2048,4096	30c05a379c2b3b91697e5179563cdcd783b4de7b750ac3c0df03b49612043677
model.language_model.layers.4.mlp.experts.58.up_proj.weight_scale_inv	float32	16,32	558a8cf7f53862ac9e20fc6dc6538268fc43c713cb367195b7475ecfb9e7d30e
model.language_model.layers.4.mlp.experts.6.down_proj.weight	float8_e4m3fn	4096,2048	9dafbbc47b7889992bf895a02cc7807faf06fc3dacf1f354a3b8ac4b2b6e28e8
model.language_model.layers.4.mlp.experts.6.down_proj.weight_scale_inv	float32	32,16	9219447f26e10590e743c58190ea98a8d080129444aa5a7adf4abf9f25e6f2dd
model.language_model.layers.4.mlp.experts.6.gate_proj.weight	float8_e4m3fn	2048,4096	824f3ae715982c929c29c2ed5e6a5392dd38f1f8550e0e45be512be8f76bf039
model.language_model.layers.4.mlp.experts.6.gate_proj.weight_scale_inv	float32	16,32	ffcc58512ff8a5046ed0e864f503fbbf3a0048067815c3d29384d1012bee104c
model.language_model.layers.4.mlp.experts.6.up_proj.weight	float8_e4m3fn	2048,4096	e401e5ca2c7bd30973c553508af96d62eeeff041ac0814cc2c1929053fe10af5
model.language_model.layers.4.mlp.experts.6.up_proj.weight_scale_inv	float32	16,32	e19bbf24da6f32df3d32df42bd14f063321681dc97f782ce29abac55ed540194
model.language_model.layers.4.mlp.experts.60.down_proj.weight	float8_e4m3fn	4096,2048	16c0b0a0bfd41b91a1c3abbce38f07536bd5ab055e8dcf6cdbfe1b63d9777793
model.language_model.layers.4.mlp.experts.60.down_proj.weight_scale_inv	float32	32,16	a7a0c3a7ea4f9c3488e077de9e20bc45a8cc87d0a16c221f04f88d00965fd538
model.language_model.layers.4.mlp.experts.60.gate_proj.weight	float8_e4m3fn	2048,4096	108f204c56611e995fd94c3d5619928fe43c8b210fcbc93b83a22dcb128c1528
model.language_model.layers.4.mlp.experts.60.gate_proj.weight_scale_inv	float32	16,32	28c8c5a8f0efe99cd847bd361150b58d4452eac16f42864963bc0626883bf76c
model.language_model.layers.4.mlp.experts.60.up_proj.weight	float8_e4m3fn	2048,4096	3bfa6183b4fec4a4bcd85a7c5dd6799219ee798b13ff73e426137aef700d7b61
model.language_model.layers.4.mlp.experts.60.up_proj.weight_scale_inv	float32	16,32	12a7755977770f6ea3e59ca76a703947ac3ace705a7015a9066c8448091ae97a
model.language_model.layers.4.mlp.experts.61.down_proj.weight	float8_e4m3fn	4096,2048	9f6d4d13b26abd6d2c26afa93451616c1bbc55267aa09ad8e6ab817318f211ae
model.language_model.layers.4.mlp.experts.61.down_proj.weight_scale_inv	float32	32,16	23c6602bab92530318da1cf8e47b8b2c36382938fff4e7b650a110395ceafb05
model.language_model.layers.4.mlp.experts.61.gate_proj.weight	float8_e4m3fn	2048,4096	fb4d46f6ada1643ce374c1094394a38aa8c8d9f63788d0da99763a07ae6abd12
model.language_model.layers.4.mlp.experts.61.gate_proj.weight_scale_inv	float32	16,32	bc8e3572bb04804ceb26d057bde46a3cdaf4f474e8f299e85107f4ad29d714a3
model.language_model.layers.4.mlp.experts.61.up_proj.weight	float8_e4m3fn	2048,4096	e3edcbb6027af38cbfd8dbd3b01bc5aa72138e9dbfed7b09f9f313b805d4538e
model.language_model.layers.4.mlp.experts.61.up_proj.weight_scale_inv	float32	16,32	9309b56cd728c1795827cb343aa3b9328ba9b677bb08e98e3a16528cf9d42f2e
model.language_model.layers.4.mlp.experts.62.down_proj.weight	float8_e4m3fn	4096,2048	b4d24529cc26cb444422b69b274510caaa217e72fac010bc0a62f925f0d746aa
model.language_model.layers.4.mlp.experts.62.down_proj.weight_scale_inv	float32	32,16	d65cb7fdba63b7fa675b907deaeb3b4814693632bc034e6449876fb3a3ec3742
model.language_model.layers.4.mlp.experts.62.gate_proj.weight	float8_e4m3fn	2048,4096	011c754d8814ceb7e393e49df28b35ea1a64bfaeb9b176bba192e2cae636bf31
model.language_model.layers.4.mlp.experts.62.gate_proj.weight_scale_inv	float32	16,32	70d309ae7706787f6a195fd1214bb3f5e266f08eb1cc894c53636176e6990cc0
model.language_model.layers.4.mlp.experts.62.up_proj.weight	float8_e4m3fn	2048,4096	bff3d68a2529ade1d7f11bf04716b685d7bab7da5019f90353e58cdf1bc7898c
model.language_model.layers.4.mlp.experts.62.up_proj.weight_scale_inv	float32	16,32	5409d1a0cc92f9817a38ff9b4a02bfa43c5df44cef517039733437b89ce355cc
model.language_model.layers.4.mlp.experts.64.down_proj.weight	float8_e4m3fn	4096,2048	c6e0fd3761dcf5a8de8f00c0d64e4da0477d61a2db0f0771a33c721baa9bcc77
model.language_model.layers.4.mlp.experts.64.down_proj.weight_scale_inv	float32	32,16	fd3969be54b7270c5ef98cf3ccf7aaac56456f0ee060dcc83e807f2c562a164a
model.language_model.layers.4.mlp.experts.64.gate_proj.weight	float8_e4m3fn	2048,4096	83e064c96fd65101ac02f0a3a6c7e34a46db55cdf63ca55823473eac7dda5e5b
model.language_model.layers.4.mlp.experts.64.gate_proj.weight_scale_inv	float32	16,32	540adb88c17a0f46a56aeb1464d67ddaae254068dfae9d4694194ba8d427d542
model.language_model.layers.4.mlp.experts.64.up_proj.weight	float8_e4m3fn	2048,4096	c8ac1b35cdeb8ea8bfc25a8dc38d774b372bd71cc37b0f74e43a98e15b4e38b5
model.language_model.layers.4.mlp.experts.64.up_proj.weight_scale_inv	float32	16,32	33cfe6705b66c15430f41aef020f4c1b967dccc882e83c4f17a7432dc9c55835
model.language_model.layers.4.mlp.experts.66.down_proj.weight	float8_e4m3fn	4096,2048	5a6603f0ffbf97796c4d129d0aee1c366ca54dc6def1112aa14ecfc97427843f
model.language_model.layers.4.mlp.experts.66.down_proj.weight_scale_inv	float32	32,16	648cef8d4f77e7882fc8644b092ad371f0ee5f698191099153600bb122c2de1a
model.language_model.layers.4.mlp.experts.66.gate_proj.weight	float8_e4m3fn	2048,4096	c96a277256f7e96892931afb009a3c53e68d5956412d4895fb1f93518ebf4641
model.language_model.layers.4.mlp.experts.66.gate_proj.weight_scale_inv	float32	16,32	6b3b386c959fa90e72c0bfcef58d5658ea4e1665c320f02bb3aad9991e919060
model.language_model.layers.4.mlp.experts.66.up_proj.weight	float8_e4m3fn	2048,4096	daca177d835f78ac33aefb7968313e17160bb22b6995e9ff0ff4dfd2e2d77271
model.language_model.layers.4.mlp.experts.66.up_proj.weight_scale_inv	float32	16,32	bba753d30a7a8075064638e5ad2a06ec806f129a8550d943445a442e5b81a2ce
model.language_model.layers.4.mlp.experts.67.down_proj.weight	float8_e4m3fn	4096,2048	b37029eef1a3fbe800e3c11c4b72ee1001ecc93457d71ba0316d7b0dd233b3f5
model.language_model.layers.4.mlp.experts.67.down_proj.weight_scale_inv	float32	32,16	10f3d15ed5872089df6366c255eb5af099c571bbb7b7d91cda04989415b11955
model.language_model.layers.4.mlp.experts.67.gate_proj.weight	float8_e4m3fn	2048,4096	807b493ef866d0ef2aa851d06dfe4fe507ade46f73ce36e6ab99a00b51648dfd
model.language_model.layers.4.mlp.experts.67.gate_proj.weight_scale_inv	float32	16,32	e20276f9e4d241ecdb2ce03722bd8572b5d316ffb1521450f40eedc07b88d1f2
model.language_model.layers.4.mlp.experts.67.up_proj.weight	float8_e4m3fn	2048,4096	d970a05c307fad5872ece529a3e681d0e4ea400bfcd49eaae5c0248eaa0483cf
model.language_model.layers.4.mlp.experts.67.up_proj.weight_scale_inv	float32	16,32	37ea735c0168fd5f8a51afcf10d3da637d313952afba1663ae64b8ce1b8b0ef6
model.language_model.layers.4.mlp.experts.68.down_proj.weight	float8_e4m3fn	4096,2048	76cbb9e085faa7e8dc30f232c8d0edacd59abf3d15b15bc07b11937fa934c87f
model.language_model.layers.4.mlp.experts.68.down_proj.weight_scale_inv	float32	32,16	0a2b1e90c7b96d5a1ad1650abc3aaeab97c90b47110faafb3fde48d6c56a45f2
model.language_model.layers.4.mlp.experts.68.gate_proj.weight	float8_e4m3fn	2048,4096	1983990bc39ed0786f981a90e04ed7facdb1868aea5c88ea55ca5ccc64223a11
model.language_model.layers.4.mlp.experts.68.gate_proj.weight_scale_inv	float32	16,32	ca15d5bdbe7acf0979ff8bd63836ee6e174f996a81a26a9a95ef4039412ee108
model.language_model.layers.4.mlp.experts.68.up_proj.weight	float8_e4m3fn	2048,4096	8b0d7f0b06673d9187a9230a2d8844e44446b496cf41e5636555172a4aca8b44
model.language_model.layers.4.mlp.experts.68.up_proj.weight_scale_inv	float32	16,32	c4ea1b2303893c731bcfa1164c8c60a3d53cc5e4202d877e227989d39362725c
model.language_model.layers.4.mlp.experts.7.down_proj.weight	float8_e4m3fn	4096,2048	8223caaf9c9ef7ac678ef74346d65273737118c4c8ac082d49e672887efc21f1
model.language_model.layers.4.mlp.experts.7.down_proj.weight_scale_inv	float32	32,16	d079f3c7c477fb0c820e339bca8afb850a7901050a754099c5a5c4aeb3d7e5c7
model.language_model.layers.4.mlp.experts.7.gate_proj.weight	float8_e4m3fn	2048,4096	0ba1c88cf1e129d86a3d57785a9ea98ce327f710db3e3bf8d8a01caa10e4d26f
model.language_model.layers.4.mlp.experts.7.gate_proj.weight_scale_inv	float32	16,32	2d797f69304423537c51383ff7ddfa108cd8a484c2768932a48b9a9adfba20ff
model.language_model.layers.4.mlp.experts.7.up_proj.weight	float8_e4m3fn	2048,4096	78827719f0030206ca5eb661a1349493034e153a50d949a87d6f24d944357e3b
model.language_model.layers.4.mlp.experts.7.up_proj.weight_scale_inv	float32	16,32	13dc1b3b292ccbeb4e6f2117352d6f031cd1e0b4e4b624715d0a7e1b88d7783b
model.language_model.layers.4.mlp.experts.71.down_proj.weight	float8_e4m3fn	4096,2048	4e0491882cbc05b72a79176e8c817dfdebef364b79d744ac7eac71f7380db546
model.language_model.layers.4.mlp.experts.71.down_proj.weight_scale_inv	float32	32,16	079c4a9b6f71dbac56d36ebf6218ae6dc9010bf6985b916464a7438c27ca04ba
model.language_model.layers.4.mlp.experts.71.gate_proj.weight	float8_e4m3fn	2048,4096	4e19480cc678ef9b716b1a5abef2702415dd6298ab8b2b7ce5c323014fb29349
model.language_model.layers.4.mlp.experts.71.gate_proj.weight_scale_inv	float32	16,32	67355d3ce6fb9622c68c22d14636093cbc7100ab15ec2778817450398cc9b3cb
model.language_model.layers.4.mlp.experts.71.up_proj.weight	float8_e4m3fn	2048,4096	406592a08779d014a2aa9eb0bd806b03767c8a5b48800dedad897399e29038db
model.language_model.layers.4.mlp.experts.71.up_proj.weight_scale_inv	float32	16,32	c7f69cbc6ec43c39b462647cf0ca8d5143c43113e5d58aebb4ff76690e63baed
model.language_model.layers.4.mlp.experts.72.down_proj.weight	float8_e4m3fn	4096,2048	51ac1c77d3751e43a379a0e3890734c478b514ec4fb295ea6c46b0366dc0dfa3
model.language_model.layers.4.mlp.experts.72.down_proj.weight_scale_inv	float32	32,16	d801b987bcdc7af93429cf58bd374124276eaf7723abeb086e4fc9896e2d1e27
model.language_model.layers.4.mlp.experts.72.gate_proj.weight	float8_e4m3fn	2048,4096	dadda77cd794c4ca66660119f345b0eefa70f3b5fe152c3542b00a25fd8eed8c
model.language_model.layers.4.mlp.experts.72.gate_proj.weight_scale_inv	float32	16,32	c3ba95b33b2a967838a3fe2efa1cc2c23251d6e795cef73bd3c2798a396dd5b4
model.language_model.layers.4.mlp.experts.72.up_proj.weight	float8_e4m3fn	2048,4096	d18f34d8f4cbf77b2695aeb233ed8abd883c93f6f8f5ddb541a21294ceaee4d0
model.language_model.layers.4.mlp.experts.72.up_proj.weight_scale_inv	float32	16,32	684112c9a30035b6f4ddb8ba3485b55cf6f04e70e236b52943dda7858db67cd6
model.language_model.layers.4.mlp.experts.74.down_proj.weight	float8_e4m3fn	4096,2048	dea943fe430fc767b5876f4d0c9ff6ef8bdccf0991bd71d3d7eb6a5ca7221c85
model.language_model.layers.4.mlp.experts.74.down_proj.weight_scale_inv	float32	32,16	f8a93ef81859e111a33bec27ccb1cd788114e5725d3f4509b314356d58b0a998
model.language_model.layers.4.mlp.experts.74.gate_proj.weight	float8_e4m3fn	2048,4096	fae84639810b5ba783df7f8a2b07f8f8a2a013c8f2ac8de3d1bd0c0d86f1d2d8
model.language_model.layers.4.mlp.experts.74.gate_proj.weight_scale_inv	float32	16,32	eee88448a05d43ffa4f50814c3642398987e8848cc7aefbd237cb359494b0701
model.language_model.layers.4.mlp.experts.74.up_proj.weight	float8_e4m3fn	2048,4096	69a40c9cb05d391d8fb127e0cd9ecfb1bf19ddd4a25928549ad0f6bfc099ceb8
model.language_model.layers.4.mlp.experts.74.up_proj.weight_scale_inv	float32	16,32	27de4be693acaa1ac5431229f3c1e11222205c99f0b836bcb97ee72950ffca6c
model.language_model.layers.4.mlp.experts.76.down_proj.weight	float8_e4m3fn	4096,2048	bc0908140c1a0a23cccf4fbd4b9e20f6596088b967fdcff340d0dd7641b64f8f
model.language_model.layers.4.mlp.experts.76.down_proj.weight_scale_inv	float32	32,16	f9c9a50fc14f2f2acf8af0515e9eaba369753fd6fb0a60f1ff72b7614e006d3d
model.language_model.layers.4.mlp.experts.76.gate_proj.weight	float8_e4m3fn	2048,4096	ccc817cdff89b8a6c21084989ed7bbb7c97d31ab579309d223e2922bf348671d
model.language_model.layers.4.mlp.experts.76.gate_proj.weight_scale_inv	float32	16,32	90735cc57dc7faa93155f277ba969067b08b09ab0c0f7e4c68b21014be4c702a
model.language_model.layers.4.mlp.experts.76.up_proj.weight	float8_e4m3fn	2048,4096	ec19b85e425cfa08ab89f5d9b2166e69d047b2c7e32ce0dd446d52b07e850500
model.language_model.layers.4.mlp.experts.76.up_proj.weight_scale_inv	float32	16,32	095ca203467e77a4513a748245c045e1314103db71f33fcaa4d5af6396e59b32
model.language_model.layers.4.mlp.experts.77.down_proj.weight	float8_e4m3fn	4096,2048	273512548cd074caf1bcde17bec641cb627a2498a057062c9e6c6ac0d576aa74
model.language_model.layers.4.mlp.experts.77.down_proj.weight_scale_inv	float32	32,16	ef36a48c62866c146e38220d9869bc2808e597fe64f861d830d3cdd6f76053a4
model.language_model.layers.4.mlp.experts.77.gate_proj.weight	float8_e4m3fn	2048,4096	be720330a47185b4e8a9449a122cc3810d4d52b917b16ebbe6bbe385a89f4234
model.language_model.layers.4.mlp.experts.77.gate_proj.weight_scale_inv	float32	16,32	40d0f6eff05c0753aa2a35c58fd92a979fc814c9341c73c154124538f125f12c
model.language_model.layers.4.mlp.experts.77.up_proj.weight	float8_e4m3fn	2048,4096	5cf7be649cbcdec91aa45ba8faec95a29ea54b21f72c2aa4948fcf5be1be4f1c
model.language_model.layers.4.mlp.experts.77.up_proj.weight_scale_inv	float32	16,32	d854307776a0874185d86a60aa7989662d431a2f7d63ffa55db4386c4363e055
model.language_model.layers.4.mlp.experts.78.down_proj.weight	float8_e4m3fn	4096,2048	c4272092cb1648d24c7dfce0dc3e7dccd1a54a4b612737d06a515b2128ab2579
model.language_model.layers.4.mlp.experts.78.down_proj.weight_scale_inv	float32	32,16	08a3f44c9387834dacfb523afe953124bc63d4449990abb5a7ea2ca12335ea80
model.language_model.layers.4.mlp.experts.78.gate_proj.weight	float8_e4m3fn	2048,4096	2a14a198810f6e27b9095a273d006b2afee90b741c4b1bfe74b6c64e265c60bb
model.language_model.layers.4.mlp.experts.78.gate_proj.weight_scale_inv	float32	16,32	cc0469a005f89221fb937372ebff52ce7acba84bab21e6d2d0db113cc9f9726b
model.language_model.layers.4.mlp.experts.78.up_proj.weight	float8_e4m3fn	2048,4096	90a9c0f37ca6812c9c573216b1e3e740326c13a6f36bf8264213cae3a07ca0f4
model.language_model.layers.4.mlp.experts.78.up_proj.weight_scale_inv	float32	16,32	2c55e644ad8bf63457b095cf37e386a6008251933e4fa3fa075d1747ca6ef2a0
model.language_model.layers.4.mlp.experts.79.down_proj.weight	float8_e4m3fn	4096,2048	04f97cb11875e8a5c17062052673e2aeb984f3033bec61e7151ce95c3f94381c
model.language_model.layers.4.mlp.experts.79.down_proj.weight_scale_inv	float32	32,16	705f7636fc661acff5f45a4ecfdcbfc9df387c9c28f645ccee32c858e822aae7
model.language_model.layers.4.mlp.experts.79.gate_proj.weight	float8_e4m3fn	2048,4096	003f7e953b0b5fa5eaeb392d9515619e5580ecf41a8030f18e8382781e0278c6
model.language_model.layers.4.mlp.experts.79.gate_proj.weight_scale_inv	float32	16,32	39432c862ee47851c83e52778881b77d4aa9dd8d6100fda1f14fb24f6b8feae8
model.language_model.layers.4.mlp.experts.79.up_proj.weight	float8_e4m3fn	2048,4096	38349a257a0fa960d8abcca0854cd26eed880e6c723eda81b6a326a5f28dbf3c
model.language_model.layers.4.mlp.experts.79.up_proj.weight_scale_inv	float32	16,32	cd2ccec26afe60005195c20b4b01d5a15f578e51717f1f4b6429035da9a97e1a
model.language_model.layers.4.mlp.experts.8.down_proj.weight	float8_e4m3fn	4096,2048	b42f0fd96354622d1ecf1a3008a0d215e0caaa24a47e11d96b2c0d544dd6151f
model.language_model.layers.4.mlp.experts.8.down_proj.weight_scale_inv	float32	32,16	09f23bae34442cf8bfbfc763e573932aa096db14c49a57d4aaa6b268b7c7f29c
model.language_model.layers.4.mlp.experts.8.gate_proj.weight	float8_e4m3fn	2048,4096	4dd1fc18c4908f7315f239b11e93296cf06ff54b7b9fb04b36b11e7a3358607c
model.language_model.layers.4.mlp.experts.8.gate_proj.weight_scale_inv	float32	16,32	f2a4b9cd67609189159f47473f99a2019f0080ea660c8f0cd14adf2d35437bd3
model.language_model.layers.4.mlp.experts.8.up_proj.weight	float8_e4m3fn	2048,4096	32d4797e918351edba15d9f36eb237a79d0fc7d96d0800791d293af551e77259
model.language_model.layers.4.mlp.experts.8.up_proj.weight_scale_inv	float32	16,32	c2fa6066e00de1459cfead060851eda2b4e0430171245ff2199187e88f9ebc1b
model.language_model.layers.4.mlp.experts.80.down_proj.weight	float8_e4m3fn	4096,2048	d8226bbabad191ae5651dc54f419e1f8eab6d1d5956fa9d0e63b3a4e8adb6b06
model.language_model.layers.4.mlp.experts.80.down_proj.weight_scale_inv	float32	32,16	7b6e470f3b789dd12cde2a77c41eb1e951fad859480dcac133f37378ee1e3469
model.language_model.layers.4.mlp.experts.80.gate_proj.weight	float8_e4m3fn	2048,4096	957ea72670f1b244c25641f8bcba4d16f0e67499334c6fdf89ee76ca987fcad8
model.language_model.layers.4.mlp.experts.80.gate_proj.weight_scale_inv	float32	16,32	49e240e219f85761bf8950109af87e66012da4f9d7c71745a9651ab2bac71538
model.language_model.layers.4.mlp.experts.80.up_proj.weight	float8_e4m3fn	2048,4096	348e6abb7066e8453adfa2f13a896b93bf1489bcd24bdb709aaaa708dfd59337
model.language_model.layers.4.mlp.experts.80.up_proj.weight_scale_inv	float32	16,32	5bf92abf57b5c1e1550d6187bf2c514dcd273aaf4fabf60f0dc2cc66dd38d150
model.language_model.layers.4.mlp.experts.81.down_proj.weight	float8_e4m3fn	4096,2048	e1c13ab485e80e6e596afd324714fd743e222b7d4f81c255bc8b8a942138502d
model.language_model.layers.4.mlp.experts.81.down_proj.weight_scale_inv	float32	32,16	4890b696cd200168ae565828e100a711e908d59a10236f4c6b097124892c8380
model.language_model.layers.4.mlp.experts.81.gate_proj.weight	float8_e4m3fn	2048,4096	5d70b251896a5c60d28ecc36267e38da9267f853749ced84ff85457e4b74ef81
model.language_model.layers.4.mlp.experts.81.gate_proj.weight_scale_inv	float32	16,32	4a6f7b792e6530aa2543e71c7f2ae70d8614ae5909d4b3719a731bfad1ec0d0d
model.language_model.layers.4.mlp.experts.81.up_proj.weight	float8_e4m3fn	2048,4096	1bdc6fbc4e6e11121c5f0d65b39d75e1e1976ff6842a19c5e7f1780f111be9cf
model.language_model.layers.4.mlp.experts.81.up_proj.weight_scale_inv	float32	16,32	9fc6ed60637f9d14429fed76f203e994b12a35d7dcb63a99720c28aff99ec7cd
model.language_model.layers.4.mlp.experts.82.down_proj.weight	float8_e4m3fn	4096,2048	65be30265b83dd75c76c034a0a97de500f77558986558f4e78df755de01895b3
model.language_model.layers.4.mlp.experts.82.down_proj.weight_scale_inv	float32	32,16	b6755372a69cceef014b61bb16093fb7c0c3e3e5cdde27552a0656ffbe6b4560
model.language_model.layers.4.mlp.experts.82.gate_proj.weight	float8_e4m3fn	2048,4096	bca54b41453afadd3d6fb3094fbb54a0ade5c848cb3db737efc04e5eef18bf65
model.language_model.layers.4.mlp.experts.82.gate_proj.weight_scale_inv	float32	16,32	6ebc0c41b322f691c4efa7a537881c06ad93160df47561c1c51f83b1342129cb
model.language_model.layers.4.mlp.experts.82.up_proj.weight	float8_e4m3fn	2048,4096	b603b4ebbabd1c6d12652d598accedb71f9adc93c6c84408d0e4fb88f3611bac
model.language_model.layers.4.mlp.experts.82.up_proj.weight_scale_inv	float32	16,32	5f731d0618fe07e8b76ad1ea3c2197c75d70587d5c2cb32a8716da42daa98d30
model.language_model.layers.4.mlp.experts.83.down_proj.weight	float8_e4m3fn	4096,2048	20879d407e59b59effbdfce776fc361f265c247afd5f790099bcf3d8de707975
model.language_model.layers.4.mlp.experts.83.down_proj.weight_scale_inv	float32	32,16	fcf037cf3bd7ddb1e424e149896ae8178d2965fd5af4c551ea401d3f9dcaf56b
model.language_model.layers.4.mlp.experts.83.gate_proj.weight	float8_e4m3fn	2048,4096	d78c689d586015fe6cb2973f2d8e0efc211e274d3e289f2256905ec8287a0a45
model.language_model.layers.4.mlp.experts.83.gate_proj.weight_scale_inv	float32	16,32	00dc6927b48f029e82a7520d779e3b192e22dc0b315f1b54a6e82ba36bc5ce95
model.language_model.layers.4.mlp.experts.83.up_proj.weight	float8_e4m3fn	2048,4096	6e5607c74ebc635e06cdf6ae21d8662400fde6d276784853621352399129fa79
model.language_model.layers.4.mlp.experts.83.up_proj.weight_scale_inv	float32	16,32	438d5ca218a1f05c4ac64936762358c06cfc0d626e81cf11f614879e18614bae
model.language_model.layers.4.mlp.experts.84.down_proj.weight	float8_e4m3fn	4096,2048	d3955b5d07f668ee3088626c468e165c1dc560373a7f5547bf7935c8ac3a869e
model.language_model.layers.4.mlp.experts.84.down_proj.weight_scale_inv	float32	32,16	f767a91f3548c64f946f4a7df2ace8a871cf47830fe235112739df09dfa4ead5
model.language_model.layers.4.mlp.experts.84.gate_proj.weight	float8_e4m3fn	2048,4096	4628c34ce580972c7674c845515b9b94f4027db6dbde97d946ec803f082baf17
model.language_model.layers.4.mlp.experts.84.gate_proj.weight_scale_inv	float32	16,32	bab9d374f722c166cd284cc3e508620c1a8db147e6ff987e580ab7fb99c19ce7
model.language_model.layers.4.mlp.experts.84.up_proj.weight	float8_e4m3fn	2048,4096	f9ce0caaf00b5c1b5a61be46f40790e23be6726602ad7e100b07bd4c3c344a0a
model.language_model.layers.4.mlp.experts.84.up_proj.weight_scale_inv	float32	16,32	313837a4421ab11bdccac2583ac7f8769bc0224ec00c95ae79307bf99117cff6
model.language_model.layers.4.mlp.experts.87.down_proj.weight	float8_e4m3fn	4096,2048	230728b380fbe2cd2905b50d31af54f363ac41a0344342671433a55463d27957
model.language_model.layers.4.mlp.experts.87.down_proj.weight_scale_inv	float32	32,16	1858642b0adc3a5276dcea417d38cd41c1c1ae13536d7d4f6859584cf6c89085
model.language_model.layers.4.mlp.experts.87.gate_proj.weight	float8_e4m3fn	2048,4096	0d97fd2a43cbbd8835267b4ac601b7455b22bb75f0f0dd5f3d31456ed1ffbae0
model.language_model.layers.4.mlp.experts.87.gate_proj.weight_scale_inv	float32	16,32	5a00ad3aa1648e3058f63bef29e37a91fbc91a94f3d4f95e3b1b58457c7d84ed
model.language_model.layers.4.mlp.experts.87.up_proj.weight	float8_e4m3fn	2048,4096	486f9a72585f4446ddff4daab1a0cc7e20ecd5836e97003479fb6fb3486e8aa0
model.language_model.layers.4.mlp.experts.87.up_proj.weight_scale_inv	float32	16,32	1d3f929280c3b4c50398e794059b1f26e10bf33eb5d40ae52832ff706af2ba8d
model.language_model.layers.4.mlp.experts.89.down_proj.weight	float8_e4m3fn	4096,2048	dcf0e07f102899fe7e17de6d83b7e2b45f749417d2832cb808f55854c52955e2
model.language_model.layers.4.mlp.experts.89.down_proj.weight_scale_inv	float32	32,16	780eb8f42a26e6c2218517fd2c54031f578d8f9ee748817a0c4930d19cc855fe
model.language_model.layers.4.mlp.experts.89.gate_proj.weight	float8_e4m3fn	2048,4096	1592cfb3b90156553391cc9509ee0b13aad8c0e0837a882de4d5f608bdd30191
model.language_model.layers.4.mlp.experts.89.gate_proj.weight_scale_inv	float32	16,32	d509356a9e4a360ab3d5d387d841ce7169139c7217c58107d23861ffb3af52c6
model.language_model.layers.4.mlp.experts.89.up_proj.weight	float8_e4m3fn	2048,4096	b56b002e206b24842ff96d27ed884b8e6373e47cf78cb4b47142a82c22992cbe
model.language_model.layers.4.mlp.experts.89.up_proj.weight_scale_inv	float32	16,32	375e4c7df26d4e347ffdc7f5c449fd8f7e1de35cf60de0ec212d83b3ea80ebc7
model.language_model.layers.4.mlp.experts.9.down_proj.weight	float8_e4m3fn	4096,2048	4b5813f7b4eed14b102ebbe4c6f60c5406b69199ac29a05894024874114f251f
model.language_model.layers.4.mlp.experts.9.down_proj.weight_scale_inv	float32	32,16	2335f1a6f7d1d845ac4214d0f1dfdb57b868f67b580bfda17abaa172c8f605e9
model.language_model.layers.4.mlp.experts.9.gate_proj.weight	float8_e4m3fn	2048,4096	7702ec967033d30f501f4a0927aad174bcb9370553cd7c22735d41a0a11de72b
model.language_model.layers.4.mlp.experts.9.gate_proj.weight_scale_inv	float32	16,32	a10a938dc3e367545f57942a697a06741809a597dcf551ff4489d18116f9277c
model.language_model.layers.4.mlp.experts.9.up_proj.weight	float8_e4m3fn	2048,4096	2074d2cfc9df0ca997e1dc27ef707193aa4dda42616311b68d6da462f1a55697
model.language_model.layers.4.mlp.experts.9.up_proj.weight_scale_inv	float32	16,32	a081cce0b75fc518f549062317c51e974fba21f406e8b95f32880c05a1d3088b
model.language_model.layers.4.mlp.experts.90.down_proj.weight	float8_e4m3fn	4096,2048	6ee7191cc5b7e93104b367a269cc432d9da54a5c8211a34d3f026e8f2a08be7c
model.language_model.layers.4.mlp.experts.90.down_proj.weight_scale_inv	float32	32,16	c2d3c3e19d08c26702c59fe817626b7ca2569023970559d5b9f38eac4b876345
model.language_model.layers.4.mlp.experts.90.gate_proj.weight	float8_e4m3fn	2048,4096	6a03fb3d7a3357b61ced8606477840f4883fec477ebea0ca2ebe71292b173eb9
model.language_model.layers.4.mlp.experts.90.gate_proj.weight_scale_inv	float32	16,32	9dd1647392baf47d2a13866aee71a94f1b58b83160930fca3b56d53ece9e376e
model.language_model.layers.4.mlp.experts.90.up_proj.weight	float8_e4m3fn	2048,4096	0b6e3899c96cc629a01b60d407d117cdc8adbfaf4d96081218217aec0f039d6f
model.language_model.layers.4.mlp.experts.90.up_proj.weight_scale_inv	float32	16,32	6c2640ca2337cba1582aeb4312d4e64bb90c95c77ab26b968fdd8578cb1b0f72
model.language_model.layers.4.mlp.experts.92.down_proj.weight	float8_e4m3fn	4096,2048	18b2e8851ae74487f39e2b88087dd95d5daafa06a56144cd985441038af10517
model.language_model.layers.4.mlp.experts.92.down_proj.weight_scale_inv	float32	32,16	6516c0172d43f90e5bc0c057b2d1f839f9b54d1e899e735cf3b7e412631e903c
model.language_model.layers.4.mlp.experts.92.gate_proj.weight	float8_e4m3fn	2048,4096	219a7510d99f2dd1d59853652f9991e051b77f35cbeae25c35edeeae63e5962b
model.language_model.layers.4.mlp.experts.92.gate_proj.weight_scale_inv	float32	16,32	5912d7471ea23909cb41d0f77ec67efdc5b4ab82a26b3cb0b54b528ce13dc4f7
model.language_model.layers.4.mlp.experts.92.up_proj.weight	float8_e4m3fn	2048,4096	dd1d1bed1f796f24e7171998979185cc963f0c75ffcb77b2b0f8ca5381a1de37
model.language_model.layers.4.mlp.experts.92.up_proj.weight_scale_inv	float32	16,32	a8d9df69d15229d5fcfedb174b90f9e84308d7ced9c9cc9a439169827b69cb52
model.language_model.layers.4.mlp.experts.94.down_proj.weight	float8_e4m3fn	4096,2048	e51b2ecdf4323416572f433f4da072c84c7b6963adb91a44d9a6654e06316b50
model.language_model.layers.4.mlp.experts.94.down_proj.weight_scale_inv	float32	32,16	46868144ae41e36d4849d1fc8b544e8f91d3605deb5cf1297349ec5fd64bd6eb
model.language_model.layers.4.mlp.experts.94.gate_proj.weight	float8_e4m3fn	2048,4096	8879b083e6b8bd88c0ea238f318046079433bb10baa904389af5639fbe41cba0
model.language_model.layers.4.mlp.experts.94.gate_proj.weight_scale_inv	float32	16,32	41c7aee116680b335ba671795827c173b612efa3d9a8531365324dbfc151e658
model.language_model.layers.4.mlp.experts.94.up_proj.weight	float8_e4m3fn	2048,4096	856553f20dfd9520c1b377cbfbfe017475d98b46e451cf72eca447442cd0b991
model.language_model.layers.4.mlp.experts.94.up_proj.weight_scale_inv	float32	16,32	31680229c24975d73d75f306d274febe813b850be195238cd3dc2ebd52ba8874
model.language_model.layers.4.mlp.experts.95.down_proj.weight	float8_e4m3fn	4096,2048	1f877c49049ac390aff9a998c0cf4adfff1805379c1bf816f758b261543a42bc
model.language_model.layers.4.mlp.experts.95.down_proj.weight_scale_inv	float32	32,16	9e407cdc28e99b45d029b852d49c8d8b8d0a402d2c1524e051d47e3b73fcb9a3
model.language_model.layers.4.mlp.experts.95.gate_proj.weight	float8_e4m3fn	2048,4096	7c3ce40434de53d4dd76dec2d2b93dd8e5aec71ba8769f1afb4709c343c63fd2
model.language_model.layers.4.mlp.experts.95.gate_proj.weight_scale_inv	float32	16,32	68d4a579286f7334dd49689eb683f1195d67916364c6926a9a3c844aa247c899
model.language_model.layers.4.mlp.experts.95.up_proj.weight	float8_e4m3fn	2048,4096	d2069f8268aa776e129f75fcd50ef771b2d085499d95670abac231865ee7655d
model.language_model.layers.4.mlp.experts.95.up_proj.weight_scale_inv	float32	16,32	61a4835e4a27a8e8cfefbead749012a594dd6278900b076daf19c30265251e01
model.language_model.layers.4.mlp.experts.97.down_proj.weight	float8_e4m3fn	4096,2048	f25f1896be97e128b189db5d462029fe4d2c975eacc3dfd73ec92b8f74079858
model.language_model.layers.4.mlp.experts.97.down_proj.weight_scale_inv	float32	32,16	903827cde771db3519406340a23ae3c4e7008914911989580bc77187cee577fd
model.language_model.layers.4.mlp.experts.97.gate_proj.weight	float8_e4m3fn	2048,4096	51233c8aae4f55eb18077b22d2c2292fc1579c6cb273484e35722fbcae5e5835
model.language_model.layers.4.mlp.experts.97.gate_proj.weight_scale_inv	float32	16,32	465b3668005ef565f4188fd86d4c45c8b2d1df9adf8273e406f4496a55ea3a49
model.language_model.layers.4.mlp.experts.97.up_proj.weight	float8_e4m3fn	2048,4096	d74f52153465010735a4483e81264aebfcaeff4671fb876d8c27cc7b8f056e95
model.language_model.layers.4.mlp.experts.97.up_proj.weight_scale_inv	float32	16,32	04ca0c51e69c04799e36d57f791abba1ba867826b76140ceeb284b28b02e97db
model.language_model.layers.4.mlp.gate.e_score_correction_bias	float32	288	ef3815d9a494ffa32d0ca2798a48674f6ca740f102f984c09db27ff22bfd7b65
model.language_model.layers.4.mlp.gate.weight	bfloat16	288,4096	83c9128a745a2ca2158da7029e3d8c104863b7de91f19f6776d73973db574982
model.language_model.layers.4.mlp.shared_experts.down_proj.weight	float8_e4m3fn	4096,2048	26a2280b23e54e14b1b83dd0f5e1c9e67879b8bc1dada3a27113482dfcfba81a
model.language_model.layers.4.mlp.shared_experts.down_proj.weight_scale_inv	float32	32,16	c92e9817810cf6348d1d596a996fda6daa6a24be8403c02b01c913efb101db5f
model.language_model.layers.4.mlp.shared_experts.gate_proj.weight	float8_e4m3fn	2048,4096	4d648dd1cd926ea0aff144282f1b9093c4140d220e834320461fdd94387e92f8
model.language_model.layers.4.mlp.shared_experts.gate_proj.weight_scale_inv	float32	16,32	b34a7290686bb3a6f230f9354d9a57a7ae7eed4f5cb5a055c853434c58370853
model.language_model.layers.4.mlp.shared_experts.up_proj.weight	float8_e4m3fn	2048,4096	ccc166ba2c6d7d86c5a05914e3ca7526483d43dadaed2e890c368c2cb203ed30
model.language_model.layers.4.mlp.shared_experts.up_proj.weight_scale_inv	float32	16,32	1c963496fc46e859b115140701fb4b780dbbb481e65b3e4b80c998d21698200d
model.language_model.layers.4.post_attention_layernorm.weight	bfloat16	4096	cce99ad883e5c8e3f8c3ac3776b72450ccd66b018f267a5912c91efbfe5a8940
model.language_model.layers.4.self_attn.A_log	float32	64	8adf0409b30492cbfc46eada6201fcb255df992f3def616bee8da80fd7f48263
model.language_model.layers.4.self_attn.b_proj.weight	bfloat16	64,4096	b3fb8688b446771b3b5064ed928cb11ed3fd8cc0c2f9733488aef54b4650fb23
model.language_model.layers.4.self_attn.dt_bias	float32	8192	cfd99b1acd937df8fd99781b463a56f437e4a281529a7c1d5df40c11f4e80246
model.language_model.layers.4.self_attn.f_a_proj.weight	bfloat16	128,4096	3cdac3f9cd9ac9ec71b53155649640bc22d8aab31fc5253c70a1b7caab45511b
model.language_model.layers.4.self_attn.f_b_proj.weight	bfloat16	8192,128	6e9a1e1a032b4fd6600bf9ec5700d6e8394cfe5c52b0d9d2c61504d9e1d1d3b2
model.language_model.layers.4.self_attn.g_a_proj.weight	bfloat16	128,4096	8b38ff06d4cb7ade90bf0d3beb680620bc890f1fa06fb5974845486f2541b0e9
model.language_model.layers.4.self_attn.g_b_proj.weight	bfloat16	8192,128	1ba0817e03078c1074ad09125cd60cd7de51a8f753675c6fb7188e403a2d9038
model.language_model.layers.4.self_attn.k_conv1d.weight	bfloat16	8192,1,4	88b5a382ea41b73ad465868565b2a624501ecb45388b448820460fd3b86f1697
model.language_model.layers.4.self_attn.k_proj.weight	bfloat16	8192,4096	6aabd36224d9d6779da7f6ce3bf27f6afa02df2e01d7df5d67d1d5d1e4497c3c
model.language_model.layers.4.self_attn.o_norm.weight	bfloat16	128	f043e7db801db5a4c169edfb000f42bc1fda6f7db0ad655bb8858770c0656e89
model.language_model.layers.4.self_attn.o_proj.weight	bfloat16	4096,8192	af23646d97a420cc2767dc851af33910ba5c9ce5bbd9a9b6b1bafd84681e5916
model.language_model.layers.4.self_attn.q_conv1d.weight	bfloat16	8192,1,4	78880c12518d8f66c21ba300ef838c84c63611faec7f558d531f333c8534b080
model.language_model.layers.4.self_attn.q_proj.weight	bfloat16	8192,4096	6191922281019f3afef3cbe12ae39eb734349e27ec5cae9786333ffeba7d3f19
model.language_model.layers.4.self_attn.v_conv1d.weight	bfloat16	8192,1,4	471d17f303ea7c5dc5f602a5853717d0054b5e8b609db77eca1b37b6153f4600
model.language_model.layers.4.self_attn.v_proj.weight	bfloat16	8192,4096	6734cb8304da8280350c4511efae097308b53172e34592471ae8b38d5b43e13d
model.language_model.norm.weight	bfloat16	4096	aeae580add5eb1328bd06dbf47a218b316e01d7ecf857fb4ab8e987973f7ed22
